M,N,K,shape_class,dtype,latency_us_wallclock,latency_us_device,cycles_compute,recompiled,status
2112,64,64,tall,bf16,146.4100,1.5646,2493,0,ok
16,257,768,grid,bf16,142.4200,1.6647,7163,0,ok
128,128,1151,deepK,bf16,146.2700,1.8074,4589,0,ok
4096,1536,256,grid,bf16,154.3000,7.5813,107471,0,ok
4096,512,256,grid,bf16,148.7900,4.5054,35823,0,ok
384,96,1,grid,bf16,140.6800,0.5495,765,0,ok
512,1024,96,grid,bf16,145.8400,1.7521,7151,0,ok
256,1,127,grid,bf16,132.9200,1.1127,637,0,ok
1327,241,22,random,bf16,136.2300,1.4223,3417,0,ok
256,8192,64,wide_output,bf16,134.6100,3.4702,40831,0,ok
2048,1,127,grid,bf16,133.5200,1.8080,2429,0,ok
1,3312,3966,random,bf16,147.0600,25.5596,308697,0,ok
128,127,1,grid,bf16,134.3900,0.4473,509,0,ok
615,212,50,random,bf16,135.0900,1.3218,1993,0,ok
96,4,1,grid,bf16,131.8200,0.4107,477,0,ok
124,10,5,random,bf16,133.1000,1.1062,505,0,ok
4,2048,384,grid,bf16,134.2400,2.5014,18527,0,ok
8,289,64,wide_output,bf16,135.0700,1.6499,1169,0,ok
4,192,1024,grid,bf16,132.2700,2.1659,6175,0,ok
192,1,1536,grid,bf16,137.4000,2.2919,6887,0,ok
256,129,128,grid,bf16,130.6800,1.2976,1275,0,ok
1,1,545,deepK,bf16,134.9800,1.9725,1914,0,ok
756,17,2320,random,bf16,135.4400,4.2496,21621,0,ok
96,127,129,grid,bf16,131.9190,1.2370,955,0,ok
4,512,1,grid,bf16,129.1400,0.4307,1543,0,ok
192,1,127,grid,bf16,132.0100,1.1064,573,0,ok
4096,4,96,grid,bf16,131.0600,1.8059,4477,0,ok
2,2,187,random,bf16,133.1600,1.0066,767,0,ok
768,1536,2048,grid,bf16,137.0900,12.0682,220799,0,ok
3,6780,373,random,bf16,132.3100,5.5965,61214,0,ok
127,384,64,grid,bf16,132.0000,1.2596,1526,0,ok
2,4096,1,grid,bf16,130.2200,1.1051,12287,0,ok
16,1,2,grid,bf16,127.2000,0.4444,397,0,ok
8,1536,4,grid,bf16,132.5900,1.1041,4679,0,ok
2048,4,192,grid,bf16,130.7700,1.8146,4859,0,ok
1,1287,140,random,bf16,134.1500,1.5006,8425,0,ok
129,257,32,grid,bf16,130.4600,1.2227,1532,0,ok
256,1024,8,grid,bf16,129.6400,1.8927,5103,0,ok
1,8,1627,random,bf16,133.3800,1.7228,4978,0,ok
16,512,4096,grid,bf16,133.6000,4.8062,50943,0,ok
1536,4096,32,grid,bf16,139.5700,6.1554,61375,0,ok
2490,8,3,random,bf16,131.4300,1.1668,2871,0,ok
129,257,257,grid,bf16,131.9900,1.4705,4598,0,ok
6059,26,71,random,bf16,132.7500,2.5424,6440,0,ok
197,224,69,random,bf16,130.8200,1.2979,1157,0,ok
16,16,1032,deepK,bf16,128.8900,1.1765,3581,0,ok
512,8,4096,grid,bf16,133.8700,5.1805,28607,0,ok
250,371,73,random,bf16,130.7700,1.3141,1895,0,ok
16,768,1,grid,bf16,127.0100,0.9825,2387,0,ok
768,384,64,grid,bf16,131.3500,1.4801,3449,0,ok
2,2,384,grid,bf16,125.3400,0.9860,1151,0,ok
64,384,512,grid,bf16,130.4900,1.5618,5351,0,ok
64,4,4096,grid,bf16,128.6500,1.6364,14271,0,ok
512,64,4096,grid,bf16,134.2500,5.5394,28607,0,ok
1,16,127,grid,bf16,130.8300,1.0506,382,0,ok
256,512,129,grid,bf16,131.4400,1.4493,5103,0,ok
8,1025,8,fat,bf16,129.2200,1.6250,3509,0,ok
256,256,289,deepK,bf16,132.3600,1.5119,3827,0,ok
96,2048,96,grid,bf16,130.5300,1.5643,7647,0,ok
127,512,4,grid,bf16,130.7000,1.2111,2035,0,ok
156,1,798,random,bf16,132.4700,1.9915,3765,0,ok
128,1024,127,grid,bf16,131.7100,1.5025,4079,0,ok
768,129,127,grid,bf16,131.4800,1.3900,2299,0,ok
192,96,4,grid,bf16,131.1800,1.1208,573,0,ok
189,5,9,random,bf16,128.7200,1.0516,570,0,ok
2048,512,96,grid,bf16,132.0000,2.3952,9719,0,ok
4096,96,64,grid,bf16,131.4600,1.8462,4477,0,ok
6678,1059,171,random,bf16,138.2100,8.3100,127079,0,ok
256,16,127,grid,bf16,132.7400,1.6429,637,0,ok
8,192,128,grid,bf16,131.0500,1.6306,779,0,ok
129,1536,2048,grid,bf16,136.2800,7.3290,98111,0,ok
256,192,192,grid,bf16,130.8300,1.3811,2551,0,ok
1,96,4096,grid,bf16,133.1400,2.6275,12255,0,ok
384,768,16,grid,bf16,133.2000,1.4430,4595,0,ok
32,192,4,grid,bf16,130.1400,1.0353,827,0,ok
96,1024,256,grid,bf16,132.2100,1.7494,7647,0,ok
8,1120,64,wide_output,bf16,130.9600,1.7974,3509,0,ok
4640,1,16,random,bf16,135.2200,1.3025,5021,0,ok
4160,16,16,tall,bf16,131.9000,1.8879,4541,0,ok
1,576,128,gemv_wideN,bf16,131.3200,1.2938,1914,0,ok
1536,4,4,grid,bf16,131.3500,1.1319,1917,0,ok
256,256,576,deepK,bf16,132.2300,1.7599,6379,0,ok
96,32,257,grid,bf16,130.6900,1.1926,1433,0,ok
16,2049,16,fat,bf16,127.0200,1.6871,6765,0,ok
384,96,256,grid,bf16,131.9200,1.4081,1531,0,ok
130,3099,570,random,bf16,131.7900,4.9667,63999,0,ok
32,64,256,grid,bf16,128.6600,1.1061,827,0,ok
156,54,274,random,bf16,128.7100,1.2992,1613,0,ok
11,1182,306,random,bf16,129.5900,1.8716,11789,0,ok
1,8193,128,gemv_wideN,bf16,133.1800,4.5600,24894,0,ok
257,257,192,grid,bf16,128.0300,1.4952,3833,0,ok
32,96,127,grid,bf16,132.2800,1.6415,413,0,ok
44,2544,35,random,bf16,130.4500,2.0032,8519,0,ok
768,8,2,grid,bf16,130.6900,1.0308,1149,0,ok
768,192,4,grid,bf16,129.0900,1.2031,2299,0,ok
4,96,384,grid,bf16,132.9000,1.6787,1157,0,ok
768,1,257,grid,bf16,132.2600,1.5685,3449,0,ok
64,16,2048,grid,bf16,127.4200,1.4465,7135,0,ok
16,768,2048,grid,bf16,131.3200,3.8700,38207,0,ok
64,64,2144,deepK,bf16,128.9100,1.6351,7581,0,ok
2062,781,14,random,bf16,135.9400,2.7535,17107,0,ok
16,128,32,grid,bf16,133.3700,1.6426,397,0,ok
1088,256,256,tall,bf16,134.7900,1.8347,5879,0,ok
4,630,173,random,bf16,132.7300,1.9205,3859,0,ok
8,4096,64,grid,bf16,133.5300,2.1276,12479,0,ok
127,1,96,grid,bf16,132.7100,1.0943,508,0,ok
10,2,2318,random,bf16,133.2000,1.7542,7447,0,ok
128,4,257,grid,bf16,133.8300,1.7565,1529,0,ok
16,8192,64,wide_output,bf16,132.9000,2.7029,25471,0,ok
29,10,20,random,bf16,134.9700,1.0523,410,0,ok
96,128,96,grid,bf16,131.3600,1.1671,477,0,ok
16,129,256,grid,bf16,131.6200,1.7518,1591,0,ok
768,96,32,grid,bf16,134.7900,1.8002,1149,0,ok
284,2,1589,random,bf16,134.1600,2.6741,8657,0,ok
1,1616,20,random,bf16,132.5900,1.1626,4978,0,ok
1,545,16,gemv_wideN,bf16,132.7400,1.0496,1914,0,ok
2048,128,128,tall,bf16,130.7200,1.7837,2429,0,ok
1024,257,127,grid,bf16,130.1600,1.5668,4217,0,ok
32,11,23,random,bf16,128.1600,1.0977,413,0,ok
1,1,4097,deepK,bf16,128.4600,2.1503,12638,0,ok
129,192,32,grid,bf16,127.3700,1.1705,1021,0,ok
512,4096,2048,grid,bf16,138.3300,19.1968,457727,0,ok
257,127,1,grid,bf16,125.7400,0.4933,638,0,ok
35,4528,62,random,bf16,131.4700,2.2796,15011,0,ok
8,8,1120,deepK,bf16,128.6900,1.1014,3509,0,ok
32,1093,83,random,bf16,126.8600,1.9685,3725,0,ok
256,127,96,grid,bf16,130.4800,1.3026,637,0,ok
32,8,127,grid,bf16,127.9200,1.0357,413,0,ok
4096,512,192,grid,bf16,141.7600,4.0515,35823,0,ok
15,748,12,random,bf16,133.4400,1.6441,2381,0,ok
9,163,976,random,bf16,131.5700,1.5430,6255,0,ok
192,256,1024,grid,bf16,133.7500,1.9291,9183,0,ok
10,4230,1657,random,bf16,138.3900,14.8023,173263,0,ok
96,1536,96,grid,bf16,133.8000,1.4809,5735,0,ok
4,1536,192,grid,bf16,130.4900,2.2796,9263,0,ok
257,4,1536,grid,bf16,131.4700,1.9561,7667,0,ok
768,129,256,grid,bf16,130.6100,1.6583,4599,0,ok
256,289,64,wide_output,bf16,132.5700,1.2955,1913,0,ok
192,128,192,grid,bf16,131.9500,1.2940,1147,0,ok
2,384,1024,grid,bf16,133.7900,2.4106,9215,0,ok
256,1536,768,grid,bf16,134.7200,3.9393,45935,0,ok
127,1,512,grid,bf16,134.1800,1.8286,2035,0,ok
107,3,1,random,bf16,130.4900,0.4149,488,0,ok
256,256,2081,deepK,bf16,135.9600,3.0789,21691,0,ok
129,256,768,grid,bf16,133.0400,1.6463,6131,0,ok
64,64,8288,deepK,bf16,135.2300,2.9279,28989,0,ok
2048,1024,96,grid,bf16,137.0200,3.2405,19439,0,ok
2047,2,5,random,bf16,132.9000,1.1056,2428,0,ok
96,16,512,grid,bf16,132.5400,1.2181,1911,0,ok
512,32,1024,grid,bf16,135.2100,2.2196,7151,0,ok
257,32,4,grid,bf16,132.8900,1.1546,638,0,ok
768,2048,4096,grid,bf16,146.1100,23.9936,588799,0,ok
64,2048,32,grid,bf16,131.4500,1.8957,7135,0,ok
5444,350,287,random,bf16,137.1600,6.5674,52433,0,ok
1414,140,1,random,bf16,132.7200,1.3507,3591,0,ok
96,129,512,grid,bf16,131.3000,1.3805,3823,0,ok
1,2056,64,wide_output,bf16,131.7000,1.3512,6510,0,ok
257,1536,129,grid,bf16,132.3400,1.8349,15335,0,ok
384,32,4,grid,bf16,133.7400,1.1344,765,0,ok
772,42,1083,random,bf16,133.7700,2.9863,10385,0,ok
64,512,1536,grid,bf16,132.7800,2.6616,21407,0,ok
32,96,1024,grid,bf16,130.7900,1.3782,3311,0,ok
256,1,16,grid,bf16,139.2500,1.0247,637,0,ok
391,1608,42,random,bf16,133.7300,1.8665,10048,0,ok
127,1536,16,grid,bf16,130.7000,1.9625,6107,0,ok
128,384,32,grid,bf16,130.9400,1.7844,1529,0,ok
128,257,257,grid,bf16,126.2000,1.5258,4589,0,ok
1,64,127,grid,bf16,130.3700,1.0792,382,0,ok
192,384,192,grid,bf16,130.6300,1.4108,3443,0,ok
2048,768,768,grid,bf16,136.4200,7.3389,87479,0,ok
1,383,256,gemv_wideN,bf16,132.7800,1.2979,2297,0,ok
128,32,64,grid,bf16,131.3400,1.6269,509,0,ok
257,32,192,grid,bf16,128.7700,1.3273,1277,0,ok
32,16,4096,grid,bf16,132.1310,1.5124,13247,0,ok
8,1032,64,wide_output,bf16,130.2600,1.7899,3509,0,ok
1,96,64,grid,bf16,131.1900,1.0352,382,0,ok
128,2048,32,grid,bf16,133.6600,2.1095,8159,0,ok
6,4,63,random,bf16,129.5000,0.9740,387,0,ok
1,192,129,grid,bf16,129.5900,1.1674,1531,0,ok
1273,1,3107,random,bf16,137.3500,7.6461,41374,0,ok
127,8,96,grid,bf16,126.7900,1.0975,508,0,ok
16,8225,64,wide_output,bf16,130.2100,2.0951,25869,0,ok
127,32,768,grid,bf16,131.7500,1.3513,3053,0,ok
384,4096,256,grid,bf16,132.8300,4.6782,49023,0,ok
8200,1,1,tall,bf16,129.7690,1.6218,8581,0,ok
127,768,4,grid,bf16,130.7800,1.2526,3053,0,ok
8200,8192,64,thinK,bf16,216.7600,241.1445,549247,0,ok
256,4192,256,fat,bf16,132.3100,3.7187,42107,0,ok
127,512,4096,grid,bf16,134.6700,6.1950,65151,0,ok
527,92,436,random,bf16,130.4400,1.8209,3635,0,ok
127,512,16,grid,bf16,131.7900,1.7997,2035,0,ok
2,129,32,grid,bf16,126.5900,1.0478,767,0,ok
4096,384,256,grid,bf16,136.2200,4.0407,26867,0,ok
16,4,512,grid,bf16,126.6500,1.6231,1591,0,ok
96,768,2,grid,bf16,127.2900,1.1962,2867,0,ok
127,2048,16,grid,bf16,129.7300,2.0199,8143,0,ok
7,1,7906,random,bf16,133.0700,2.0399,24117,0,ok
1536,768,256,grid,bf16,137.3200,2.8798,23015,0,ok
804,76,2790,random,bf16,135.0900,5.9384,26091,0,ok
1425,737,1,random,bf16,134.8900,2.5820,10841,0,ok
1,128,32,grid,bf16,130.8400,1.0365,382,0,ok
2048,2048,384,grid,bf16,137.3000,8.7481,116639,0,ok
256,4096,512,grid,bf16,136.7000,5.9331,81663,0,ok
16,256,384,grid,bf16,128.5400,1.2921,2387,0,ok
127,1,1536,grid,bf16,131.4300,2.1206,6107,0,ok
128,64,257,grid,bf16,130.2100,1.2282,1529,0,ok
288,996,293,random,bf16,132.0200,2.1182,16079,0,ok
1024,64,1536,grid,bf16,135.7500,4.2573,16871,0,ok
5766,5,3,random,bf16,133.6100,1.2143,6147,0,ok
4096,1,128,grid,bf16,136.3300,2.4906,4477,0,ok
129,4096,96,grid,bf16,132.2000,2.2738,16351,0,ok
8,96,2048,grid,bf16,132.2300,1.5410,6239,0,ok
127,16,1024,grid,bf16,128.0300,1.4169,4071,0,ok
1,1120,128,gemv_wideN,bf16,133.8100,1.5044,3446,0,ok
3,328,82,random,bf16,129.0400,1.1060,1154,0,ok
1025,8,8,tall,bf16,127.6600,1.1320,1406,0,ok
257,16,1,grid,bf16,125.1600,0.4336,638,0,ok
127,4096,1,grid,bf16,134.9400,1.5056,16287,0,ok
2,768,192,grid,bf16,133.1600,1.3795,4607,0,ok
768,512,512,grid,bf16,132.5500,2.5867,18399,0,ok
461,189,1088,random,bf16,133.4100,2.5694,15173,0,ok
128,576,64,wide_output,bf16,129.8500,1.3078,2549,0,ok
834,2,4756,random,bf16,138.3900,9.0356,46207,0,ok
8,384,1536,grid,bf16,131.7300,2.2068,14039,0,ok
1536,192,2,grid,bf16,133.9300,1.3074,3835,0,ok
32,8,192,grid,bf16,133.8800,1.6243,827,0,ok
1536,2048,2048,grid,bf16,147.7900,23.0386,491007,0,ok
1,32,1,grid,bf16,133.3100,0.9409,382,0,ok
129,192,512,grid,bf16,157.9700,1.5032,4087,0,ok
2048,512,127,grid,bf16,134.6900,2.4613,9719,0,ok
512,129,128,grid,bf16,131.2200,1.3466,1787,0,ok
2622,4751,5,random,bf16,146.2900,11.6826,114151,0,ok
96,384,2,grid,bf16,131.2400,0.5908,1433,0,ok
384,16,1024,grid,bf16,132.3700,1.9625,6127,0,ok
8,27,31,random,bf16,132.2300,1.0396,389,0,ok
1,1120,64,wide_output,bf16,132.5200,1.2596,3446,0,ok
129,4096,768,grid,bf16,149.2200,7.2384,98111,0,ok
768,4096,1536,grid,bf16,152.9300,19.0108,441599,0,ok
1536,64,1024,grid,bf16,142.1500,4.2757,15343,0,ok
384,127,2,grid,bf16,139.1400,0.6332,765,0,ok
512,96,96,grid,bf16,143.1900,1.3282,893,0,ok
128,264,128,fat,bf16,141.6100,1.3303,1529,0,ok
96,384,1024,grid,bf16,140.8600,2.0377,11471,0,ok
129,128,512,grid,bf16,142.0000,1.4499,2043,0,ok
257,96,127,grid,bf16,140.8800,1.3244,638,0,ok
768,2048,1024,grid,bf16,149.0300,9.2965,147199,0,ok
32,257,127,grid,bf16,138.9900,1.8147,1241,0,ok
7810,110,46,random,bf16,140.2700,2.4398,8191,0,ok
64,384,32,grid,bf16,138.5900,1.7893,1337,0,ok
216,2,160,random,bf16,139.5100,1.2011,1195,0,ok
128,8192,128,fat,bf16,136.1200,3.9434,32639,0,ok
16,1024,2,grid,bf16,130.5000,1.1133,3183,0,ok
128,1,4,grid,bf16,139.1500,0.4522,509,0,ok
128,256,129,grid,bf16,133.4500,1.3159,2039,0,ok
768,127,16,grid,bf16,133.1200,1.8100,1149,0,ok
60,5396,247,random,bf16,138.3400,3.7761,38011,0,ok
256,16,1,grid,bf16,133.4700,0.4447,637,0,ok
32,16,1,grid,bf16,137.3600,0.4264,413,0,ok
1,127,75,random,bf16,139.1100,1.0535,382,0,ok
2048,8,257,grid,bf16,136.2100,2.1645,7289,0,ok
257,32,2048,grid,bf16,139.8900,2.3991,10223,0,ok
1,10,962,random,bf16,140.2200,1.7441,3063,0,ok
4097,128,128,tall,bf16,140.1700,2.8493,4478,0,ok
2,8,174,random,bf16,138.3100,1.0408,767,0,ok
96,1024,257,grid,bf16,139.3700,1.8362,11471,0,ok
1536,127,32,grid,bf16,139.4800,1.9044,1917,0,ok
2,192,8,grid,bf16,137.1700,1.1087,767,0,ok
64,1120,64,fat,bf16,137.8900,1.3162,4013,0,ok
1536,32,192,grid,bf16,137.2400,1.6898,3835,0,ok
32,129,8,grid,bf16,135.4000,1.1217,827,0,ok
64,8,4096,grid,bf16,133.8800,1.7110,14271,0,ok
4,96,768,grid,bf16,134.6200,1.9001,2315,0,ok
129,96,1024,grid,bf16,134.1200,1.6403,4087,0,ok
2048,96,2048,grid,bf16,139.9500,9.5393,38879,0,ok
687,296,4015,random,bf16,141.2100,8.8536,102623,0,ok
8,384,8,grid,bf16,135.1600,1.0418,1169,0,ok
8,384,4096,grid,bf16,137.4800,3.8685,37439,0,ok
96,256,2048,grid,bf16,138.3400,2.3834,15295,0,ok
96,2,1536,grid,bf16,131.3600,1.9852,5735,0,ok
990,42,3957,random,bf16,139.4900,9.0282,42531,0,ok
768,16,257,grid,bf16,151.7600,1.5362,3449,0,ok
129,128,128,grid,bf16,132.0000,1.2085,510,0,ok
1331,614,1,random,bf16,140.9700,2.4379,8564,0,ok
2,128,1024,grid,bf16,131.1400,1.9680,3071,0,ok
127,127,2,grid,bf16,132.2600,0.5777,508,0,ok
64,1024,768,grid,bf16,137.1700,2.6181,21407,0,ok
129,4,16,grid,bf16,132.3100,1.0519,510,0,ok
1,127,129,grid,bf16,132.1700,1.1316,765,0,ok
1536,768,257,grid,bf16,135.7900,3.6495,34523,0,ok
257,127,96,grid,bf16,135.8700,1.2550,638,0,ok
768,2,2,grid,bf16,132.7200,1.1223,1149,0,ok
256,8,768,grid,bf16,133.6100,1.5818,3827,0,ok
22,7842,252,random,bf16,137.5200,5.0793,50095,0,ok
50,151,13,random,bf16,133.4500,1.7561,863,0,ok
3728,1,2433,random,bf16,144.1100,15.3864,82199,0,ok
1,520,128,gemv_wideN,bf16,138.4900,1.3147,1914,0,ok
4096,16,1,grid,bf16,134.7600,1.1222,4477,0,ok
127,512,128,grid,bf16,135.3900,1.3483,2035,0,ok
81,157,905,random,bf16,137.0400,1.6460,7407,0,ok
192,1536,4,grid,bf16,136.4300,1.9051,6887,0,ok
128,512,96,grid,bf16,133.1200,1.3378,2039,0,ok
22,75,547,random,bf16,136.3500,1.2609,2019,0,ok
4,32,1,grid,bf16,133.2100,0.4112,385,0,ok
512,1536,384,grid,bf16,139.0100,3.3816,32183,0,ok
1,8200,256,gemv_wideN,bf16,141.7400,6.6123,49789,0,ok
64,1536,257,grid,bf16,137.8000,2.0354,16055,0,ok
197,2,33,random,bf16,138.3300,1.1325,578,0,ok
256,64,512,grid,bf16,137.6500,1.4925,2551,0,ok
384,64,64,grid,bf16,132.4200,1.2368,765,0,ok
1024,1,2,grid,bf16,136.2700,1.0787,1405,0,ok
512,16,129,grid,bf16,136.2100,1.8114,1787,0,ok
64,2048,16,grid,bf16,135.2700,1.9057,7135,0,ok
257,8,1,grid,bf16,132.7800,0.4503,638,0,ok
1024,257,1,grid,bf16,139.8100,1.4491,4217,0,ok
1,2144,64,wide_output,bf16,137.1300,1.3907,6510,0,ok
96,128,768,grid,bf16,136.2200,1.5157,2867,0,ok
127,129,32,grid,bf16,132.3500,1.7653,1017,0,ok
384,256,32,grid,bf16,137.4400,1.3183,1531,0,ok
6371,45,3108,random,bf16,144.6600,36.2918,168824,0,ok
8,1,1536,grid,bf16,135.4400,1.7629,4679,0,ok
384,257,16,grid,bf16,133.2300,1.3072,2297,0,ok
256,1536,4,grid,bf16,134.5700,1.9543,7655,0,ok
1,256,4,grid,bf16,134.7500,0.4417,765,0,ok
127,2,4,grid,bf16,131.4200,0.4563,508,0,ok
64,8,768,grid,bf16,131.6500,1.2480,2675,0,ok
11,78,3781,random,bf16,138.4300,1.9149,11789,0,ok
8,768,192,grid,bf16,135.5900,2.0188,4679,0,ok
768,64,1536,grid,bf16,134.1200,3.5804,13799,0,ok
64,1057,64,fat,bf16,134.6500,1.3218,4013,0,ok
1024,129,2,grid,bf16,138.5800,1.2326,2811,0,ok
1536,192,127,grid,bf16,132.8700,1.7201,3835,0,ok
384,2,256,grid,bf16,130.9300,1.3145,1531,0,ok
64,257,2048,grid,bf16,137.0900,2.5116,21407,0,ok
128,128,8225,deepK,bf16,132.2100,4.7353,33149,0,ok
32,4096,192,grid,bf16,137.0500,2.5393,26495,0,ok
16,256,127,grid,bf16,133.7200,1.7351,795,0,ok
2048,4096,32,grid,bf16,150.6200,8.2044,77759,0,ok
32,16,384,grid,bf16,138.1200,1.1191,1241,0,ok
64,96,1536,grid,bf16,139.6800,1.6092,5351,0,ok
96,96,256,grid,bf16,135.1100,1.2612,955,0,ok
1024,4,16,grid,bf16,133.9000,1.1198,1405,0,ok
923,1586,2,random,bf16,140.4000,2.6259,16964,0,ok
192,256,128,grid,bf16,133.5800,1.2480,1147,0,ok
64,4,4,grid,bf16,132.3200,1.0742,445,0,ok
192,1,256,grid,bf16,135.9100,1.2252,1147,0,ok
1,576,64,wide_output,bf16,134.6700,1.1615,1914,0,ok
34,3,3098,random,bf16,136.3500,1.4078,10399,0,ok
3,2,2,random,bf16,132.7900,0.5242,384,0,ok
2,1536,96,grid,bf16,135.6990,1.4085,4607,0,ok
768,128,4096,grid,bf16,143.0000,8.0501,36799,0,ok
8,4,16,grid,bf16,130.8200,0.9905,389,0,ok
8,513,64,wide_output,bf16,134.7000,1.7634,1949,0,ok
128,8,384,grid,bf16,134.2200,1.8123,1529,0,ok
512,1,1,grid,bf16,132.6900,1.4535,893,0,ok
1,70,176,random,bf16,136.5100,1.1558,765,0,ok
32,64,64,grid,bf16,133.0100,1.6462,413,0,ok
64,128,128,grid,bf16,134.2300,1.1621,445,0,ok
2,2048,2,grid,bf16,132.2800,1.0729,6143,0,ok
257,32,127,grid,bf16,131.0200,1.7890,638,0,ok
768,257,192,grid,bf16,138.7300,1.6216,6899,0,ok
20,1940,1628,random,bf16,131.4000,7.6003,83615,0,ok
108,771,1,random,bf16,131.8200,1.1282,3429,0,ok
1,8193,16,gemv_wideN,bf16,133.3900,1.4945,24894,0,ok
32,32,4,grid,bf16,133.7000,1.0766,413,0,ok
33,1083,281,random,bf16,134.0900,1.7678,11204,0,ok
1,639,256,gemv_wideN,bf16,131.7600,1.4279,3829,0,ok
1640,17,4,random,bf16,133.9400,1.1924,2021,0,ok
127,257,1,grid,bf16,131.6200,0.4778,1526,0,ok
1263,19,55,random,bf16,132.6600,1.8957,1644,0,ok
16,257,384,grid,bf16,133.6600,1.3450,3581,0,ok
243,7,21,random,bf16,131.9000,1.0456,624,0,ok
16,1536,1536,grid,bf16,138.6000,5.2249,57311,0,ok
192,257,2,grid,bf16,132.2600,0.5715,1721,0,ok
1,75,3201,random,bf16,132.9500,2.3053,9957,0,ok
768,256,192,grid,bf16,136.0200,1.6265,4599,0,ok
127,64,32,grid,bf16,130.6800,1.7113,508,0,ok
256,1536,127,grid,bf16,137.4100,1.7449,7655,0,ok
2,8,512,grid,bf16,134.6900,1.1193,1535,0,ok
1024,64,1,grid,bf16,132.3600,1.2503,1405,0,ok
32,32,1536,grid,bf16,134.4400,1.3113,4967,0,ok
41,1,1381,random,bf16,134.2300,1.8987,4652,0,ok
64,64,8319,deepK,bf16,134.5000,2.9508,28989,0,ok
2048,256,2048,grid,bf16,141.1800,10.2116,77759,0,ok
16,129,128,grid,bf16,134.1800,1.7078,795,0,ok
2048,128,16,grid,bf16,133.8500,1.8986,2429,0,ok
2682,765,71,random,bf16,144.8600,3.3738,18383,0,ok
64,128,64,grid,bf16,137.2900,1.1315,445,0,ok
4096,4,129,grid,bf16,134.1100,2.1334,8955,0,ok
25,16,2,random,bf16,135.6500,0.5287,406,0,ok
768,512,4,grid,bf16,139.1900,1.3898,4599,0,ok
192,129,32,grid,bf16,132.5200,1.2121,1147,0,ok
16,1024,1536,grid,bf16,139.1100,3.8592,38207,0,ok
256,2175,256,fat,bf16,139.3900,2.4889,21691,0,ok
257,512,64,grid,bf16,136.6000,1.3159,2555,0,ok
192,256,192,grid,bf16,135.9100,1.3119,2295,0,ok
1536,64,64,grid,bf16,132.1100,1.4364,1917,0,ok
127,1536,1536,grid,bf16,139.8500,6.3535,73295,0,ok
2048,192,129,grid,bf16,138.6000,1.9004,9719,0,ok
1024,192,64,grid,bf16,137.0200,1.4472,2811,0,ok
257,768,768,grid,bf16,133.3200,2.6194,23003,0,ok
96,61,76,random,bf16,133.5800,1.1182,477,0,ok
416,2956,4,random,bf16,131.6300,2.1726,19151,0,ok
528,12,29,random,bf16,134.3800,1.7447,909,0,ok
4127,18,191,random,bf16,134.0100,2.4903,9017,0,ok
128,129,96,grid,bf16,134.2500,1.2130,1019,0,ok
384,768,4096,grid,bf16,140.4500,9.7077,147071,0,ok
127,512,64,grid,bf16,129.7800,1.2783,2035,0,ok
1024,129,192,grid,bf16,135.4300,1.6178,5623,0,ok
4,256,129,grid,bf16,132.2100,1.6444,1543,0,ok
512,4,768,grid,bf16,133.4000,2.5082,5363,0,ok
1,320,64,wide_output,bf16,135.8900,1.1241,1148,0,ok
2048,8,512,grid,bf16,133.2700,3.1525,9719,0,ok
257,768,16,grid,bf16,135.2500,1.3150,3833,0,ok
4,32,127,grid,bf16,132.0500,1.0525,385,0,ok
96,4096,192,grid,bf16,134.3800,2.6981,30591,0,ok
257,257,129,grid,bf16,132.7500,1.4579,3833,0,ok
1032,64,64,tall,bf16,132.7900,1.3401,1413,0,ok
192,256,16,grid,bf16,135.5600,1.7673,1147,0,ok
127,192,129,grid,bf16,134.0400,1.3169,2035,0,ok
1,384,1024,grid,bf16,135.0000,2.4539,9191,0,ok
7,166,1,random,bf16,132.7900,0.4340,777,0,ok
4096,256,64,grid,bf16,135.2600,2.3824,8955,0,ok
1536,256,192,grid,bf16,140.4000,1.9609,7671,0,ok
4096,127,127,grid,bf16,135.0300,2.3153,4477,0,ok
4,144,10,random,bf16,131.9600,1.0482,771,0,ok
1,4096,4,grid,bf16,130.7200,1.1229,12255,0,ok
2081,128,128,tall,bf16,134.1500,2.0169,2462,0,ok
192,64,4,grid,bf16,131.7800,1.1242,573,0,ok
303,5,6,random,bf16,134.4600,1.1205,684,0,ok
42,2,1067,random,bf16,132.2900,1.8419,3815,0,ok
256,384,1024,grid,bf16,133.3800,2.3763,15311,0,ok
128,256,1536,grid,bf16,137.6100,2.2952,12239,0,ok
4160,64,64,tall,bf16,132.2200,1.8305,4541,0,ok
384,384,128,grid,bf16,136.1800,1.4726,2297,0,ok
4096,257,257,grid,bf16,139.2000,4.3416,40301,0,ok
43,2,4,random,bf16,138.5900,0.4507,424,0,ok
32,256,1,grid,bf16,132.5900,0.4333,827,0,ok
1,1024,1536,grid,bf16,134.7200,4.7461,36767,0,ok
256,192,4,grid,bf16,133.7600,1.1846,1275,0,ok
537,2,176,random,bf16,135.3400,1.3131,1837,0,ok
64,2,16,grid,bf16,132.6000,1.0468,445,0,ok
1536,2048,384,grid,bf16,140.0300,7.3728,92063,0,ok
96,32,192,grid,bf16,131.6600,1.1709,955,0,ok
447,322,215,random,bf16,138.6100,1.6089,4973,0,ok
768,96,1536,grid,bf16,139.9300,3.6482,13799,0,ok
64,64,1024,deepK,bf16,134.2200,1.3920,3567,0,ok
128,96,1536,grid,bf16,137.2600,1.7727,6119,0,ok
160,2,25,random,bf16,132.4300,1.0839,541,0,ok
89,36,7929,random,bf16,139.9500,3.0634,29201,0,ok
1,4287,2028,random,bf16,142.8100,16.0576,208351,0,ok
4,192,2,grid,bf16,131.7900,0.5264,771,0,ok
101,13,2715,random,bf16,134.7900,1.8013,10625,0,ok
256,2048,127,grid,bf16,141.4500,1.9803,10207,0,ok
32,32,128,grid,bf16,133.7100,1.6535,413,0,ok
17,433,4572,random,bf16,140.4800,5.2107,57455,0,ok
16,16,1120,deepK,bf16,132.6200,1.1626,3581,0,ok
1009,49,9,random,bf16,132.8500,1.8031,1390,0,ok
4096,16,2,grid,bf16,132.2900,1.2056,4477,0,ok
768,1536,256,grid,bf16,136.1400,2.8800,27599,0,ok
2623,32,2392,random,bf16,137.1400,12.1122,57094,0,ok
1106,136,147,random,bf16,134.2800,1.6452,5951,0,ok
4456,1,2,random,bf16,133.1800,1.1071,4837,0,ok
1536,768,8,grid,bf16,137.6000,2.0233,11507,0,ok
2,384,8,grid,bf16,133.9300,1.0115,1151,0,ok
1536,1536,16,grid,bf16,137.7600,2.9541,23015,0,ok
147,287,306,random,bf16,132.4100,1.5301,4760,0,ok
2873,267,368,random,bf16,138.6400,4.2441,29294,0,ok
4096,4096,2,grid,bf16,147.7400,15.0637,143295,0,ok
4096,128,64,grid,bf16,136.5600,1.9300,4477,0,ok
64,4096,257,grid,bf16,137.2400,3.2819,42815,0,ok
127,768,64,grid,bf16,133.1100,1.3028,3053,0,ok
2048,129,32,grid,bf16,131.6800,1.4437,4859,0,ok
1024,4096,384,grid,bf16,139.0900,10.8409,134975,0,ok
128,384,4096,grid,bf16,137.3400,5.0061,48959,0,ok
136,2983,1433,random,bf16,138.9500,9.7455,149183,0,ok
768,2,8,grid,bf16,135.0900,1.0419,1149,0,ok
1,128,129,grid,bf16,132.7700,1.1036,765,0,ok
32,512,512,grid,bf16,133.2400,1.6275,6623,0,ok
2048,4096,64,grid,bf16,142.0400,8.2261,77759,0,ok
257,2048,2,grid,bf16,136.5000,1.5354,10223,0,ok
1536,129,4096,grid,bf16,137.4800,12.5625,122751,0,ok
384,129,384,grid,bf16,134.1200,1.6384,4595,0,ok
64,64,256,grid,bf16,135.4400,1.1688,891,0,ok
32,1024,512,grid,bf16,135.0800,2.1954,13247,0,ok
4392,93,44,random,bf16,136.9100,1.8535,4773,0,ok
512,1024,4096,grid,bf16,140.1200,15.6711,228863,0,ok
1,8319,16,gemv_wideN,bf16,139.6600,1.4553,24894,0,ok
384,127,127,grid,bf16,132.4300,1.3050,765,0,ok
384,8,4096,grid,bf16,137.5800,4.2471,24511,0,ok
192,4096,129,grid,bf16,135.6300,2.7497,36735,0,ok
1536,2048,2,grid,bf16,140.7700,3.4341,30687,0,ok
2,4999,627,random,bf16,137.7500,7.3120,76799,0,ok
1536,1536,256,grid,bf16,137.9300,4.0572,46031,0,ok
384,1024,512,grid,bf16,138.4300,3.0698,24511,0,ok
4,64,64,grid,bf16,132.8400,1.0643,385,0,ok
384,64,8,grid,bf16,135.2400,1.1126,765,0,ok
4096,256,512,grid,bf16,137.3500,5.7262,35823,0,ok
242,3,10,random,bf16,128.4800,1.0381,623,0,ok
16,128,1536,grid,bf16,134.0900,1.5124,4775,0,ok
192,128,2048,grid,bf16,136.1500,2.3472,9183,0,ok
192,768,129,grid,bf16,134.0300,1.5128,6887,0,ok
2,192,4096,grid,bf16,134.7000,2.7525,24575,0,ok
127,32,4,grid,bf16,133.1400,1.1048,508,0,ok
1024,2,384,grid,bf16,132.3700,1.9464,4217,0,ok
32,16,96,grid,bf16,136.2400,1.6295,413,0,ok
2022,861,4,random,bf16,138.7700,2.5347,16827,0,ok
16,64,64,grid,bf16,129.9700,1.6318,397,0,ok
257,2048,129,grid,bf16,138.6800,2.0893,20447,0,ok
257,4096,512,grid,bf16,135.8700,5.9247,81791,0,ok
64,768,8,grid,bf16,134.8600,1.7789,2675,0,ok
21,1680,11,random,bf16,135.2900,1.8064,5641,0,ok
192,2048,4096,grid,bf16,137.3400,16.6366,293887,0,ok
384,127,32,grid,bf16,134.6400,1.7855,765,0,ok
8,4129,64,wide_output,bf16,134.0800,2.2977,12869,0,ok
4,3,8045,random,bf16,134.6900,1.2986,24317,0,ok
486,2,980,random,bf16,134.6700,2.8699,6943,0,ok
1120,16,16,tall,bf16,134.0200,1.7540,1501,0,ok
32,127,64,grid,bf16,135.9700,1.6278,413,0,ok
128,128,2112,deepK,bf16,133.9000,2.2963,8669,0,ok
4,257,1536,grid,bf16,133.2800,2.0585,13895,0,ok
1024,128,16,grid,bf16,134.3100,1.8139,1405,0,ok
2048,128,1536,grid,bf16,140.1200,7.6168,29159,0,ok
768,768,192,grid,bf16,136.7000,2.0167,13799,0,ok
8,384,129,grid,bf16,133.8600,1.7519,2339,0,ok
192,384,512,grid,bf16,136.5690,1.7776,6887,0,ok
32,65,212,random,bf16,134.1700,1.1088,827,0,ok
1,1536,1024,grid,bf16,135.7700,4.7552,36767,0,ok
122,1,50,random,bf16,133.2700,1.0563,503,0,ok
96,512,1024,grid,bf16,134.3900,2.2819,15295,0,ok
4,1536,96,grid,bf16,134.3500,1.4161,4631,0,ok
192,16,512,grid,bf16,131.7000,1.3105,2295,0,ok
11,1348,3976,random,bf16,135.8600,11.9892,138335,0,ok
2081,2048,64,thinK,bf16,139.8000,4.8598,39407,0,ok
5080,1,343,random,bf16,137.2400,5.1753,16385,0,ok
16,16,2049,deepK,bf16,132.1100,1.2422,6765,0,ok
96,384,257,grid,bf16,159.2800,1.4715,4301,0,ok
13,7677,9,random,bf16,134.6200,2.0145,23699,0,ok
16,16,384,grid,bf16,133.9400,1.1047,1193,0,ok
129,96,129,grid,bf16,132.7400,1.2570,1021,0,ok
4192,1,1,tall,bf16,132.4900,1.6304,4573,0,ok
128,2,2048,grid,bf16,131.7900,2.3017,8159,0,ok
190,20,738,random,bf16,135.7100,1.4655,3431,0,ok
2,200,20,random,bf16,132.6700,1.0651,767,0,ok
512,96,32,grid,bf16,134.2400,1.8128,893,0,ok
1,5540,231,random,bf16,137.6400,4.2488,33703,0,ok
1032,16,16,tall,bf16,129.6400,1.7550,1413,0,ok
251,1123,2351,random,bf16,136.2400,7.5043,108242,0,ok
2048,127,384,grid,bf16,134.9100,2.8895,7289,0,ok
128,1536,127,grid,bf16,134.2700,1.6728,6119,0,ok
128,2,4096,grid,bf16,132.2900,2.2091,16319,0,ok
2,2,4096,grid,bf16,133.0000,1.0995,12287,0,ok
128,2112,128,fat,bf16,134.3200,1.8433,8669,0,ok
128,4096,384,grid,bf16,134.8900,4.7938,48959,0,ok
1024,768,1,grid,bf16,135.7900,2.2978,8435,0,ok
8256,256,256,tall,bf16,134.9600,5.7336,34551,0,ok
32,32,129,grid,bf16,129.9200,1.1067,827,0,ok
914,61,1230,random,bf16,135.6300,3.5751,12959,0,ok
278,479,849,random,bf16,136.4400,2.4570,18479,0,ok
5070,514,88,random,bf16,137.6300,4.0049,27259,0,ok
16,4160,16,fat,bf16,133.2200,1.8529,13133,0,ok
64,1536,192,grid,bf16,133.9000,1.7486,10703,0,ok
1615,2,34,random,bf16,132.0500,1.2551,1996,0,ok
16,2,32,grid,bf16,134.6300,1.0441,397,0,ok
54,232,125,random,bf16,134.6400,1.2306,871,0,ok
192,192,4,grid,bf16,133.9100,1.1422,1147,0,ok
4,384,64,grid,bf16,132.4900,1.1073,1157,0,ok
4096,192,2,grid,bf16,134.3600,1.6949,8955,0,ok
768,127,32,grid,bf16,132.6700,1.8531,1149,0,ok
1,1,289,deepK,bf16,131.0500,1.9781,1148,0,ok
4,512,2048,grid,bf16,132.3600,2.9662,24703,0,ok
816,2020,517,random,bf16,137.6700,7.0441,95839,0,ok
608,256,256,tall,bf16,133.7500,1.6034,3959,0,ok
2,6,3,random,bf16,134.2200,0.4545,383,0,ok
4,32,2,grid,bf16,134.7200,0.5206,385,0,ok
768,64,16,grid,bf16,134.5900,1.7611,1149,0,ok
257,129,129,grid,bf16,132.6600,1.3875,2555,0,ok
576,16,16,tall,bf16,133.6100,1.7221,957,0,ok
6,25,730,random,bf16,134.0200,1.1063,2327,0,ok
16,384,32,grid,bf16,132.5700,1.6306,1193,0,ok
4096,1536,127,grid,bf16,140.3800,6.7292,53735,0,ok
128,2,32,grid,bf16,135.2800,1.0471,509,0,ok
1757,1457,1788,random,bf16,145.3900,18.6690,359351,0,ok
16,768,127,grid,bf16,133.1000,1.8936,2387,0,ok
512,128,2048,grid,bf16,135.3400,3.5777,14303,0,ok
256,32,1024,grid,bf16,135.1700,1.7443,5103,0,ok
4192,128,128,tall,bf16,138.2700,2.5045,4573,0,ok
2,8,1536,grid,bf16,135.3500,1.6403,4607,0,ok
4096,16,16,grid,bf16,132.8100,1.9002,4477,0,ok
127,129,2048,grid,bf16,134.8600,2.1136,16287,0,ok
384,127,257,grid,bf16,133.5300,1.4708,2297,0,ok
127,4096,2,grid,bf16,135.6900,1.7641,16287,0,ok
384,4,2048,grid,bf16,135.1900,2.7182,12255,0,ok
32,2,64,grid,bf16,135.2200,1.1068,413,0,ok
192,8,768,grid,bf16,136.5100,1.4452,3443,0,ok
285,96,2,random,bf16,134.4400,0.5894,666,0,ok
1,289,64,wide_output,bf16,135.3300,1.1068,1148,0,ok
1536,1,512,grid,bf16,137.1200,3.1752,7671,0,ok
192,96,257,grid,bf16,133.9400,1.3596,1721,0,ok
1148,23,152,random,bf16,133.9600,1.4691,3059,0,ok
8,1,2284,random,bf16,134.9800,1.7988,7019,0,ok
64,1,4096,grid,bf16,138.4100,2.2976,14271,0,ok
16,8192,16,fat,bf16,134.5300,1.9882,25471,0,ok
4,128,127,grid,bf16,133.4700,1.1106,385,0,ok
256,2048,4,grid,bf16,133.9400,2.0900,10207,0,ok
9,1,3,random,bf16,132.3800,0.4433,390,0,ok
127,257,32,grid,bf16,136.4800,1.8410,1526,0,ok
2,129,64,grid,bf16,133.9100,1.1156,767,0,ok
128,1,4096,grid,bf16,134.8800,2.7727,16319,0,ok
64,257,257,grid,bf16,134.1500,1.3813,4013,0,ok
257,1024,768,grid,bf16,136.8000,3.1330,30671,0,ok
15,2377,50,random,bf16,133.7100,1.9988,7542,0,ok
96,512,768,grid,bf16,136.7900,1.9886,11471,0,ok
16,128,256,grid,bf16,132.1000,1.7591,795,0,ok
4096,512,16,grid,bf16,134.7400,2.9138,17911,0,ok
129,1024,256,grid,bf16,133.4500,1.7525,8175,0,ok
256,320,256,fat,bf16,135.0900,1.4670,3827,0,ok
512,4,128,grid,bf16,132.6400,1.2194,893,0,ok
192,128,96,grid,bf16,133.7700,1.1707,573,0,ok
1536,16,16,grid,bf16,134.7000,1.7441,1917,0,ok
1025,128,128,tall,bf16,133.1300,1.5805,1406,0,ok
1536,257,4096,grid,bf16,138.4300,13.6573,184127,0,ok
257,4,256,grid,bf16,132.1400,1.2547,1277,0,ok
576,64,64,tall,bf16,134.8600,1.2674,957,0,ok
64,768,128,grid,bf16,134.3400,1.3191,2675,0,ok
16,4097,16,fat,bf16,131.7300,1.8577,13133,0,ok
64,2048,256,grid,bf16,134.6400,2.1272,14271,0,ok
1,352,16,gemv_wideN,bf16,134.6500,1.0535,1148,0,ok
8,2,127,grid,bf16,133.7900,1.0137,389,0,ok
1081,26,100,random,bf16,133.5500,1.9562,1462,0,ok
192,96,8,grid,bf16,134.4300,1.1305,573,0,ok
2048,64,192,grid,bf16,132.2800,1.8791,4859,0,ok
23,1,6500,random,bf16,136.4800,2.1604,20654,0,ok
8,256,4096,grid,bf16,134.2300,2.9655,24959,0,ok
8288,8,8,tall,bf16,133.5500,1.3220,8669,0,ok
44,34,1,random,bf16,131.5800,0.4184,425,0,ok
129,96,127,grid,bf16,134.7800,1.1954,510,0,ok
648,21,268,random,bf16,133.6000,1.5400,3089,0,ok
4,192,129,grid,bf16,128.3600,1.6451,1543,0,ok
2112,128,128,tall,bf16,133.2000,1.8158,2493,0,ok
5,2491,5615,random,bf16,138.2800,27.4102,340559,0,ok
32,4096,257,grid,bf16,133.8400,3.1297,39743,0,ok
1024,129,257,grid,bf16,133.4890,1.8461,8435,0,ok
768,1024,4096,grid,bf16,146.2900,15.6872,294399,0,ok
256,256,64,grid,bf16,151.9500,1.2369,1275,0,ok
256,256,2048,deepK,bf16,130.0800,2.9674,20415,0,ok
384,512,256,grid,bf16,128.7200,1.7658,6127,0,ok
128,513,128,fat,bf16,130.3300,1.3854,2549,0,ok
1024,256,64,grid,bf16,128.9600,1.4413,2811,0,ok
192,127,1,grid,bf16,129.2900,0.4852,573,0,ok
257,1,768,grid,bf16,131.7900,2.1012,3833,0,ok
513,128,128,tall,bf16,130.2700,1.3648,894,0,ok
8,712,130,random,bf16,130.6400,1.8988,4679,0,ok
257,192,129,grid,bf16,131.2200,1.3745,2555,0,ok
264,256,64,thinK,bf16,131.3700,1.3127,1291,0,ok
1024,1024,1,grid,bf16,132.4000,2.4973,11247,0,ok
16,4096,384,grid,bf16,137.0200,3.8609,38207,0,ok
1024,192,2048,grid,bf16,135.6200,5.8320,44991,0,ok
1,3,2513,random,bf16,136.1400,1.1899,7659,0,ok
3454,5728,1,random,bf16,157.4600,20.9086,172619,0,ok
513,256,256,tall,bf16,139.0200,1.5824,3579,0,ok
1,257,257,grid,bf16,136.3500,1.3214,3446,0,ok
16,192,64,grid,bf16,136.0000,1.6443,795,0,ok
21,3066,6,random,bf16,134.7200,1.8200,9671,0,ok
384,127,4096,grid,bf16,160.4800,4.9848,24511,0,ok
257,128,96,grid,bf16,135.2600,1.2544,638,0,ok
26,31,348,random,bf16,135.3000,1.1073,1223,0,ok
256,1,257,grid,bf16,137.1200,1.3126,1913,0,ok
1024,127,4,grid,bf16,143.6100,1.2301,1405,0,ok
3413,44,128,random,bf16,139.3700,2.0647,3794,0,ok
257,32,64,grid,bf16,135.8700,1.7255,638,0,ok
16,16,1024,deepK,bf16,129.3800,1.1718,3183,0,ok
256,8288,64,wide_output,bf16,139.4500,3.4864,41469,0,ok
4096,384,128,grid,bf16,136.8700,3.1901,13433,0,ok
96,2048,4,grid,bf16,133.4000,1.3004,7647,0,ok
16,384,257,grid,bf16,139.4700,1.3163,3581,0,ok
96,8,2048,grid,bf16,134.1800,1.6123,7647,0,ok
520,8,8,tall,bf16,132.1800,1.1183,901,0,ok
64,4160,64,fat,bf16,131.1300,1.7977,14717,0,ok
2,8,64,grid,bf16,127.6400,0.4371,383,0,ok
14,4,8,random,bf16,128.3400,1.0146,395,0,ok
257,512,127,grid,bf16,129.5000,1.3390,2555,0,ok
512,257,129,grid,bf16,131.3800,1.4452,5363,0,ok
8,768,512,grid,bf16,127.8300,2.3902,9359,0,ok
2,256,2048,grid,bf16,128.9900,2.6383,12287,0,ok
8,1,118,random,bf16,128.2000,1.0443,389,0,ok
257,384,8,grid,bf16,127.3800,1.7936,1916,0,ok
128,127,257,grid,bf16,129.9200,1.2908,1529,0,ok
257,2048,16,grid,bf16,133.7600,1.4997,10223,0,ok
1536,64,96,grid,bf16,128.0400,1.4417,1917,0,ok
571,4583,106,random,bf16,136.8000,3.9114,34307,0,ok
11,102,525,random,bf16,130.2500,1.2768,1964,0,ok
2,256,1,grid,bf16,127.2400,0.4130,767,0,ok
2,1100,3,random,bf16,129.0000,1.0450,3455,0,ok
4988,4224,2,random,bf16,151.3000,19.4296,177209,0,ok
256,32,1,grid,bf16,126.4100,0.4837,637,0,ok
512,64,129,grid,bf16,129.6400,1.2919,1787,0,ok
8,1536,64,grid,bf16,128.8000,1.8920,4679,0,ok
1,4129,256,gemv_wideN,bf16,136.0600,3.7915,25277,0,ok
384,8,768,grid,bf16,131.5000,1.7624,4595,0,ok
64,64,576,deepK,bf16,127.5800,1.2971,2229,0,ok
1,8288,16,gemv_wideN,bf16,129.4300,1.4714,24894,0,ok
384,8,2,grid,bf16,131.5000,0.5259,765,0,ok
8,256,2,grid,bf16,127.9200,0.4987,779,0,ok
264,8,8,tall,bf16,128.3400,1.0972,645,0,ok
128,512,2,grid,bf16,128.5800,0.6293,2039,0,ok
96,1,127,grid,bf16,128.8000,1.1064,477,0,ok
768,127,512,grid,bf16,129.7300,2.0500,4599,0,ok
384,129,96,grid,bf16,132.2900,1.2356,1531,0,ok
3250,1,342,random,bf16,131.5500,3.8848,10895,0,ok
128,4,1,grid,bf16,127.2400,0.4140,509,0,ok
2,2048,64,grid,bf16,130.1300,1.3862,6143,0,ok
97,18,685,random,bf16,131.4100,1.3379,2873,0,ok
127,96,768,grid,bf16,131.8000,1.4770,3053,0,ok
16,16,289,deepK,bf16,129.6800,1.0950,1193,0,ok
384,2,8,grid,bf16,127.7200,1.0388,765,0,ok
256,2048,8,grid,bf16,132.4300,2.0949,10207,0,ok
128,128,4160,deepK,bf16,136.0400,2.9575,16829,0,ok
1,4,3,random,bf16,130.2500,0.4290,382,0,ok
1,1088,16,gemv_wideN,bf16,138.7700,1.1276,3446,0,ok
64,192,768,grid,bf16,133.3200,1.5348,5351,0,ok
64,576,64,fat,bf16,131.4000,1.2270,2229,0,ok
96,96,8,grid,bf16,131.0400,1.1322,477,0,ok
2147,5311,1441,random,bf16,177.7200,59.4774,1274615,0,ok
6867,3625,164,random,bf16,159.3500,23.4025,420441,0,ok
4104,4096,64,thinK,bf16,149.3400,15.1303,143551,0,ok
1536,1024,1536,grid,bf16,137.8900,11.7325,184127,0,ok
1536,384,1536,grid,bf16,137.7000,7.3028,69047,0,ok
384,256,128,grid,bf16,130.4000,1.3815,1531,0,ok
1536,8,16,grid,bf16,130.7600,1.1052,1917,0,ok
384,32,384,grid,bf16,128.5910,1.5024,2297,0,ok
128,128,8288,deepK,bf16,134.6500,4.7733,33149,0,ok
1536,2048,1,grid,bf16,138.3500,5.7257,30687,0,ok
4,4096,256,grid,bf16,131.9500,2.9484,24703,0,ok
8319,256,256,tall,bf16,137.6600,6.2881,34803,0,ok
32,128,96,grid,bf16,133.2600,1.6503,413,0,ok
512,192,257,grid,bf16,132.6900,1.6251,5363,0,ok
64,2048,384,grid,bf16,132.8800,2.5765,21407,0,ok
3,4336,5156,random,bf16,136.9400,42.0432,536689,0,ok
1024,129,1536,grid,bf16,135.3500,4.4889,33743,0,ok
384,512,384,grid,bf16,133.5900,2.0442,9191,0,ok
4,512,8,grid,bf16,128.7800,1.0452,1543,0,ok
4,256,4,grid,bf16,128.2300,0.9756,771,0,ok
2048,384,64,grid,bf16,137.3000,1.8990,7289,0,ok
16,16,4160,deepK,bf16,130.8300,1.3578,13133,0,ok
545,1,1,tall,bf16,132.1600,1.4426,926,0,ok
1024,1,257,grid,bf16,132.3500,1.6260,4217,0,ok
320,9,2751,random,bf16,132.4900,2.9295,15443,0,ok
4,64,1,grid,bf16,127.9800,0.4063,385,0,ok
4096,4096,257,grid,bf16,152.9300,27.2418,429887,0,ok
512,4096,4096,grid,bf16,149.0500,36.2424,915455,0,ok
1,128,8,grid,bf16,131.5100,0.4318,382,0,ok
32,1024,192,grid,bf16,128.4100,1.5061,6623,0,ok
1024,4,128,grid,bf16,126.7800,1.3644,1405,0,ok
1184,40,33,random,bf16,134.6800,1.8654,1565,0,ok
8193,128,128,tall,bf16,136.0300,4.3579,8574,0,ok
1536,256,128,grid,bf16,135.5300,1.7866,3835,0,ok
8,32,127,grid,bf16,127.8400,1.1027,389,0,ok
384,1,192,grid,bf16,130.4200,1.2541,1531,0,ok
256,96,64,grid,bf16,128.8800,1.2246,637,0,ok
1,1024,4096,grid,bf16,135.3800,8.1876,98047,0,ok
1536,2,256,grid,bf16,130.7500,1.8995,3835,0,ok
1536,1,129,grid,bf16,132.5800,1.5596,3835,0,ok
14,22,2,random,bf16,127.4900,0.5326,395,0,ok
96,2,384,grid,bf16,128.0600,1.1929,1433,0,ok
2048,512,1536,grid,bf16,137.0500,10.5220,116639,0,ok
127,127,129,grid,bf16,127.8000,1.3029,1017,0,ok
16,2048,129,grid,bf16,127.7100,2.2857,12735,0,ok
4,32,1536,grid,bf16,127.4900,1.1945,4631,0,ok
83,569,7,random,bf16,133.0100,1.7612,2324,0,ok
1024,2048,64,grid,bf16,131.1600,3.1106,22495,0,ok
384,257,384,grid,bf16,129.2600,1.7713,6893,0,ok
4,96,129,grid,bf16,124.1300,1.6275,771,0,ok
127,127,127,grid,bf16,127.9300,1.2193,508,0,ok
768,192,1024,grid,bf16,130.7400,2.9656,18399,0,ok
512,2048,512,grid,bf16,132.1500,4.5245,57215,0,ok
32,64,2,grid,bf16,124.1000,0.5156,413,0,ok
9,13,38,random,bf16,127.1000,1.0456,390,0,ok
1024,192,1536,grid,bf16,132.8900,4.6478,33743,0,ok
256,8225,256,fat,bf16,132.9400,6.2181,82939,0,ok
384,127,768,grid,bf16,132.4800,1.9003,4595,0,ok
257,1536,1024,grid,bf16,134.2100,4.7178,61343,0,ok
129,1024,2048,grid,bf16,133.3100,5.3757,65407,0,ok
192,4,128,grid,bf16,132.0000,1.1559,573,0,ok
64,2,768,grid,bf16,131.1400,1.8064,2675,0,ok
2048,512,512,grid,bf16,137.8400,4.4965,38879,0,ok
4,256,8,grid,bf16,133.4700,1.0563,771,0,ok
7127,814,16,random,bf16,134.9900,5.8184,52562,0,ok
257,96,128,grid,bf16,124.5500,1.2951,638,0,ok
8319,128,128,tall,bf16,134.9500,3.7104,8700,0,ok
32,127,8,grid,bf16,134.0200,1.1151,413,0,ok
16,2144,16,fat,bf16,135.2000,1.7611,6765,0,ok
1536,192,384,grid,bf16,138.9700,2.5441,11507,0,ok
1,520,8,gemv_wideN,bf16,138.2600,1.0428,1914,0,ok
4096,127,1,grid,bf16,139.9300,1.9072,4477,0,ok
8,127,2,grid,bf16,132.7100,0.5207,389,0,ok
512,64,192,grid,bf16,133.9500,1.3729,1787,0,ok
32,32,256,grid,bf16,132.2200,1.1130,827,0,ok
1,1057,256,gemv_wideN,bf16,138.3400,1.7401,6893,0,ok
383,6,97,random,bf16,133.4900,1.1566,764,0,ok
16,64,32,grid,bf16,132.6400,1.6453,397,0,ok
1536,32,4,grid,bf16,133.5800,1.1738,1917,0,ok
32,257,129,grid,bf16,132.4900,1.2362,2483,0,ok
1,261,292,random,bf16,135.6300,1.3690,3446,0,ok
127,2,1024,grid,bf16,133.0400,2.0143,4071,0,ok
32,16,1024,grid,bf16,131.4500,1.2000,3311,0,ok
11,120,757,random,bf16,133.3600,1.3188,2357,0,ok
4096,129,512,grid,bf16,133.0100,5.3602,35823,0,ok
16,320,16,fat,bf16,135.7200,1.6504,1193,0,ok
384,256,512,grid,bf16,137.5400,1.8935,6127,0,ok
2,128,16,grid,bf16,131.6900,1.0250,383,0,ok
32,96,129,grid,bf16,131.2900,1.1726,827,0,ok
1151,1,1,tall,bf16,132.3000,0.9859,1532,0,ok
512,768,768,grid,bf16,135.6100,3.2792,32183,0,ok
64,64,352,deepK,bf16,132.6700,1.2109,1337,0,ok
128,4,2,grid,bf16,131.5900,0.5332,509,0,ok
257,4096,257,grid,bf16,136.9500,4.3036,61343,0,ok
25,4879,5,random,bf16,133.7600,1.9102,15872,0,ok
32,257,64,grid,bf16,133.1700,1.7128,1241,0,ok
384,512,127,grid,bf16,133.5100,1.5048,3063,0,ok
129,129,1536,grid,bf16,132.8600,1.9085,12263,0,ok
1536,32,1024,grid,bf16,133.3100,4.2476,15343,0,ok
144,1,42,random,bf16,131.1400,1.1104,525,0,ok
8,384,1,grid,bf16,128.7100,0.4290,1169,0,ok
4107,1981,3273,random,bf16,206.4600,88.0549,1867423,0,ok
64,64,129,grid,bf16,133.7200,1.1647,891,0,ok
2,768,128,grid,bf16,133.5300,1.2963,2303,0,ok
8256,1,1,tall,bf16,131.5000,1.5533,8637,0,ok
256,129,8,grid,bf16,132.7900,1.2065,1275,0,ok
1,2048,16,gemv_wideN,bf16,128.9900,1.1045,6127,0,ok
1,2048,8,grid,bf16,133.8700,1.1078,6127,0,ok
8,512,1024,grid,bf16,133.6800,2.0364,12479,0,ok
1,6,2196,random,bf16,134.8500,1.7858,6893,0,ok
289,128,128,tall,bf16,131.9900,1.3023,670,0,ok
96,768,96,grid,bf16,136.0700,1.2982,2867,0,ok
286,88,725,random,bf16,132.9300,1.7421,4007,0,ok
32,96,4096,grid,bf16,134.3800,2.0942,13247,0,ok
1,128,64,grid,bf16,132.7500,1.0668,382,0,ok
2048,257,16,grid,bf16,134.9400,1.5601,7289,0,ok
192,4096,128,grid,bf16,136.2000,2.5072,18367,0,ok
1,352,8,gemv_wideN,bf16,133.7000,1.0223,1148,0,ok
4,1536,127,grid,bf16,132.5300,1.5088,4631,0,ok
256,257,1024,grid,bf16,137.2110,2.1121,15311,0,ok
32,257,1536,grid,bf16,134.5600,2.0448,14903,0,ok
16,352,64,wide_output,bf16,130.2600,1.6557,1193,0,ok
3,3,625,random,bf16,132.6500,1.1038,1924,0,ok
2,4,284,random,bf16,132.3300,1.0345,1151,0,ok
2,2,64,grid,bf16,133.4500,0.4384,383,0,ok
768,96,4,grid,bf16,132.9300,1.1631,1149,0,ok
2,768,2048,grid,bf16,134.9200,3.8277,36863,0,ok
128,2175,64,wide_output,bf16,132.3600,1.6706,8669,0,ok
4096,1,257,grid,bf16,137.8000,3.7850,13433,0,ok
768,768,1024,grid,bf16,138.1800,4.7800,55199,0,ok
128,264,64,wide_output,bf16,134.7900,1.2423,1529,0,ok
4,4,512,grid,bf16,129.8500,1.0425,1543,0,ok
768,256,1,grid,bf16,132.8700,1.1450,2299,0,ok
1024,2048,2,grid,bf16,137.0300,2.7973,22495,0,ok
16,257,128,grid,bf16,130.1300,1.7304,1193,0,ok
96,3,130,random,bf16,132.7000,1.1193,955,0,ok
384,192,1536,grid,bf16,132.7200,2.7899,18383,0,ok
384,128,2,grid,bf16,126.6800,0.6014,765,0,ok
16,96,512,grid,bf16,127.7700,1.1893,1591,0,ok
128,1,2048,grid,bf16,130.6500,2.2705,8159,0,ok
1536,1024,128,grid,bf16,133.5200,2.7855,15343,0,ok
1,127,4096,grid,bf16,134.7000,3.1021,12255,0,ok
256,1088,64,wide_output,bf16,135.3200,1.5057,5741,0,ok
1024,8,1024,grid,bf16,132.6800,3.1280,11247,0,ok
2049,8,8,tall,bf16,129.3800,1.1914,2430,0,ok
16,192,128,grid,bf16,128.0000,1.7409,795,0,ok
768,16,64,grid,bf16,126.6600,1.7556,1149,0,ok
16,1025,16,fat,bf16,127.6300,1.7013,3581,0,ok
96,64,512,grid,bf16,130.1500,1.2937,1911,0,ok
1025,64,64,tall,bf16,128.3200,1.3789,1406,0,ok
1536,4,2048,grid,bf16,134.0800,7.1577,30687,0,ok
3,4638,50,random,bf16,130.7000,1.6263,14244,0,ok
1,16,257,grid,bf16,130.3400,1.1033,1148,0,ok
64,1,512,grid,bf16,131.6000,1.7594,1783,0,ok
64,1,1024,grid,bf16,131.2100,1.8930,3567,0,ok
1202,1374,5772,random,bf16,155.6700,33.4639,801503,0,ok
16,257,8,grid,bf16,130.8700,1.1048,1193,0,ok
384,129,1024,grid,bf16,131.3900,2.1497,12255,0,ok
1536,128,128,grid,bf16,131.7600,1.6170,1917,0,ok
196,2630,41,random,bf16,132.4500,1.8683,12137,0,ok
438,566,385,random,bf16,133.7000,2.3020,16399,0,ok
128,4096,2048,grid,bf16,131.8900,16.0914,261119,0,ok
8,4294,31,random,bf16,126.2900,1.9342,13259,0,ok
4,512,32,grid,bf16,126.1800,1.0749,1543,0,ok
1,3472,1220,random,bf16,135.7200,8.5375,107239,0,ok
8225,1,1,tall,bf16,127.8400,1.5505,8606,0,ok
3,8,373,random,bf16,124.8100,1.0688,1154,0,ok
6197,7,145,random,bf16,128.7900,2.7641,13157,0,ok
8,1536,768,grid,bf16,127.5300,3.1655,28079,0,ok
384,4,127,grid,bf16,127.0190,1.2041,765,0,ok
256,4223,256,fat,bf16,135.4000,3.7346,42107,0,ok
257,2,1024,grid,bf16,126.4700,2.2783,5111,0,ok
1157,224,7317,random,bf16,138.7600,20.0427,178523,0,ok
1536,128,16,grid,bf16,128.9300,1.8864,1917,0,ok
8,4223,64,wide_output,bf16,128.2600,2.1844,12869,0,ok
16,16,1536,grid,bf16,128.2400,1.1827,4775,0,ok
1,1120,16,gemv_wideN,bf16,128.0600,1.1079,3446,0,ok
192,768,257,grid,bf16,129.6600,1.7350,10331,0,ok
127,129,257,grid,bf16,127.1100,1.3193,3053,0,ok
384,192,127,grid,bf16,129.1400,1.3438,1531,0,ok
256,384,4096,grid,bf16,131.8900,5.8232,61247,0,ok
2,1,127,grid,bf16,127.0300,0.4671,383,0,ok
32,1024,128,grid,bf16,127.4000,1.9615,3311,0,ok
156,4938,1,random,bf16,131.0400,2.2827,20981,0,ok
32,96,2,grid,bf16,127.3500,0.5311,413,0,ok
246,249,574,random,bf16,131.1100,1.7493,6279,0,ok
256,1,1536,grid,bf16,131.5800,2.4652,7655,0,ok
8,128,32,grid,bf16,127.6900,1.0581,389,0,ok
16,1024,4096,grid,bf16,129.6900,8.4642,101887,0,ok
129,512,96,grid,bf16,129.5400,1.2565,2043,0,ok
8,4,128,grid,bf16,127.3700,1.0052,389,0,ok
37,12,769,random,bf16,128.8000,1.1867,2932,0,ok
16,8200,16,fat,bf16,126.7900,2.0226,25869,0,ok
384,768,768,grid,bf16,135.8900,3.2013,27575,0,ok
57,2,18,random,bf16,127.3700,1.0527,438,0,ok
1536,64,4,grid,bf16,126.8900,1.1924,1917,0,ok
257,192,128,grid,bf16,128.0800,1.2961,1277,0,ok
1,1,8256,deepK,bf16,129.8900,2.2797,24894,0,ok
4223,128,128,tall,bf16,133.6300,2.4972,4604,0,ok
1024,2048,128,grid,bf16,134.8300,3.3783,22495,0,ok
2,2197,36,random,bf16,125.9700,1.2910,6911,0,ok
96,4096,127,grid,bf16,133.5300,2.2317,15295,0,ok
576,256,256,tall,bf16,130.9490,1.5739,3831,0,ok
4,256,16,grid,bf16,128.4700,1.0265,771,0,ok
2,7,1,random,bf16,127.6200,0.4034,383,0,ok
8,192,32,grid,bf16,127.0000,1.6172,779,0,ok
192,257,257,grid,bf16,128.9900,1.5567,5165,0,ok
8,32,768,grid,bf16,126.2300,1.0909,2339,0,ok
32,96,257,grid,bf16,127.5500,1.1984,1241,0,ok
128,8288,64,wide_output,bf16,134.1900,3.1066,33149,0,ok
608,1,1,tall,bf16,127.2700,1.4321,989,0,ok
256,768,127,grid,bf16,129.0200,1.4752,3827,0,ok
1,96,768,grid,bf16,130.7600,1.8846,2297,0,ok
1,513,1,fat,bf16,130.2600,1.4344,1914,0,ok
512,1,96,grid,bf16,128.1400,1.1757,893,0,ok
4,2048,4,grid,bf16,126.3200,1.0980,6175,0,ok
192,16,1,grid,bf16,126.0300,0.4074,573,0,ok
32,768,127,grid,bf16,133.2500,1.9035,2483,0,ok
8,16,1024,grid,bf16,133.7300,1.1122,3119,0,ok
1032,8,8,tall,bf16,133.7900,1.1269,1413,0,ok
5,6017,26,random,bf16,131.8900,2.0463,18575,0,ok
256,1024,64,grid,bf16,136.4200,1.4653,5103,0,ok
2081,16,16,tall,bf16,135.6600,1.8418,2462,0,ok
64,8,2048,grid,bf16,134.8100,1.4181,7135,0,ok
1,127,32,grid,bf16,131.0300,1.0497,382,0,ok
1447,6273,357,random,bf16,142.4100,17.8657,274349,0,ok
128,2081,64,wide_output,bf16,132.4300,1.8101,8669,0,ok
129,257,1024,grid,bf16,141.6000,1.9664,12263,0,ok
8,768,256,grid,bf16,128.0900,2.0275,4679,0,ok
16,639,16,fat,bf16,127.3600,1.6439,1989,0,ok
8,1120,8,fat,bf16,127.9100,1.6258,3509,0,ok
512,257,512,grid,bf16,132.2200,1.9149,10727,0,ok
2048,128,384,grid,bf16,127.6000,2.8258,7289,0,ok
1,4096,257,grid,bf16,135.2900,3.8106,36767,0,ok
4,22,41,random,bf16,127.4800,1.0569,385,0,ok
129,2048,127,grid,bf16,131.3400,1.6926,8175,0,ok
256,768,64,grid,bf16,134.3600,1.3776,3827,0,ok
32,384,192,grid,bf16,126.6100,1.2876,2483,0,ok
5847,3297,1591,random,bf16,217.4400,102.1262,2105401,0,ok
2048,1536,4096,grid,bf16,160.3400,37.0650,933119,0,ok
32,96,384,grid,bf16,134.3100,1.2205,1241,0,ok
384,96,257,grid,bf16,128.7500,1.4422,2297,0,ok
2,96,128,grid,bf16,129.0500,1.0981,383,0,ok
4,25,100,random,bf16,126.9100,1.0482,385,0,ok
2363,153,904,random,bf16,137.3900,5.6262,43919,0,ok
4,16,2,grid,bf16,126.7100,0.5079,385,0,ok
4582,8085,4,random,bf16,181.4300,31.7933,317695,0,ok
16,768,4,grid,bf16,128.5300,1.0987,2387,0,ok
384,127,1,grid,bf16,128.7200,0.5056,765,0,ok
127,2,1,grid,bf16,127.9300,0.3992,508,0,ok
32,4,127,grid,bf16,130.9800,1.0462,413,0,ok
3,4154,11,random,bf16,127.5100,1.3027,12704,0,ok
69,645,3,random,bf16,129.5400,1.1646,2705,0,ok
2048,128,127,grid,bf16,131.1000,1.7432,2429,0,ok
1,1057,8,gemv_wideN,bf16,131.2000,1.0647,3446,0,ok
192,1,1,grid,bf16,132.1700,0.9472,573,0,ok
32,1536,128,grid,bf16,133.1000,2.1495,4967,0,ok
2,361,435,random,bf16,134.2400,2.0438,4607,0,ok
1536,4096,4,grid,bf16,143.0400,5.9132,61375,0,ok
384,1,129,grid,bf16,130.8900,1.2429,1531,0,ok
1024,512,1536,grid,bf16,138.3500,6.4023,67487,0,ok
8,64,127,grid,bf16,131.4700,1.6220,389,0,ok
299,31,4,random,bf16,127.2400,1.1104,680,0,ok
256,4,768,grid,bf16,128.6400,2.2771,3827,0,ok
4096,16,128,grid,bf16,133.4600,2.7290,4477,0,ok
1,16,64,grid,bf16,129.6100,1.0382,382,0,ok
4197,28,14,random,bf16,130.6700,2.0089,4578,0,ok
8,8193,8,fat,bf16,128.5700,1.8848,25349,0,ok
257,256,1536,grid,bf16,137.0500,2.5114,15335,0,ok
256,96,1536,grid,bf16,132.1200,2.1287,7655,0,ok
2048,384,8,grid,bf16,138.6400,1.7330,7289,0,ok
8,8,8256,deepK,bf16,129.5600,1.4073,25349,0,ok
256,96,768,grid,bf16,131.9100,1.6886,3827,0,ok
4096,8,1536,grid,bf16,138.9000,11.8613,53735,0,ok
4096,96,1024,grid,bf16,138.3500,9.4784,35823,0,ok
256,1024,2,grid,bf16,130.5800,1.3240,5103,0,ok
1025,256,256,tall,bf16,133.5400,1.8152,5627,0,ok
12,4,2754,random,bf16,130.5900,1.2727,8667,0,ok
2048,129,8,grid,bf16,151.9600,1.8965,4859,0,ok
1024,128,64,grid,bf16,134.1800,1.3123,1405,0,ok
24,3855,3311,random,bf16,137.6300,25.3782,327235,0,ok
2303,5,3,random,bf16,126.8000,1.1646,2684,0,ok
2048,96,384,grid,bf16,134.0800,2.7424,7289,0,ok
1,4096,64,wide_output,bf16,131.0300,1.6256,12255,0,ok
1,383,128,gemv_wideN,bf16,132.2900,1.1639,1148,0,ok
96,96,129,grid,bf16,132.6700,1.2946,955,0,ok
256,512,32,grid,bf16,131.4100,1.3191,2551,0,ok
256,257,64,grid,bf16,128.1000,1.2466,1913,0,ok
16,8225,16,fat,bf16,128.2600,1.9986,25869,0,ok
1024,8,16,grid,bf16,126.9800,1.0997,1405,0,ok
256,1024,256,fat,bf16,133.4700,1.9089,10207,0,ok
16,16,2175,deepK,bf16,129.5300,1.2226,6765,0,ok
1,1,1088,deepK,bf16,128.3300,2.0313,3446,0,ok
1,264,256,gemv_wideN,bf16,130.7200,1.2945,2297,0,ok
1,2,1536,grid,bf16,130.3400,1.1002,4595,0,ok
256,4,384,grid,bf16,131.1300,1.8982,1913,0,ok
512,257,192,grid,bf16,132.4200,1.4778,5363,0,ok
384,512,192,grid,bf16,132.3400,1.6422,6127,0,ok
129,16,768,grid,bf16,127.9000,1.3505,3065,0,ok
64,1536,32,grid,bf16,129.9100,1.8802,5351,0,ok
127,1024,64,grid,bf16,130.4600,1.3924,4071,0,ok
127,192,4,grid,bf16,127.1300,1.1586,1017,0,ok
129,2048,129,grid,bf16,131.7000,1.7880,16351,0,ok
129,128,2048,grid,bf16,132.8800,2.0572,8175,0,ok
129,512,127,grid,bf16,130.4400,1.2962,2043,0,ok
8,8,2144,deepK,bf16,131.8800,1.1660,6629,0,ok
2048,16,64,grid,bf16,128.1400,1.8999,2429,0,ok
2682,46,1,random,bf16,131.9100,1.6179,3063,0,ok
4096,1024,256,grid,bf16,138.5400,5.7715,71647,0,ok
384,32,192,grid,bf16,128.5600,1.2979,1531,0,ok
4,44,916,random,bf16,132.7800,1.7838,3087,0,ok
512,257,256,grid,bf16,133.5400,1.5717,5363,0,ok
4096,8,192,grid,bf16,131.2200,2.4201,8955,0,ok
20,525,3712,random,bf16,138.5900,5.0760,58289,0,ok
10,79,70,random,bf16,126.6500,1.6262,391,0,ok
512,128,96,grid,bf16,129.3700,1.2996,893,0,ok
8,512,128,grid,bf16,126.9000,1.7473,1559,0,ok
128,8200,128,fat,bf16,134.8100,4.3856,33149,0,ok
128,1032,64,wide_output,bf16,131.8500,1.5013,4589,0,ok
1,4096,512,grid,bf16,136.5000,5.8241,49023,0,ok
257,128,768,grid,bf16,131.5500,1.7684,3833,0,ok
257,96,4,grid,bf16,126.2600,1.1634,638,0,ok
64,1536,2048,grid,bf16,134.7800,6.8653,85631,0,ok
4104,1,1,tall,bf16,130.6200,1.4870,4485,0,ok
1536,8,32,grid,bf16,124.5300,1.1692,1917,0,ok
2048,16,512,grid,bf16,131.1500,3.1361,9719,0,ok
520,1,1,tall,bf16,130.5500,1.4155,901,0,ok
1044,1,26,random,bf16,132.9900,1.1644,1425,0,ok
4,96,257,grid,bf16,129.0600,1.7160,1157,0,ok
4,2,2048,grid,bf16,128.3400,1.6399,6175,0,ok
257,4,96,grid,bf16,128.0800,1.1384,638,0,ok
768,64,2,grid,bf16,127.5200,1.1512,1149,0,ok
64,4,16,grid,bf16,129.0200,1.0445,445,0,ok
1024,16,16,tall,bf16,128.9300,1.7499,1405,0,ok
2048,4,64,grid,bf16,128.5700,1.3749,2429,0,ok
4,192,4096,grid,bf16,130.5800,2.6801,24703,0,ok
768,64,256,grid,bf16,130.4600,1.6293,2299,0,ok
512,4,96,grid,bf16,126.5900,1.1592,893,0,ok
2048,2048,512,grid,bf16,136.6700,9.6194,155519,0,ok
512,4,256,grid,bf16,126.7000,1.3978,1787,0,ok
512,2048,4,grid,bf16,136.3400,1.9039,14303,0,ok
2,3158,94,random,bf16,125.9200,1.7062,9599,0,ok
8,129,1,grid,bf16,131.2200,0.4049,779,0,ok
81,2,8,random,bf16,125.9800,1.0022,462,0,ok
14,35,140,random,bf16,129.7000,1.6295,791,0,ok
992,68,449,random,bf16,132.5600,2.0303,5495,0,ok
16,96,257,grid,bf16,126.7800,1.1696,1193,0,ok
2,1024,257,grid,bf16,128.8400,1.6205,9215,0,ok
1,1,8192,deepK,bf16,129.9200,2.2938,24511,0,ok
512,384,512,grid,bf16,136.9400,2.0577,10727,0,ok
512,128,512,grid,bf16,130.6800,1.7851,3575,0,ok
4,1,127,grid,bf16,129.2300,0.4651,385,0,ok
32,512,257,grid,bf16,131.9000,1.4066,4967,0,ok
4096,16,64,grid,bf16,127.2900,2.1625,4477,0,ok
2048,768,127,grid,bf16,136.3300,2.9212,14579,0,ok
8,257,4096,grid,bf16,137.6000,3.2734,37439,0,ok
20,3847,4204,random,bf16,136.6100,31.8260,411245,0,ok
512,1024,129,grid,bf16,131.9900,1.8530,14303,0,ok
264,16,16,tall,bf16,128.8300,1.6655,645,0,ok
127,512,512,grid,bf16,133.0200,1.8454,8143,0,ok
1,4192,128,gemv_wideN,bf16,133.2400,2.5550,12638,0,ok
5829,672,2,random,bf16,136.1500,4.2592,37265,0,ok
192,384,128,grid,bf16,130.8800,1.2972,1721,0,ok
64,1536,384,grid,bf16,131.9900,2.2724,16055,0,ok
998,5072,3,random,bf16,137.3800,5.2134,55199,0,ok
192,192,129,grid,bf16,131.6400,1.3230,2295,0,ok
512,16,512,grid,bf16,130.3900,1.6239,3575,0,ok
1,854,555,random,bf16,137.7700,2.7544,13404,0,ok
128,4104,64,wide_output,bf16,135.4300,2.4297,16829,0,ok
1009,608,25,random,bf16,136.9000,1.6331,6954,0,ok
3482,1493,3,random,bf16,137.8500,5.4723,46367,0,ok
1536,512,768,grid,bf16,137.4000,4.7840,46031,0,ok
79,1,18,random,bf16,129.6400,1.0408,460,0,ok
384,768,1024,grid,bf16,133.9200,3.8225,36767,0,ok
1024,1024,64,thinK,bf16,135.2600,2.2160,11247,0,ok
1,8,2,grid,bf16,130.3100,0.4159,382,0,ok
2,1009,411,random,bf16,132.5100,2.4710,12287,0,ok
127,2048,64,grid,bf16,137.3000,1.6481,8143,0,ok
257,128,2,grid,bf16,132.9000,0.5895,638,0,ok
32,768,257,grid,bf16,131.5000,1.5518,7451,0,ok
256,1120,64,wide_output,bf16,137.6900,1.5256,5741,0,ok
1536,2048,129,grid,bf16,141.8500,4.2711,61375,0,ok
41,253,1402,random,bf16,135.1800,1.9171,9305,0,ok
16,129,32,grid,bf16,131.6100,1.6473,795,0,ok
275,59,331,random,bf16,138.8900,1.4130,1970,0,ok
64,64,2056,deepK,bf16,132.9800,1.6481,7581,0,ok
1536,2048,32,grid,bf16,141.6400,3.6205,30687,0,ok
1536,64,192,grid,bf16,130.9300,1.7091,3835,0,ok
1,8256,1,fat,bf16,130.3000,1.5620,24894,0,ok
1,8256,128,gemv_wideN,bf16,140.8200,4.5992,24894,0,ok
1536,128,32,grid,bf16,137.6800,1.9056,1917,0,ok
768,8,768,grid,bf16,136.0500,2.3311,6899,0,ok
16,2237,2407,random,bf16,139.4300,11.7139,136115,0,ok
768,64,2048,grid,bf16,141.3800,4.3686,18399,0,ok
192,127,16,grid,bf16,134.2800,1.7354,573,0,ok
16,32,1024,grid,bf16,133.2900,1.2028,3183,0,ok
192,768,16,grid,bf16,136.8000,1.8420,3443,0,ok
2346,3510,2,random,bf16,145.6400,8.8684,76383,0,ok
1024,1536,32,grid,bf16,141.0300,2.5582,16871,0,ok
4,384,512,grid,bf16,132.8400,2.0816,4631,0,ok
64,64,2,grid,bf16,132.8200,0.5603,445,0,ok
1,4192,1,fat,bf16,136.2200,1.4651,12638,0,ok
256,1536,257,grid,bf16,140.2400,2.3933,22967,0,ok
3,29,109,random,bf16,135.2600,1.0444,384,0,ok
4233,2,9,random,bf16,134.1000,1.2704,4614,0,ok
512,192,1,grid,bf16,130.8900,1.1260,1787,0,ok
4096,4,32,grid,bf16,133.4000,1.3795,4477,0,ok
12,512,269,random,bf16,132.8800,1.4091,4727,0,ok
2,7482,2208,random,bf16,140.6700,32.2877,407807,0,ok
16,8193,64,wide_output,bf16,137.5600,2.1710,25869,0,ok
8,4,384,grid,bf16,131.8500,1.0439,1169,0,ok
183,7619,591,random,bf16,142.9300,9.1122,169499,0,ok
1024,8,257,grid,bf16,132.8900,2.3063,4217,0,ok
2,12,59,random,bf16,131.0700,1.0490,383,0,ok
32,256,32,grid,bf16,133.1300,1.6488,827,0,ok
8,96,64,grid,bf16,133.0300,1.6477,389,0,ok
16,16,8319,deepK,bf16,136.5200,1.6447,25869,0,ok
16,384,16,grid,bf16,133.3800,1.6481,1193,0,ok
415,228,1808,random,bf16,133.3200,3.3727,23909,0,ok
129,32,128,grid,bf16,129.8300,1.7213,510,0,ok
129,512,8,grid,bf16,134.4800,1.7481,2043,0,ok
2048,32,2048,grid,bf16,134.5200,9.3650,38879,0,ok
512,2,96,grid,bf16,129.7100,1.1797,893,0,ok
96,127,257,grid,bf16,132.6400,1.3216,1433,0,ok
768,2,192,grid,bf16,131.2500,1.3919,2299,0,ok
512,96,257,grid,bf16,131.5100,1.5092,2681,0,ok
256,4,127,grid,bf16,131.6400,1.1854,637,0,ok
128,768,2,grid,bf16,132.3100,1.2507,3059,0,ok
4,768,127,grid,bf16,132.2000,1.3028,2315,0,ok
1464,5079,24,random,bf16,145.5500,7.0905,73839,0,ok
98,1437,574,random,bf16,134.0600,2.8794,28799,0,ok
8,8225,64,wide_output,bf16,131.1200,2.0866,25349,0,ok
4,768,1,grid,bf16,131.0900,1.0062,2315,0,ok
4096,32,2,grid,bf16,131.2900,1.2365,4477,0,ok
128,127,64,grid,bf16,132.9600,1.2146,509,0,ok
384,129,4,grid,bf16,130.9700,1.1759,1531,0,ok
8,2048,8,fat,bf16,132.3300,1.6310,6239,0,ok
768,1024,16,grid,bf16,132.1900,1.7008,9199,0,ok
512,1536,128,grid,bf16,131.4400,2.1213,10727,0,ok
192,128,1536,grid,bf16,131.0800,2.0764,6887,0,ok
1,512,256,gemv_wideN,bf16,136.2100,1.4083,3063,0,ok
512,4096,4,grid,bf16,137.3500,2.7049,28607,0,ok
129,2,384,grid,bf16,131.3200,1.2244,1532,0,ok
256,1536,512,grid,bf16,138.3800,2.9760,30623,0,ok
256,257,512,grid,bf16,131.3200,1.7067,7655,0,ok
293,31,10,random,bf16,131.9400,1.7265,674,0,ok
192,129,128,grid,bf16,130.1400,1.2461,1147,0,ok
128,352,64,wide_output,bf16,130.9700,1.2862,1529,0,ok
1,8193,1,fat,bf16,137.1000,1.5660,24894,0,ok
190,10,17,random,bf16,130.7500,1.6461,571,0,ok
8,1536,2,grid,bf16,131.6000,1.1184,4679,0,ok
289,256,64,thinK,bf16,132.4600,1.3166,1341,0,ok
4096,768,1024,grid,bf16,143.3200,13.5121,214943,0,ok
192,512,64,grid,bf16,136.8300,1.3143,2295,0,ok
8,1024,64,wide_output,bf16,132.7490,1.8124,3119,0,ok
1,4192,64,wide_output,bf16,133.1200,1.6684,12638,0,ok
4096,384,4,grid,bf16,139.0400,2.3884,13433,0,ok
256,96,2048,grid,bf16,134.6100,2.4432,10207,0,ok
1536,2048,192,grid,bf16,143.9600,4.4168,61375,0,ok
127,257,4096,grid,bf16,133.2000,4.0348,48863,0,ok
1,4096,128,gemv_wideN,bf16,131.4500,2.1371,12255,0,ok
2175,2048,64,thinK,bf16,140.8800,5.0167,40911,0,ok
4,96,192,grid,bf16,135.2000,1.6481,771,0,ok
192,256,4096,grid,bf16,138.4700,4.2582,36735,0,ok
716,6153,62,random,bf16,143.0500,5.8418,53801,0,ok
8,8,4192,deepK,bf16,133.1000,1.2848,12869,0,ok
23,5,94,random,bf16,132.3700,1.0506,404,0,ok
16,16,8,grid,bf16,136.4500,1.1145,397,0,ok
127,16,16,grid,bf16,132.6400,1.1172,508,0,ok
1536,129,768,grid,bf16,136.9300,3.6091,23015,0,ok
257,2048,4,grid,bf16,138.6000,1.5604,10223,0,ok
1,4129,1,fat,bf16,136.2500,1.4889,12638,0,ok
384,768,8,grid,bf16,138.5500,2.0169,4595,0,ok
32,2,2048,grid,bf16,133.8400,1.9088,6623,0,ok
512,2,1536,grid,bf16,133.5800,2.6576,10727,0,ok
131,4,2162,random,bf16,135.8600,1.7975,8720,0,ok
32,512,1024,grid,bf16,130.3500,2.1136,13247,0,ok
512,257,8,grid,bf16,136.0800,1.7974,2681,0,ok
64,129,257,grid,bf16,131.3600,1.3194,2675,0,ok
2550,6,166,random,bf16,130.2600,2.4644,5863,0,ok
16,4,1024,grid,bf16,130.1900,1.6439,3183,0,ok
32,256,128,grid,bf16,133.6900,1.7547,827,0,ok
192,256,257,grid,bf16,137.9200,1.5133,3443,0,ok
129,512,2,grid,bf16,132.2300,1.1182,2043,0,ok
90,8,2264,random,bf16,133.1900,1.6496,8495,0,ok
2048,256,2,grid,bf16,136.2100,1.5151,4859,0,ok
4,512,4,grid,bf16,131.9500,1.0438,1543,0,ok
41,3970,1,random,bf16,135.4800,1.1810,13535,0,ok
1,293,293,random,bf16,130.7700,1.3948,3446,0,ok
768,8,1536,grid,bf16,138.5400,3.3993,13799,0,ok
257,512,129,grid,bf16,135.4900,1.5252,5111,0,ok
1,8,1024,grid,bf16,130.6000,1.6476,3063,0,ok
4096,127,16,grid,bf16,130.3200,2.1726,4477,0,ok
256,64,128,grid,bf16,129.9900,1.2403,637,0,ok
70,232,1868,random,bf16,136.8700,2.2133,13559,0,ok
96,16,4,grid,bf16,129.3400,1.0681,477,0,ok
1,257,16,gemv_wideN,bf16,131.9300,1.0409,1148,0,ok
2,1024,768,grid,bf16,129.4400,2.4663,18431,0,ok
4,2213,387,random,bf16,137.3400,2.7198,27791,0,ok
129,8,192,grid,bf16,132.6800,1.7357,1021,0,ok
2,127,4,grid,bf16,131.7200,0.4518,383,0,ok
8,127,512,grid,bf16,131.7400,1.9072,1559,0,ok
1536,128,96,grid,bf16,131.6100,1.5486,1917,0,ok
188,1862,8043,random,bf16,141.1000,31.9402,538649,0,ok
1536,257,768,grid,bf16,137.3100,3.8314,34523,0,ok
127,384,512,grid,bf16,134.9600,1.7342,6107,0,ok
64,127,1,grid,bf16,130.6700,0.4326,445,0,ok
4,1536,384,grid,bf16,131.6600,2.1493,13895,0,ok
1536,257,127,grid,bf16,133.6900,1.7577,5753,0,ok
1,2,16,grid,bf16,130.8400,0.4647,382,0,ok
1536,384,4,grid,bf16,133.6400,1.5866,5753,0,ok
257,128,256,grid,bf16,130.4200,1.3747,1277,0,ok
16,64,192,grid,bf16,131.7100,1.6453,795,0,ok
1,2,8,grid,bf16,134.2800,0.4660,382,0,ok
2,32,768,grid,bf16,131.5500,1.7198,2303,0,ok
1024,8,256,grid,bf16,131.7700,2.2834,2811,0,ok
8,4104,64,wide_output,bf16,134.1800,2.2907,12869,0,ok
8,8,520,deepK,bf16,130.3900,1.6375,1949,0,ok
512,128,8,grid,bf16,135.0600,1.1982,893,0,ok
324,3,44,random,bf16,131.8600,1.1195,705,0,ok
64,127,192,grid,bf16,132.9000,1.2302,891,0,ok
2048,512,768,grid,bf16,140.8100,6.0133,58319,0,ok
1536,257,384,grid,bf16,136.8000,2.6648,17261,0,ok
64,129,8,grid,bf16,132.2100,1.1417,891,0,ok
256,1,64,grid,bf16,130.0800,1.1160,637,0,ok
2,129,192,grid,bf16,132.6000,1.2025,1535,0,ok
64,257,96,grid,bf16,132.7800,1.2184,1337,0,ok
1,4097,64,wide_output,bf16,130.7200,1.6583,12638,0,ok
127,4096,768,grid,bf16,137.5300,8.2813,97727,0,ok
256,8192,256,fat,bf16,136.8000,6.3397,81663,0,ok
192,192,1536,grid,bf16,138.0000,2.2090,13775,0,ok
3677,852,2,random,bf16,141.8700,4.2609,28412,0,ok
328,7,2,random,bf16,134.2100,0.5252,709,0,ok
127,16,384,grid,bf16,129.9000,1.2096,1526,0,ok
53,692,375,random,bf16,132.2000,1.7961,7829,0,ok
1536,96,96,grid,bf16,138.0000,1.5056,1917,0,ok
3,472,111,random,bf16,133.2700,1.2106,1539,0,ok
32,512,2048,grid,bf16,134.8700,3.0487,26495,0,ok
384,4,8,grid,bf16,130.0000,1.0690,765,0,ok
23,12,128,random,bf16,130.2900,1.0475,404,0,ok
2048,4,8,grid,bf16,132.2100,1.1298,2429,0,ok
8192,128,128,tall,bf16,139.9500,3.4532,8573,0,ok
2048,32,127,grid,bf16,133.7600,2.2962,2429,0,ok
96,4,16,grid,bf16,133.7400,1.0303,477,0,ok
8288,16,16,tall,bf16,136.0100,2.0823,8669,0,ok
4097,64,64,tall,bf16,135.6400,1.8532,4478,0,ok
2049,128,128,tall,bf16,133.9100,2.0598,2430,0,ok
4096,1536,4096,grid,bf16,195.0100,80.2234,1719551,0,ok
96,16,16,grid,bf16,133.6000,1.1186,477,0,ok
4,3,94,random,bf16,132.0800,0.9879,385,0,ok
2655,2491,69,random,bf16,147.0500,7.2859,60739,0,ok
53,73,14,random,bf16,131.5000,1.1191,434,0,ok
8200,8,8,tall,bf16,133.2300,1.3206,8581,0,ok
768,32,32,grid,bf16,131.9800,1.8023,1149,0,ok
768,257,2,grid,bf16,131.9500,1.2420,3449,0,ok
9,21,300,random,bf16,134.6100,1.1203,1172,0,ok
8,1086,4,random,bf16,134.9100,1.1131,3509,0,ok
1,2144,128,gemv_wideN,bf16,135.9100,1.8847,6510,0,ok
384,64,2,grid,bf16,131.1800,0.5850,765,0,ok
8,192,256,grid,bf16,131.2500,1.8025,1559,0,ok
967,255,154,random,bf16,134.1200,1.7140,5395,0,ok
64,1,127,grid,bf16,132.1600,1.1269,445,0,ok
4038,40,34,random,bf16,131.6800,2.1618,4419,0,ok
1536,128,256,grid,bf16,132.3600,2.0021,3835,0,ok
128,127,256,grid,bf16,126.0500,1.2986,1019,0,ok
32,16,4,grid,bf16,123.3100,1.0476,413,0,ok
384,8,1024,grid,bf16,126.8600,1.8937,6127,0,ok
2048,1,1536,grid,bf16,130.7600,7.3433,29159,0,ok
256,1025,64,wide_output,bf16,126.6700,1.4884,5741,0,ok
256,257,16,grid,bf16,126.3900,1.7507,1913,0,ok
8,383,64,wide_output,bf16,125.1400,1.6262,1169,0,ok
1536,64,16,grid,bf16,124.1100,1.7927,1917,0,ok
32,2,96,grid,bf16,125.5300,1.0312,413,0,ok
1,545,128,gemv_wideN,bf16,129.7000,1.2970,1914,0,ok
677,1891,217,random,bf16,130.8200,3.2479,31769,0,ok
131,50,56,random,bf16,127.5600,1.1507,512,0,ok
128,128,1120,deepK,bf16,128.0600,1.7034,4589,0,ok
18,7179,2,random,bf16,127.3300,1.2984,22799,0,ok
85,1476,5140,random,bf16,136.4200,15.8533,229763,0,ok
192,2048,1,grid,bf16,131.5700,1.3308,9183,0,ok
4640,1921,15,random,bf16,137.8900,9.4154,80351,0,ok
256,2,64,grid,bf16,123.6000,1.0959,637,0,ok
517,4814,38,random,bf16,134.2800,3.3426,34161,0,ok
2048,1,16,grid,bf16,128.1900,1.1060,2429,0,ok
768,128,64,grid,bf16,124.9500,1.2914,1149,0,ok
128,545,64,wide_output,bf16,125.7500,1.3048,2549,0,ok
2,96,127,grid,bf16,123.4100,1.1028,383,0,ok
1,256,8,gemv_wideN,bf16,128.8800,0.9907,765,0,ok
128,639,64,wide_output,bf16,125.1600,1.2914,2549,0,ok
93,4497,22,random,bf16,125.9000,2.2684,17099,0,ok
96,192,129,grid,bf16,127.1600,1.2913,1911,0,ok
2048,129,4,grid,bf16,127.9000,1.2971,4859,0,ok
1536,256,4,grid,bf16,131.5300,1.3770,3835,0,ok
1536,96,4,grid,bf16,124.8000,1.2125,1917,0,ok
70,1,3610,random,bf16,129.3700,2.2737,13107,0,ok
1024,2,127,grid,bf16,125.2000,1.3698,1405,0,ok
32,257,1024,grid,bf16,125.7100,1.7463,9935,0,ok
256,4104,256,fat,bf16,130.9900,3.6911,42107,0,ok
653,4255,150,random,bf16,137.2400,4.3750,70379,0,ok
3641,123,461,random,bf16,134.9700,5.1448,16091,0,ok
127,192,1024,grid,bf16,131.2100,1.7888,8143,0,ok
8,16,192,grid,bf16,127.7600,1.6211,779,0,ok
257,384,2048,grid,bf16,132.9500,3.6445,30671,0,ok
2,127,96,grid,bf16,125.9700,1.1152,383,0,ok
8,8,1025,deepK,bf16,126.6000,1.0994,3509,0,ok
2,384,4,grid,bf16,125.6800,1.0065,1151,0,ok
96,16,1,grid,bf16,124.0600,0.3900,477,0,ok
1511,5,8149,random,bf16,132.7600,23.8896,121151,0,ok
7431,94,912,random,bf16,135.5800,13.2113,62503,0,ok
32,384,129,grid,bf16,126.7200,1.2315,2483,0,ok
534,31,206,random,bf16,125.2800,1.3819,1831,0,ok
384,512,2,grid,bf16,126.9400,1.2903,3063,0,ok
384,512,4,grid,bf16,128.9000,1.3598,3063,0,ok
1,1,1084,random,bf16,124.2200,1.9990,3446,0,ok
127,96,2,grid,bf16,125.3100,0.5464,508,0,ok
1057,128,128,tall,bf16,127.7800,1.5899,1438,0,ok
3,3131,69,random,bf16,125.1900,1.5977,9624,0,ok
2,1310,11,random,bf16,125.2300,1.0997,4223,0,ok
1114,840,5,random,bf16,131.2400,2.0572,10471,0,ok
64,768,129,grid,bf16,124.2000,1.3480,5351,0,ok
1,4097,256,gemv_wideN,bf16,132.3600,3.7339,25277,0,ok
1,8319,256,gemv_wideN,bf16,134.4700,5.8144,49789,0,ok
384,4096,127,grid,bf16,131.8300,3.4381,24511,0,ok
1024,8,4096,grid,bf16,134.1800,9.2767,44991,0,ok
1,166,2,random,bf16,125.3100,0.4182,765,0,ok
75,18,714,random,bf16,124.1400,1.2943,2741,0,ok
1,2056,8,gemv_wideN,bf16,126.1400,1.0969,6510,0,ok
1120,128,128,tall,bf16,127.8400,1.5065,1501,0,ok
127,127,128,grid,bf16,126.2300,1.2243,508,0,ok
2056,8,8,tall,bf16,127.1800,1.1846,2437,0,ok
1536,384,127,grid,bf16,128.9300,1.9353,5753,0,ok
257,257,384,grid,bf16,127.1900,1.6747,5750,0,ok
384,1,8,grid,bf16,127.6100,1.0308,765,0,ok
38,800,112,random,bf16,125.1300,1.8971,2939,0,ok
8,8,1151,deepK,bf16,125.5600,1.0982,3509,0,ok
128,128,1025,deepK,bf16,128.6100,1.6567,4589,0,ok
384,127,384,grid,bf16,125.4600,1.5919,2297,0,ok
256,129,384,grid,bf16,126.2900,1.4471,3827,0,ok
432,4,436,random,bf16,126.2600,2.1413,3255,0,ok
384,1,16,grid,bf16,130.2300,1.0688,765,0,ok
8,256,8,grid,bf16,133.7900,1.0433,779,0,ok
64,128,1536,grid,bf16,131.2400,1.6612,5351,0,ok
655,36,1690,random,bf16,135.7800,3.5255,14517,0,ok
768,256,64,grid,bf16,133.9300,1.4110,2299,0,ok
8192,16,16,tall,bf16,133.8700,2.0462,8573,0,ok
4096,257,128,grid,bf16,141.0000,2.8483,13433,0,ok
256,129,256,grid,bf16,134.5700,1.4267,2551,0,ok
257,127,4,grid,bf16,133.3100,1.2125,638,0,ok
512,1536,64,grid,bf16,131.7600,1.8628,10727,0,ok
1024,768,128,grid,bf16,133.1100,2.0519,8435,0,ok
768,257,32,grid,bf16,129.7400,1.3511,3449,0,ok
64,32,64,grid,bf16,126.8100,1.6218,445,0,ok
16,16,512,grid,bf16,125.2100,1.1067,1591,0,ok
129,64,64,grid,bf16,125.9100,1.1955,510,0,ok
295,5206,22,random,bf16,133.0200,2.7578,27756,0,ok
192,256,4,grid,bf16,125.4000,1.1706,1147,0,ok
384,512,257,grid,bf16,127.9400,1.8381,9191,0,ok
6523,53,106,random,bf16,129.7400,2.5078,6904,0,ok
34,28,14,random,bf16,126.6000,1.0989,415,0,ok
1536,16,4096,grid,bf16,132.6100,11.6722,61375,0,ok
1,1,768,grid,bf16,123.6500,2.0119,2297,0,ok
1536,32,128,grid,bf16,124.8000,2.1142,1917,0,ok
2446,2905,4871,random,bf16,228.6500,104.6893,2536715,0,ok
64,1024,257,grid,bf16,126.8700,1.7238,10703,0,ok
4096,64,129,grid,bf16,128.5800,2.2666,8955,0,ok
16,16,352,deepK,bf16,126.7600,1.0981,1193,0,ok
512,96,1536,grid,bf16,134.4100,2.8950,10727,0,ok
1,128,2048,grid,bf16,130.1100,2.4965,6127,0,ok
16,4096,16,fat,bf16,125.0000,1.8788,12735,0,ok
1530,3947,329,random,bf16,145.8700,12.1025,177815,0,ok
384,128,384,grid,bf16,132.2500,1.5630,2297,0,ok
1,309,2,random,bf16,128.7200,0.4220,1148,0,ok
576,128,128,tall,bf16,127.7200,1.3468,957,0,ok
128,64,256,grid,bf16,130.3000,1.2242,1019,0,ok
8,127,1024,grid,bf16,125.1000,1.3531,3119,0,ok
1536,129,16,grid,bf16,131.7800,1.9011,3835,0,ok
127,2,192,grid,bf16,123.9700,1.0987,1017,0,ok
192,384,64,grid,bf16,131.6100,1.2957,1721,0,ok
129,2048,4,grid,bf16,129.6000,1.8965,8175,0,ok
384,4096,768,grid,bf16,134.5400,10.4470,147071,0,ok
80,292,2028,random,bf16,131.3500,2.5816,22175,0,ok
1536,1,2048,grid,bf16,135.3800,7.3753,30687,0,ok
384,128,96,grid,bf16,125.1700,1.2942,765,0,ok
4,2048,2048,grid,bf16,132.0400,8.3668,98815,0,ok
8,256,2048,grid,bf16,126.3500,2.0580,12479,0,ok
257,96,2048,grid,bf16,131.0000,2.5106,10223,0,ok
128,512,128,grid,bf16,125.8900,1.3819,2039,0,ok
16,264,16,fat,bf16,127.8100,1.6262,1193,0,ok
192,256,129,grid,bf16,128.2900,1.3507,2295,0,ok
7,103,99,random,bf16,128.4700,1.6248,388,0,ok
4096,1,1,grid,bf16,129.5500,1.5270,4477,0,ok
32,256,512,grid,bf16,125.4800,1.4046,3311,0,ok
281,13,1,random,bf16,125.3700,0.4274,662,0,ok
1,257,127,grid,bf16,126.6400,1.1955,1148,0,ok
2,512,257,grid,bf16,125.4900,1.3706,4607,0,ok
22,5670,3,random,bf16,128.6200,1.2902,18179,0,ok
2,1,129,grid,bf16,125.9500,1.0057,767,0,ok
8,2144,64,wide_output,bf16,126.5600,1.8970,6629,0,ok
1536,1,384,grid,bf16,129.4800,2.7600,5753,0,ok
2809,8,347,random,bf16,129.1400,2.7487,9572,0,ok
127,1,4,grid,bf16,130.5200,0.4403,508,0,ok
10,425,16,random,bf16,127.3800,1.6242,1567,0,ok
289,16,16,tall,bf16,126.5890,1.6226,670,0,ok
701,8,874,random,bf16,126.8700,2.3848,7580,0,ok
96,96,128,grid,bf16,123.7400,1.1582,477,0,ok
32,384,2,grid,bf16,124.3500,0.5434,1241,0,ok
1,740,6391,random,bf16,133.5100,10.1744,114899,0,ok
128,8193,128,fat,bf16,132.4800,4.3750,33149,0,ok
256,1120,256,fat,bf16,132.8300,1.9171,11483,0,ok
129,4096,4096,grid,bf16,134.1800,32.7527,523263,0,ok
2,129,1024,grid,bf16,127.1200,1.9767,6143,0,ok
1024,127,4096,grid,bf16,133.8200,10.0905,44991,0,ok
4096,2048,96,grid,bf16,138.5600,10.3586,71647,0,ok
16,513,64,wide_output,bf16,124.1100,1.7508,1989,0,ok
768,257,768,grid,bf16,132.1600,2.6483,20699,0,ok
1,576,8,gemv_wideN,bf16,130.5400,1.0391,1914,0,ok
16,1024,1024,grid,bf16,128.8100,2.9331,25471,0,ok
16,32,8,grid,bf16,122.8600,1.1003,397,0,ok
2,16,768,grid,bf16,124.1100,1.6222,2303,0,ok
128,2048,16,grid,bf16,130.8800,2.0212,8159,0,ok
3,188,4,random,bf16,124.1500,0.9777,769,0,ok
1024,384,129,grid,bf16,132.0100,1.7812,8435,0,ok
512,512,96,grid,bf16,131.0200,1.4885,3575,0,ok
4,512,16,grid,bf16,132.5100,1.0652,1543,0,ok
1,2048,1024,grid,bf16,139.5300,5.7407,49023,0,ok
3,1,16,random,bf16,130.3400,0.4890,384,0,ok
1,4,6960,random,bf16,131.1500,1.9007,21064,0,ok
4,4,192,grid,bf16,132.3700,1.0170,771,0,ok
4,128,1536,grid,bf16,130.4200,1.4873,4631,0,ok
512,16,96,grid,bf16,132.0200,1.7727,893,0,ok
256,1025,256,fat,bf16,128.7400,1.8344,11483,0,ok
129,96,2,grid,bf16,132.1500,0.5859,510,0,ok
64,512,192,grid,bf16,130.4600,1.3762,3567,0,ok
35,940,12,random,bf16,130.0400,1.7697,3335,0,ok
8200,128,128,tall,bf16,136.7000,4.3566,8581,0,ok
4096,127,2048,grid,bf16,140.6500,16.1373,71647,0,ok
768,2048,8,grid,bf16,131.6190,2.3287,18399,0,ok
768,512,768,grid,bf16,139.4200,3.2852,27599,0,ok
4,129,16,grid,bf16,130.4000,1.1089,771,0,ok
2,4,64,grid,bf16,130.2200,0.4509,383,0,ok
1,513,16,gemv_wideN,bf16,134.8600,1.1231,1914,0,ok
8,2144,8,fat,bf16,134.9100,1.6563,6629,0,ok
2,129,128,grid,bf16,132.0700,1.1174,767,0,ok
3,76,325,random,bf16,132.4200,1.7423,1154,0,ok
192,1536,16,grid,bf16,137.9000,1.9660,6887,0,ok
2,2048,512,grid,bf16,133.2200,2.9731,24575,0,ok
7,332,1751,random,bf16,137.2600,2.3236,16337,0,ok
16,32,4,grid,bf16,133.5200,1.0600,397,0,ok
512,257,2048,grid,bf16,139.9100,4.0340,42911,0,ok
96,4096,4,grid,bf16,135.1700,1.4570,15295,0,ok
8193,1,1,tall,bf16,133.4000,1.5659,8574,0,ok
4,16,1024,grid,bf16,133.2100,1.6508,3087,0,ok
256,192,256,grid,bf16,135.0100,1.4013,2551,0,ok
2048,8,127,grid,bf16,134.2600,1.6468,2429,0,ok
512,127,32,grid,bf16,132.8500,1.8060,893,0,ok
129,8,1,grid,bf16,130.7100,0.4230,510,0,ok
5,4,684,random,bf16,134.5900,1.6446,2321,0,ok
148,152,2,random,bf16,133.8000,1.1144,1059,0,ok
256,1024,1024,grid,bf16,135.5600,3.7831,40831,0,ok
64,32,129,grid,bf16,133.0700,1.1623,891,0,ok
129,96,512,grid,bf16,133.7200,1.3771,2043,0,ok
128,128,8192,deepK,bf16,131.7800,4.7110,32639,0,ok
8,8,1057,deepK,bf16,130.5400,1.1113,3509,0,ok
8,768,1536,grid,bf16,132.0800,3.1649,28079,0,ok
1,8192,8,gemv_wideN,bf16,135.5000,1.3158,24511,0,ok
4096,1024,8,grid,bf16,143.9600,4.5090,35823,0,ok
2,1536,8,grid,bf16,132.9800,1.1248,4607,0,ok
8,1,512,grid,bf16,131.1700,1.6542,1559,0,ok
1024,768,384,grid,bf16,133.1400,3.2928,25307,0,ok
7112,983,12,random,bf16,142.9800,6.6645,59951,0,ok
384,64,16,grid,bf16,128.8900,1.7413,765,0,ok
3,768,25,random,bf16,131.6600,1.1249,2309,0,ok
2048,96,1024,grid,bf16,138.9500,5.3579,19439,0,ok
128,8,64,grid,bf16,132.2000,1.0681,509,0,ok
96,4096,2,grid,bf16,129.5600,1.4112,15295,0,ok
16,16,64,grid,bf16,133.0100,1.0507,397,0,ok
1536,1,1,grid,bf16,133.2400,0.9884,1917,0,ok
1,8319,8,gemv_wideN,bf16,135.0600,1.3150,24894,0,ok
1,512,64,wide_output,bf16,131.4700,1.1067,1531,0,ok
129,127,4,grid,bf16,132.5200,1.1661,510,0,ok
1120,256,256,tall,bf16,136.7700,1.8651,6007,0,ok
64,64,2112,deepK,bf16,131.7400,1.6447,7581,0,ok
2048,64,32,grid,bf16,131.2000,1.9169,2429,0,ok
16,2048,768,grid,bf16,136.8300,3.8610,38207,0,ok
32,8,4096,grid,bf16,133.4800,1.4442,13247,0,ok
32,8,2048,grid,bf16,129.5500,1.3184,6623,0,ok
32,4,128,grid,bf16,132.9300,1.0486,413,0,ok
4,64,2,grid,bf16,130.4100,0.5067,385,0,ok
1024,768,64,grid,bf16,138.6900,1.8282,8435,0,ok
129,1,1536,grid,bf16,130.9900,2.1418,6131,0,ok
32,129,96,grid,bf16,135.1000,1.7501,827,0,ok
9,1973,1451,random,bf16,133.2100,6.3286,75071,0,ok
1,362,1,random,bf16,131.3800,0.8562,1148,0,ok
64,32,1024,grid,bf16,131.2400,1.3135,3567,0,ok
1536,129,257,grid,bf16,130.1400,2.0814,11507,0,ok
384,384,1024,grid,bf16,129.4200,2.8003,18383,0,ok
1856,2,3767,random,bf16,137.4100,13.1654,67139,0,ok
383,8,8,tall,bf16,132.1800,1.1133,764,0,ok
64,384,1536,grid,bf16,132.0300,2.3250,16055,0,ok
128,2048,4,grid,bf16,132.0700,1.4514,8159,0,ok
128,384,127,grid,bf16,131.4100,1.3169,1529,0,ok
32,4096,127,grid,bf16,131.8200,2.7198,13247,0,ok
2048,4,96,grid,bf16,132.7200,1.4589,2429,0,ok
1,1024,64,wide_output,bf16,130.0400,1.2473,3063,0,ok
384,16,4,grid,bf16,132.3800,1.1230,765,0,ok
2048,1024,256,grid,bf16,140.1110,3.9711,38879,0,ok
257,1536,128,grid,bf16,133.2700,1.7430,7667,0,ok
2,4520,900,random,bf16,129.4700,8.3828,110591,0,ok
512,4,192,grid,bf16,131.7400,1.3118,1787,0,ok
158,1,3,random,bf16,132.2500,1.0158,539,0,ok
7,736,1563,random,bf16,139.1200,3.2153,30341,0,ok
512,384,2048,grid,bf16,136.2800,4.6219,42911,0,ok
20,312,34,random,bf16,131.3100,1.7120,1205,0,ok
8,2,129,grid,bf16,131.5400,1.0472,779,0,ok
2,4096,1024,grid,bf16,131.2000,8.3765,98303,0,ok
384,1536,32,grid,bf16,131.3000,1.7588,9191,0,ok
1840,896,1,random,bf16,137.9500,3.4837,15553,0,ok
8,512,512,grid,bf16,133.4700,2.2442,6239,0,ok
129,1024,129,grid,bf16,134.2100,1.4767,8175,0,ok
256,1024,16,grid,bf16,138.0700,1.9008,5103,0,ok
64,1024,2048,grid,bf16,133.0600,5.0160,57087,0,ok
1536,16,1536,grid,bf16,138.3900,5.7354,23015,0,ok
128,128,4096,grid,bf16,130.3900,2.9643,16319,0,ok
106,240,7,random,bf16,134.4800,1.1574,975,0,ok
2,1536,127,grid,bf16,130.0500,1.4666,4607,0,ok
828,58,12,random,bf16,132.6600,1.7971,1209,0,ok
1,192,127,grid,bf16,130.5700,1.1159,765,0,ok
384,4,96,grid,bf16,130.9000,1.1245,765,0,ok
192,257,512,grid,bf16,136.0000,1.6432,6887,0,ok
192,129,64,grid,bf16,132.6300,1.2534,1147,0,ok
2175,256,256,tall,bf16,139.2400,2.6335,10227,0,ok
129,16,8,grid,bf16,133.2000,1.1263,510,0,ok
384,512,96,grid,bf16,130.2700,1.4548,3063,0,ok
1536,257,1,grid,bf16,129.9100,2.3042,5753,0,ok
2379,275,5676,random,bf16,143.0300,30.3207,372734,0,ok
16,768,1024,grid,bf16,135.7700,2.5109,19103,0,ok
6,181,317,random,bf16,131.8500,1.8117,2327,0,ok
54,587,451,random,bf16,132.6700,1.7618,8719,0,ok
3,247,1111,random,bf16,132.5200,2.3025,6929,0,ok
7,32,96,random,bf16,130.7000,1.1244,388,0,ok
64,128,129,grid,bf16,130.6300,1.1916,891,0,ok
6,3,131,random,bf16,126.3600,1.0375,775,0,ok
816,566,72,random,bf16,131.0400,1.8029,5989,0,ok
96,16,32,grid,bf16,128.2900,1.6221,477,0,ok
32,2,2,grid,bf16,124.7400,0.4941,413,0,ok
384,4,192,grid,bf16,126.1200,1.2467,1531,0,ok
1,545,64,wide_output,bf16,129.0900,1.1928,1914,0,ok
2,192,1536,grid,bf16,125.6500,2.2918,9215,0,ok
1211,1223,2,random,bf16,132.3200,2.2865,15929,0,ok
256,2056,64,wide_output,bf16,129.2100,1.7381,10845,0,ok
127,16,128,grid,bf16,125.2000,1.6154,508,0,ok
2,768,2,grid,bf16,125.9500,1.0291,2303,0,ok
256,64,256,grid,bf16,124.2900,1.3133,1275,0,ok
96,96,4096,grid,bf16,131.6200,2.4849,15295,0,ok
127,32,2,grid,bf16,125.4000,0.5143,508,0,ok
64,16,257,grid,bf16,121.6000,1.1393,1337,0,ok
2048,768,129,grid,bf16,132.9900,3.0004,29159,0,ok
257,128,16,grid,bf16,126.1600,1.7561,638,0,ok
257,4,1024,grid,bf16,125.4600,2.2878,5111,0,ok
32,2048,2048,grid,bf16,132.4900,8.5417,105983,0,ok
1536,257,1024,grid,bf16,131.2500,4.6612,46031,0,ok
2081,64,64,tall,bf16,126.9690,1.5571,2462,0,ok
256,127,256,grid,bf16,126.5700,1.3739,1275,0,ok
128,128,8256,deepK,bf16,134.2200,4.7672,33149,0,ok
14,74,9,random,bf16,125.5300,1.0215,395,0,ok
404,419,4595,random,bf16,133.0500,8.6126,113183,0,ok
4,16,256,grid,bf16,125.3900,1.0535,771,0,ok
16,512,16,fat,bf16,126.0700,1.6340,1591,0,ok
409,994,439,random,bf16,131.1800,2.6836,25311,0,ok
1,1024,4,grid,bf16,126.6600,1.0410,3063,0,ok
1539,130,5914,random,bf16,134.8400,20.1672,180573,0,ok
257,2048,768,grid,bf16,129.4300,4.6890,61343,0,ok
512,127,1,grid,bf16,123.7100,1.1014,893,0,ok
8,8,96,grid,bf16,124.8900,1.0034,389,0,ok
16,1032,16,fat,bf16,125.2800,1.7210,3581,0,ok
69,2,27,random,bf16,125.3100,1.0306,450,0,ok
62,4,20,random,bf16,125.2800,1.0549,443,0,ok
1090,208,4,random,bf16,129.6100,1.3470,2943,0,ok
257,1024,129,grid,bf16,129.0600,1.6300,10223,0,ok
7624,382,652,random,bf16,134.5500,13.9549,144107,0,ok
32,512,384,grid,bf16,126.3700,1.5267,4967,0,ok
257,8,192,grid,bf16,127.4700,1.7914,1277,0,ok
1,1151,1,fat,bf16,128.8300,1.4398,3446,0,ok
16,1,257,grid,bf16,133.9700,1.1070,1193,0,ok
1,2112,1,fat,bf16,131.7100,1.4434,6510,0,ok
256,64,16,grid,bf16,125.8300,1.7183,637,0,ok
192,256,64,grid,bf16,128.2700,1.2351,1147,0,ok
3879,18,89,random,bf16,127.0800,2.3862,4260,0,ok
127,768,257,grid,bf16,129.6400,1.7704,9161,0,ok
110,215,35,random,bf16,127.2900,1.7836,983,0,ok
1071,3,1063,random,bf16,129.7300,3.1998,13076,0,ok
384,2048,1,grid,bf16,135.8900,2.2895,12255,0,ok
2,384,192,grid,bf16,128.9000,1.2188,2303,0,ok
2,512,96,grid,bf16,126.3800,1.1616,1535,0,ok
512,192,127,grid,bf16,129.7800,1.2974,1787,0,ok
8,129,32,grid,bf16,125.6000,1.6232,779,0,ok
32,4,512,grid,bf16,124.1600,1.6289,1655,0,ok
127,127,4,grid,bf16,126.3100,1.0962,508,0,ok
384,192,2,grid,bf16,133.3400,0.6310,1531,0,ok
11,19,3019,random,bf16,134.6300,1.3726,9431,0,ok
129,1024,128,grid,bf16,130.2800,1.4661,4087,0,ok
9,729,3,random,bf16,131.8200,1.1190,2345,0,ok
64,64,257,deepK,bf16,129.6800,1.2159,1337,0,ok
576,1,1,tall,bf16,131.4200,1.4268,957,0,ok
6,348,318,random,bf16,131.7400,1.9221,3491,0,ok
1,4104,16,gemv_wideN,bf16,132.6700,1.2783,12638,0,ok
127,1,32,grid,bf16,130.1200,1.0544,508,0,ok
2144,16,16,tall,bf16,131.2300,1.8297,2525,0,ok
64,64,2048,deepK,bf16,131.9200,1.6418,7135,0,ok
4096,4096,64,grid,bf16,155.7500,15.1780,143295,0,ok
111,27,2387,random,bf16,133.7600,1.8179,9366,0,ok
129,4,768,grid,bf16,130.2600,1.9152,3065,0,ok
128,4096,96,grid,bf16,140.3700,2.2979,16319,0,ok
1,1,4160,deepK,bf16,133.1400,2.1696,12638,0,ok
128,512,4,grid,bf16,129.7200,1.2320,2039,0,ok
2,6806,7953,random,bf16,209.0100,104.5379,1306367,0,ok
695,7867,1239,random,bf16,156.5710,25.8806,667739,0,ok
4,1536,129,grid,bf16,134.7100,2.0975,9263,0,ok
2048,129,2,grid,bf16,140.9700,1.3160,4859,0,ok
162,1,4372,random,bf16,139.8900,3.1678,19039,0,ok
1,128,2,grid,bf16,130.4400,0.4445,382,0,ok
1,608,128,gemv_wideN,bf16,134.5900,1.3254,1914,0,ok
5,5088,178,random,bf16,137.6300,2.7780,30959,0,ok
4096,1,384,grid,bf16,138.1000,4.5313,13433,0,ok
4,768,8,grid,bf16,132.9100,1.0456,2315,0,ok
11,75,1412,random,bf16,134.4500,1.4193,4715,0,ok
128,1,768,grid,bf16,138.1700,1.9150,3059,0,ok
1,1,4192,deepK,bf16,131.1200,2.1472,12638,0,ok
129,128,384,grid,bf16,132.9500,1.3525,1532,0,ok
2048,192,16,grid,bf16,135.4400,2.0255,4859,0,ok
192,1,768,grid,bf16,135.4900,2.0045,3443,0,ok
5047,4,4,random,bf16,133.4900,1.2761,5428,0,ok
256,96,96,grid,bf16,135.4400,1.2456,637,0,ok
1,256,16,gemv_wideN,bf16,134.3100,1.0607,765,0,ok
16,2175,16,fat,bf16,137.4500,1.7695,6765,0,ok
192,127,257,grid,bf16,136.2500,1.4420,1721,0,ok
2048,16,8,grid,bf16,133.1000,1.2079,2429,0,ok
128,1,32,grid,bf16,135.2400,1.0481,509,0,ok
481,4,152,random,bf16,132.9800,1.2492,1725,0,ok
1,4096,256,grid,bf16,133.1700,3.6761,24511,0,ok
33,2782,1,random,bf16,132.3000,1.1112,9129,0,ok
8,8,192,grid,bf16,133.1200,1.0437,779,0,ok
405,216,1388,random,bf16,139.8300,2.7671,17313,0,ok
127,32,192,grid,bf16,134.6900,1.1998,1017,0,ok
2,5,14,random,bf16,131.4900,0.4605,383,0,ok
675,822,3398,random,bf16,137.9500,13.6388,199772,0,ok
64,257,64,fat,bf16,129.7700,1.1933,1337,0,ok
1021,6,333,random,bf16,130.8800,2.3260,4208,0,ok
512,768,32,grid,bf16,135.8200,1.4464,5363,0,ok
16,127,768,grid,bf16,128.5200,1.3109,2387,0,ok
16,1536,384,grid,bf16,128.2200,2.1468,14327,0,ok
129,4,192,grid,bf16,127.4300,1.1788,1021,0,ok
3,1548,11,random,bf16,132.1300,1.1226,5004,0,ok
4,128,32,grid,bf16,133.4600,1.0727,385,0,ok
16,32,129,grid,bf16,132.9900,1.6483,795,0,ok
24,402,699,random,bf16,135.3200,1.8009,9743,0,ok
1536,384,2,grid,bf16,140.2400,1.5590,5753,0,ok
1536,8,127,grid,bf16,132.6700,1.5281,1917,0,ok
16,1,129,grid,bf16,131.1300,1.1269,795,0,ok
127,1024,128,grid,bf16,132.9600,1.5295,4071,0,ok
468,11,705,random,bf16,138.7800,1.8941,5099,0,ok
2,32,2,grid,bf16,132.5500,0.4600,383,0,ok
4,791,514,random,bf16,133.5400,2.5784,13509,0,ok
129,96,96,grid,bf16,131.9500,1.2165,510,0,ok
768,384,127,grid,bf16,139.1100,1.6104,3449,0,ok
1,3,232,random,bf16,132.1600,1.0586,765,0,ok
16,16,2048,deepK,bf16,134.5400,1.2543,6367,0,ok
128,1,512,grid,bf16,134.3900,1.8009,2039,0,ok
384,8,129,grid,bf16,132.5800,1.8037,1531,0,ok
8,2048,129,grid,bf16,132.8100,2.3019,12479,0,ok
8,608,8,fat,bf16,132.3400,1.6494,1949,0,ok
1,2048,2048,grid,bf16,140.4300,8.1875,98047,0,ok
16,1024,1,grid,bf16,135.8600,1.0358,3183,0,ok
1,8,96,grid,bf16,137.7000,0.4656,382,0,ok
432,857,5,random,bf16,135.7800,2.0823,5697,0,ok
2,1024,1536,grid,bf16,137.6700,3.8241,36863,0,ok
14,484,6,random,bf16,136.9200,1.1268,1583,0,ok
128,256,1,grid,bf16,134.9800,0.4716,1019,0,ok
384,32,257,grid,bf16,131.6700,1.3224,2297,0,ok
1024,128,128,grid,bf16,135.2300,1.4953,1405,0,ok
128,192,4,grid,bf16,131.8500,1.1556,1019,0,ok
4,1,128,grid,bf16,135.3000,0.4827,385,0,ok
1,4104,128,gemv_wideN,bf16,141.4800,2.5165,12638,0,ok
4,369,6173,random,bf16,137.7800,5.7423,56741,0,ok
256,639,64,wide_output,bf16,140.5900,1.3345,3189,0,ok
1,14,9,random,bf16,138.0100,1.0362,382,0,ok
1536,1024,257,grid,bf16,139.6500,4.2665,46031,0,ok
2,127,129,grid,bf16,133.1200,1.1161,767,0,ok
128,1024,128,grid,bf16,137.4100,1.5201,4079,0,ok
127,96,1536,grid,bf16,136.3200,1.7845,6107,0,ok
6,22,9,random,bf16,133.5500,1.0452,387,0,ok
1499,215,449,random,bf16,139.8800,2.7359,15047,0,ok
4096,32,4,grid,bf16,136.9400,1.2629,4477,0,ok
1024,8,32,grid,bf16,132.3600,1.1185,1405,0,ok
31,127,2,random,bf16,132.6800,0.5330,412,0,ok
768,4,768,grid,bf16,137.0600,2.3210,6899,0,ok
6,1,544,random,bf16,137.1000,1.6527,1939,0,ok
4160,1,1,tall,bf16,137.7200,1.5518,4541,0,ok
16,128,4096,grid,bf16,131.1300,2.1498,12735,0,ok
8,96,4,grid,bf16,130.5300,1.0666,389,0,ok
4,412,24,random,bf16,134.9100,1.1313,1543,0,ok
256,1024,32,grid,bf16,139.0200,1.3984,5103,0,ok
2048,8,8,grid,bf16,135.2300,1.2142,2429,0,ok
96,1024,129,grid,bf16,137.4300,1.5213,7647,0,ok
96,1536,8,grid,bf16,134.1200,1.8578,5735,0,ok
192,4,1536,grid,bf16,133.9200,1.7212,6887,0,ok
512,4096,1,grid,bf16,140.6600,3.9572,28607,0,ok
64,257,1536,grid,bf16,138.5400,2.1284,16055,0,ok
257,256,192,grid,bf16,133.8600,1.4056,2555,0,ok
256,256,513,deepK,bf16,137.4000,1.7140,6379,0,ok
4096,4,64,grid,bf16,132.0800,1.6495,4477,0,ok
6608,5,54,random,bf16,138.0700,1.8361,6989,0,ok
288,13,5,random,bf16,135.3600,1.1257,669,0,ok
768,192,4096,grid,bf16,140.5500,8.3598,73599,0,ok
1,256,129,grid,bf16,135.2400,1.1717,1531,0,ok
195,1,3,random,bf16,137.0700,1.0198,576,0,ok
257,512,257,grid,bf16,136.4300,1.6798,7667,0,ok
289,64,64,tall,bf16,136.9600,1.2552,670,0,ok
1,2081,256,gemv_wideN,bf16,131.7100,2.7730,13021,0,ok
1104,96,1713,random,bf16,139.7200,5.2814,20803,0,ok
512,256,384,grid,bf16,134.0000,1.7890,5363,0,ok
64,127,384,grid,bf16,129.5500,1.2881,1337,0,ok
1024,257,256,grid,bf16,130.2800,1.8413,8435,0,ok
1311,233,899,random,bf16,134.6500,4.1488,27087,0,ok
768,1024,512,grid,bf16,134.0600,3.5013,36799,0,ok
1024,4096,32,grid,bf16,138.3400,4.7178,44991,0,ok
96,1536,256,grid,bf16,130.8600,1.9027,11471,0,ok
7,327,38,random,bf16,127.7600,1.6195,1166,0,ok
8,8,8288,deepK,bf16,126.5300,1.3486,25349,0,ok
6471,165,137,random,bf16,137.1600,3.4897,27411,0,ok
2415,6,14,random,bf16,125.8500,1.1767,2796,0,ok
4,1,4096,grid,bf16,129.6200,1.7869,12351,0,ok
2,1024,8,grid,bf16,126.4500,1.0583,3071,0,ok
57,816,58,random,bf16,131.9100,1.2926,3072,0,ok
96,128,2,grid,bf16,131.1900,0.5610,477,0,ok
1,264,16,gemv_wideN,bf16,129.3100,1.0437,1148,0,ok
25,756,38,random,bf16,126.2700,1.7832,2441,0,ok
128,512,64,grid,bf16,129.0500,1.2923,2039,0,ok
16,1536,2,grid,bf16,126.4500,1.1055,4775,0,ok
16,4096,2,grid,bf16,126.6600,1.1914,12735,0,ok
192,2048,4,grid,bf16,135.5900,1.9120,9183,0,ok
512,127,127,grid,bf16,127.7800,1.3214,893,0,ok
25,3383,913,random,bf16,137.3200,6.8059,87911,0,ok
2048,8,1536,grid,bf16,141.9100,7.1854,29159,0,ok
1685,2518,5465,random,bf16,195.6700,69.6505,1777619,0,ok
32,4,2048,grid,bf16,127.5200,1.2279,6623,0,ok
1536,512,192,grid,bf16,136.1900,2.1954,15343,0,ok
384,2,384,grid,bf16,127.0490,1.4404,2297,0,ok
1,1032,1,fat,bf16,131.8000,1.4395,3446,0,ok
8,4,1536,grid,bf16,129.3700,1.1045,4679,0,ok
3599,204,8,random,bf16,136.4600,1.9178,7961,0,ok
4,2,256,grid,bf16,130.9900,1.0193,771,0,ok
512,32,8,grid,bf16,130.8600,1.1131,893,0,ok
129,1536,512,grid,bf16,131.1000,2.7216,24527,0,ok
256,192,257,grid,bf16,129.9400,1.4612,3827,0,ok
1447,915,6524,random,bf16,161.2500,32.8948,746231,0,ok
8192,64,64,tall,bf16,131.6000,2.2979,8573,0,ok
1,127,127,grid,bf16,133.4800,1.1050,382,0,ok
573,1392,88,random,bf16,132.3200,2.1495,10504,0,ok
8,8,256,deepK,bf16,131.6100,1.0387,779,0,ok
868,80,313,random,bf16,132.2200,1.7287,3749,0,ok
1024,32,4096,grid,bf16,132.7300,9.4496,44991,0,ok
1,8288,256,gemv_wideN,bf16,138.1200,6.3036,49789,0,ok
32,4096,2048,grid,bf16,132.6200,16.0865,211967,0,ok
2,8,4096,grid,bf16,129.4800,1.2227,12287,0,ok
4,192,8,grid,bf16,130.8000,1.0431,771,0,ok
4,1024,8,grid,bf16,133.6100,1.1118,3087,0,ok
256,96,1,grid,bf16,128.3400,0.4871,637,0,ok
4,32,257,grid,bf16,130.1600,1.6260,1157,0,ok
2,2,192,grid,bf16,127.4400,0.9807,767,0,ok
289,1,64,random,bf16,130.9000,1.0965,670,0,ok
16,320,64,wide_output,bf16,127.5800,1.6827,1193,0,ok
129,257,192,grid,bf16,131.2500,1.3791,3065,0,ok
70,4635,2,random,bf16,130.3600,1.4536,16723,0,ok
256,512,64,grid,bf16,131.1700,1.3079,2551,0,ok
264,1,15,random,bf16,131.1500,1.0463,645,0,ok
2,127,16,grid,bf16,130.1500,1.0401,383,0,ok
16,16,2144,deepK,bf16,129.0900,1.2231,6765,0,ok
2,270,1,random,bf16,127.7300,0.4288,1151,0,ok
4096,64,768,grid,bf16,134.9600,7.2791,26867,0,ok
16,129,64,grid,bf16,131.2600,1.6335,795,0,ok
768,129,1536,grid,bf16,134.2600,3.7395,27599,0,ok
512,4,129,grid,bf16,127.1300,1.2224,1787,0,ok
352,256,64,thinK,bf16,131.0100,1.2864,1467,0,ok
553,364,8,random,bf16,133.5600,1.9126,2804,0,ok
1,128,1024,grid,bf16,134.5800,2.0836,3063,0,ok
1,192,96,grid,bf16,134.4100,1.1085,765,0,ok
257,384,4,grid,bf16,131.1900,1.2200,1916,0,ok
1024,256,1,grid,bf16,128.4400,1.1936,2811,0,ok
257,384,257,grid,bf16,129.2200,1.6551,5750,0,ok
4,4,128,grid,bf16,126.6500,0.9727,385,0,ok
64,8192,64,fat,bf16,134.4100,2.2957,28543,0,ok
75,746,1827,random,bf16,135.5100,3.8622,41129,0,ok
8,512,129,grid,bf16,128.0000,1.7926,3119,0,ok
1,2338,473,random,bf16,135.9500,3.9216,29107,0,ok
8,8319,64,wide_output,bf16,127.8900,2.1126,25349,0,ok
8,4096,2,grid,bf16,129.6500,1.1641,12479,0,ok
8,192,512,grid,bf16,129.1100,1.8948,3119,0,ok
256,32,128,grid,bf16,128.5900,1.7443,637,0,ok
512,1,1024,grid,bf16,136.0900,2.6710,7151,0,ok
512,512,1536,grid,bf16,134.1800,4.2854,42911,0,ok
1122,3,322,random,bf16,127.5700,2.3627,4511,0,ok
510,224,234,random,bf16,132.6400,1.4763,3567,0,ok
127,32,129,grid,bf16,126.9700,1.1381,1017,0,ok
1536,2,768,grid,bf16,134.2500,3.4179,11507,0,ok
35,124,3202,random,bf16,137.0400,2.1351,10841,0,ok
256,64,768,grid,bf16,138.4600,1.6748,3827,0,ok
128,127,128,grid,bf16,133.2500,1.2405,509,0,ok
257,1536,4096,grid,bf16,136.2200,13.6929,245375,0,ok
2048,32,16,grid,bf16,127.5200,1.7963,2429,0,ok
1024,4096,256,grid,bf16,135.2500,5.9363,89983,0,ok
9,617,3191,random,bf16,133.1100,5.0555,48874,0,ok
2048,257,2048,grid,bf16,136.6000,10.3143,116639,0,ok
16,192,8,grid,bf16,129.4600,1.0947,795,0,ok
16,1536,16,grid,bf16,128.4200,1.7208,4775,0,ok
2048,8,1024,grid,bf16,131.5900,5.1306,19439,0,ok
192,2048,1024,grid,bf16,128.0800,5.4693,73471,0,ok
8,4223,8,fat,bf16,127.2500,1.6937,12869,0,ok
64,1024,64,grid,bf16,127.4800,1.2908,3567,0,ok
888,6,5577,random,bf16,132.4100,10.8329,55879,0,ok
257,16,768,grid,bf16,127.3600,1.6235,3833,0,ok
4,32,512,grid,bf16,127.5900,1.6196,1543,0,ok
4,2,64,grid,bf16,126.7000,0.4363,385,0,ok
768,4096,1024,grid,bf16,138.4500,14.1357,294399,0,ok
768,32,1,grid,bf16,126.1400,1.1919,1149,0,ok
128,64,2,grid,bf16,127.1500,0.5417,509,0,ok
64,32,4096,grid,bf16,130.2700,1.8994,14271,0,ok
278,5018,78,random,bf16,135.3200,2.9572,26399,0,ok
1536,129,2,grid,bf16,127.8000,1.2409,3835,0,ok
2048,32,192,grid,bf16,147.8300,1.9215,4859,0,ok
1536,4,16,grid,bf16,126.6000,1.1048,1917,0,ok
64,64,1151,deepK,bf16,130.2900,1.4373,4013,0,ok
7377,2917,21,random,bf16,152.3400,18.7079,178456,0,ok
7544,645,5047,random,bf16,199.5900,81.3372,1902239,0,ok
16,1151,16,fat,bf16,127.1500,1.6966,3581,0,ok
64,32,2,grid,bf16,130.5200,0.5221,445,0,ok
192,4096,768,grid,bf16,127.3900,7.5066,110207,0,ok
256,384,1,grid,bf16,127.6200,0.5162,1913,0,ok
1024,2048,96,grid,bf16,138.4200,3.2899,22495,0,ok
1460,82,57,random,bf16,131.0200,1.4159,1841,0,ok
2144,256,256,tall,bf16,133.2800,2.4515,10103,0,ok
192,16,256,grid,bf16,126.7400,1.7902,1147,0,ok
128,192,128,grid,bf16,127.2990,1.2063,1019,0,ok
2582,12,1,random,bf16,128.2600,1.1004,2963,0,ok
96,2,16,grid,bf16,127.9300,1.0304,477,0,ok
1,1,4129,deepK,bf16,126.6700,2.1216,12638,0,ok
256,8,128,grid,bf16,129.1900,1.1122,637,0,ok
1834,115,25,random,bf16,131.5600,2.0244,2215,0,ok
885,3064,60,random,bf16,136.9100,3.7058,30407,0,ok
1536,8,4,grid,bf16,128.5900,1.1128,1917,0,ok
1,2048,1,grid,bf16,131.9400,1.4447,6127,0,ok
256,1536,16,grid,bf16,133.4100,1.9988,7655,0,ok
1,257,1,fat,bf16,127.2300,0.8428,1148,0,ok
6,404,522,random,bf16,135.8500,2.3065,7759,0,ok
512,8,1536,grid,bf16,137.8800,2.6928,10727,0,ok
257,96,192,grid,bf16,133.6000,1.3562,1277,0,ok
7103,179,1,random,bf16,140.4700,5.5720,14969,0,ok
225,1864,5,random,bf16,138.0700,2.1801,9104,0,ok
128,2,96,grid,bf16,126.8700,1.1002,509,0,ok
1151,256,256,tall,bf16,133.0800,2.0757,6131,0,ok
192,128,256,grid,bf16,130.5900,1.3063,1147,0,ok
8,2056,8,fat,bf16,127.1800,1.6290,6629,0,ok
128,257,4,grid,bf16,127.9600,1.1633,1529,0,ok
1024,2,1,grid,bf16,127.1300,1.0411,1405,0,ok
192,32,128,grid,bf16,128.3100,1.7605,573,0,ok
8,608,64,wide_output,bf16,128.1700,1.7257,1949,0,ok
128,128,256,deepK,bf16,128.6400,1.3126,1019,0,ok
8,256,129,grid,bf16,128.8200,1.7186,1559,0,ok
2,64,192,grid,bf16,126.7100,1.0992,767,0,ok
726,953,671,random,bf16,135.8200,4.4098,53183,0,ok
256,512,1024,grid,bf16,135.4200,2.6221,20415,0,ok
4096,768,1,grid,bf16,138.8300,5.2998,26867,0,ok
256,384,129,grid,bf16,130.1700,1.3875,3827,0,ok
394,2045,68,random,bf16,136.7200,1.9676,12415,0,ok
256,16,256,grid,bf16,128.3800,1.8919,1275,0,ok
32,1024,2048,grid,bf16,133.9200,4.8504,52991,0,ok
384,16,257,grid,bf16,128.7100,1.3500,2297,0,ok
2048,192,2048,grid,bf16,135.2500,9.9921,77759,0,ok
32,32,257,grid,bf16,128.4900,1.1109,1241,0,ok
2144,64,64,tall,bf16,131.9700,1.5379,2525,0,ok
37,997,7695,random,bf16,137.7300,15.3803,204471,0,ok
5,198,1,random,bf16,129.8800,0.4116,773,0,ok
17,417,1367,random,bf16,132.6700,2.4208,17555,0,ok
15,48,785,random,bf16,131.4900,1.1906,2778,0,ok
1,320,16,gemv_wideN,bf16,134.1200,1.0619,1148,0,ok
768,2048,128,grid,bf16,136.7000,2.9145,18399,0,ok
2,16,129,grid,bf16,128.5200,1.0480,767,0,ok
8,96,128,grid,bf16,130.5800,1.6238,389,0,ok
8319,64,64,tall,bf16,133.7100,2.4614,8700,0,ok
1,8225,128,gemv_wideN,bf16,136.6700,4.5229,24894,0,ok
2,2048,16,grid,bf16,128.4600,1.1730,6143,0,ok
16,384,384,grid,bf16,128.5100,1.4941,3581,0,ok
1,4192,256,gemv_wideN,bf16,137.1400,3.7902,25277,0,ok
42,20,215,random,bf16,131.4300,1.1145,847,0,ok
1024,96,4,grid,bf16,132.9700,1.1656,1405,0,ok
256,129,16,grid,bf16,126.7900,1.7868,1275,0,ok
2897,1380,4212,random,bf16,222.7800,57.5812,1190276,0,ok
4096,4,16,grid,bf16,127.3600,1.2233,4477,0,ok
64,1024,1,grid,bf16,126.1900,1.0600,3567,0,ok
129,1024,96,grid,bf16,128.2200,1.4087,4087,0,ok
127,4,256,grid,bf16,126.7600,1.1407,1017,0,ok
520,128,128,tall,bf16,130.8700,1.3787,901,0,ok
2,4,512,grid,bf16,126.8300,1.0326,1535,0,ok
256,256,1025,deepK,bf16,134.5300,2.2730,11483,0,ok
23,2611,209,random,bf16,131.3400,2.2740,17009,0,ok
127,192,2,grid,bf16,126.6100,0.5913,1017,0,ok
64,96,512,grid,bf16,128.6600,1.2763,1783,0,ok
1,2081,16,gemv_wideN,bf16,127.2900,1.1319,6510,0,ok
2048,1024,2048,grid,bf16,140.0400,17.7497,311039,0,ok
8,384,128,grid,bf16,127.4900,1.7160,1169,0,ok
96,4096,768,grid,bf16,132.4500,6.9516,91775,0,ok
4160,256,256,tall,bf16,130.5900,3.4746,18167,0,ok
1604,2,3136,random,bf16,132.2900,11.0742,49649,0,ok
384,16,4096,grid,bf16,132.8200,4.2411,24511,0,ok
2048,192,1536,grid,bf16,136.4900,7.7541,58319,0,ok
96,192,128,grid,bf16,127.8000,1.1893,955,0,ok
2175,1,1,tall,bf16,130.7100,0.9691,2556,0,ok
64,128,2,grid,bf16,125.7400,0.5392,445,0,ok
192,384,1536,grid,bf16,132.5400,2.7495,20663,0,ok
128,1,16,grid,bf16,127.1400,1.0532,509,0,ok
1536,32,2048,grid,bf16,134.6400,7.2827,30687,0,ok
8,16,384,grid,bf16,125.4700,1.6231,1169,0,ok
103,1173,11,random,bf16,128.3800,1.8080,4849,0,ok
229,199,55,random,bf16,127.7100,1.2276,1221,0,ok
1024,1536,384,grid,bf16,136.5300,4.9030,50615,0,ok
12,153,493,random,bf16,127.3400,1.2876,3151,0,ok
240,2633,52,random,bf16,130.0200,2.0698,13061,0,ok
197,79,109,random,bf16,128.0800,1.2386,578,0,ok
127,4096,4096,grid,bf16,135.1700,32.9112,521215,0,ok
257,64,256,grid,bf16,127.7300,1.3070,1277,0,ok
257,4,4,grid,bf16,126.8400,1.0975,638,0,ok
819,36,1738,random,bf16,129.1900,4.0982,16813,0,ok
383,256,64,thinK,bf16,130.9300,1.2989,1529,0,ok
512,256,16,grid,bf16,130.1300,1.7814,1787,0,ok
4096,1,127,grid,bf16,131.3290,2.5378,4477,0,ok
1024,4,32,grid,bf16,126.1400,1.0978,1405,0,ok
4096,768,16,grid,bf16,136.2000,3.7160,26867,0,ok
512,4096,256,grid,bf16,134.6100,4.4904,57215,0,ok
129,768,127,grid,bf16,126.5800,1.4061,3065,0,ok
64,1024,8,grid,bf16,125.5700,1.7471,3567,0,ok
32,4,1024,grid,bf16,125.0000,1.7444,3311,0,ok
257,129,1,grid,bf16,126.1300,0.4920,1277,0,ok
100,2,96,random,bf16,126.2600,1.1001,481,0,ok
16,8,512,grid,bf16,126.2600,1.6188,1591,0,ok
128,8,8,grid,bf16,128.4700,1.0964,509,0,ok
2624,12,6750,random,bf16,139.0200,33.7843,159317,0,ok
384,129,1,grid,bf16,125.5300,0.5127,1531,0,ok
128,128,289,deepK,bf16,128.8700,1.3085,1529,0,ok
2048,96,8,grid,bf16,128.2400,1.2987,2429,0,ok
64,513,64,fat,bf16,125.8400,1.2198,2229,0,ok
7182,1026,88,random,bf16,135.7500,8.1884,68075,0,ok
16,2048,127,grid,bf16,126.5500,2.2836,6367,0,ok
885,59,6,random,bf16,124.6000,1.1868,1266,0,ok
1024,2,192,grid,bf16,126.6500,1.4779,2811,0,ok
512,384,257,grid,bf16,136.8600,1.8114,8045,0,ok
8,2048,2,grid,bf16,127.6200,1.0973,6239,0,ok
3329,18,1,random,bf16,128.5600,1.1041,3710,0,ok
384,16,1536,grid,bf16,129.0700,2.2899,9191,0,ok
127,192,128,grid,bf16,129.8700,1.2004,1017,0,ok
2,29,5421,random,bf16,129.0500,1.5170,16511,0,ok
4192,4096,64,thinK,bf16,148.6900,15.1475,146367,0,ok
64,4,1,grid,bf16,124.6000,0.4048,445,0,ok
64,1536,96,grid,bf16,126.3200,1.4411,5351,0,ok
384,4096,1,grid,bf16,132.5600,4.2438,24511,0,ok
257,32,128,grid,bf16,126.6400,1.7511,638,0,ok
192,129,256,grid,bf16,129.9000,1.2933,2295,0,ok
129,768,384,grid,bf16,131.1200,1.8019,9197,0,ok
128,128,352,deepK,bf16,130.7000,1.3432,1529,0,ok
64,64,512,deepK,bf16,127.7800,1.2234,1783,0,ok
257,257,2048,grid,bf16,136.5500,3.3210,30671,0,ok
4096,768,384,grid,bf16,137.3200,7.2787,80603,0,ok
16,256,4096,grid,bf16,129.9800,2.9873,25471,0,ok
127,8,768,grid,bf16,127.2800,1.3163,3053,0,ok
5,152,72,random,bf16,130.4200,1.6567,773,0,ok
1,1024,32,grid,bf16,131.0600,1.1100,3063,0,ok
76,3113,1667,random,bf16,136.2100,11.0632,160299,0,ok
127,64,8,grid,bf16,133.8500,1.1164,508,0,ok
1,639,128,gemv_wideN,bf16,137.1400,1.2456,1914,0,ok
1261,2349,3,random,bf16,140.2700,3.4007,31216,0,ok
1536,1536,8,grid,bf16,140.9000,2.9711,23015,0,ok
352,16,16,tall,bf16,132.9100,1.7214,733,0,ok
32,127,768,grid,bf16,135.3400,1.3496,2483,0,ok
127,32,1024,grid,bf16,130.3300,1.4523,4071,0,ok
1,2112,16,gemv_wideN,bf16,135.3400,1.1482,6510,0,ok
2,1024,512,grid,bf16,130.9500,2.6011,12287,0,ok
384,512,1,grid,bf16,131.5900,1.1080,3063,0,ok
8,8,576,deepK,bf16,130.8100,1.6509,1949,0,ok
256,768,257,grid,bf16,131.4800,1.8444,11483,0,ok
4,8,8,grid,bf16,131.9700,0.9829,385,0,ok
1,64,256,grid,bf16,129.6900,1.1173,765,0,ok
384,384,768,grid,bf16,137.2700,2.4278,13787,0,ok
1536,128,1536,grid,bf16,135.5100,6.0342,23015,0,ok
8,8,320,deepK,bf16,128.8100,1.6581,1169,0,ok
8,264,64,wide_output,bf16,135.0700,1.6709,1169,0,ok
8,8,639,deepK,bf16,130.1500,1.6481,1949,0,ok
4160,8,8,tall,bf16,132.9900,1.2351,4541,0,ok
192,512,32,grid,bf16,130.9500,1.2702,2295,0,ok
3,1407,6,random,bf16,131.3800,1.1225,4234,0,ok
8,127,257,grid,bf16,131.7400,1.7591,1169,0,ok
1,2761,9,random,bf16,130.2100,1.2145,8425,0,ok
8,8256,8,fat,bf16,130.7300,1.8019,25349,0,ok
22,46,78,random,bf16,133.4900,1.6469,403,0,ok
5,4,857,random,bf16,130.4300,1.6365,2708,0,ok
1,4160,8,gemv_wideN,bf16,132.3700,1.1967,12638,0,ok
2,314,5,random,bf16,133.3800,1.0469,1151,0,ok
2048,256,192,grid,bf16,132.4900,2.1786,9719,0,ok
128,128,8319,deepK,bf16,140.3400,4.7076,33149,0,ok
192,4096,1536,grid,bf16,140.0500,11.8826,220415,0,ok
64,2,192,grid,bf16,134.2700,1.1137,891,0,ok
2,4,192,grid,bf16,130.4700,0.9823,767,0,ok
96,129,768,grid,bf16,132.0200,1.4948,5735,0,ok
16,257,64,grid,bf16,132.4700,1.7227,1193,0,ok
96,257,32,grid,bf16,130.9700,1.8034,1433,0,ok
1024,64,129,grid,bf16,135.0500,1.4145,2811,0,ok
32,1,32,grid,bf16,137.2200,1.0680,413,0,ok
16,4,16,grid,bf16,132.5900,1.0493,397,0,ok
1,192,16,grid,bf16,134.0300,1.0553,765,0,ok
70,370,29,random,bf16,130.1700,1.7715,1355,0,ok
64,1024,1536,grid,bf16,136.9600,4.0499,42815,0,ok
32,1024,384,grid,bf16,134.3500,1.8890,9935,0,ok
2048,384,768,grid,bf16,138.9800,5.2890,43739,0,ok
512,2,2048,grid,bf16,136.3900,3.1496,14303,0,ok
1088,8,8,tall,bf16,132.7900,1.1565,1469,0,ok
768,4,128,grid,bf16,131.1090,1.3156,1149,0,ok
4,1536,32,grid,bf16,131.4200,1.1994,4631,0,ok
128,8200,64,wide_output,bf16,141.1900,3.7196,33149,0,ok
128,257,1024,grid,bf16,132.4400,1.8998,12239,0,ok
768,4,4,grid,bf16,129.0600,1.1025,1149,0,ok
384,128,127,grid,bf16,129.4600,1.2938,765,0,ok
192,2048,2,grid,bf16,134.6000,1.3706,9183,0,ok
4131,15,55,random,bf16,128.9100,2.1682,4512,0,ok
332,6948,3,random,bf16,138.4800,3.4701,39269,0,ok
8,639,64,wide_output,bf16,127.5400,1.7415,1949,0,ok
600,2,88,random,bf16,129.7000,1.2193,981,0,ok
451,8,7383,random,bf16,134.1800,7.7052,48313,0,ok
4,64,4096,grid,bf16,131.5400,1.6441,12351,0,ok
384,1024,96,grid,bf16,131.9200,1.6406,6127,0,ok
2049,64,64,tall,bf16,130.3800,1.5288,2430,0,ok
129,384,256,grid,bf16,133.9600,1.4119,3065,0,ok
129,768,4,grid,bf16,132.5200,1.1946,3065,0,ok
257,16,4,grid,bf16,127.3100,1.0981,638,0,ok
128,1536,2048,grid,bf16,135.6400,8.0351,97919,0,ok
38,558,43,random,bf16,127.5600,1.7458,2099,0,ok
16,64,257,grid,bf16,126.1100,1.1095,1193,0,ok
128,32,127,grid,bf16,126.7900,1.6878,509,0,ok
64,64,127,grid,bf16,136.1200,1.1048,445,0,ok
62,165,4192,random,bf16,135.5600,2.9142,29303,0,ok
2210,40,2388,random,bf16,136.8300,10.5556,49247,0,ok
639,16,16,tall,bf16,134.5000,1.7471,1020,0,ok
1823,17,5,random,bf16,134.0400,1.2013,2204,0,ok
8,192,1,grid,bf16,127.3000,0.4053,779,0,ok
768,2,768,grid,bf16,128.8300,2.2997,6899,0,ok
512,2,64,grid,bf16,126.4900,1.1090,893,0,ok
4,257,256,grid,bf16,128.7100,1.8026,2315,0,ok
2048,4096,384,grid,bf16,139.8400,17.9343,233279,0,ok
129,1,128,grid,bf16,128.9490,1.0968,510,0,ok
3,24,5,random,bf16,126.6000,0.9751,384,0,ok
64,768,16,grid,bf16,126.6800,1.7520,2675,0,ok
310,7,41,random,bf16,126.6500,1.0986,691,0,ok
2048,1,129,grid,bf16,130.8300,1.6493,4859,0,ok
320,64,64,tall,bf16,128.1900,1.2220,701,0,ok
192,4096,4096,grid,bf16,135.6600,33.1840,587775,0,ok
1,2056,16,gemv_wideN,bf16,128.2200,1.1436,6510,0,ok
1,2049,8,gemv_wideN,bf16,125.9600,1.0997,6510,0,ok
128,4160,64,wide_output,bf16,128.1100,2.0737,16829,0,ok
2112,1,1,tall,bf16,127.5900,0.9765,2493,0,ok
1,2049,128,gemv_wideN,bf16,128.9400,1.8254,6510,0,ok
2,8,129,grid,bf16,126.3300,1.0416,767,0,ok
345,61,9,random,bf16,127.3200,1.7115,726,0,ok
768,8,257,grid,bf16,125.1300,2.0524,3449,0,ok
768,8,4096,grid,bf16,131.2500,7.2406,36799,0,ok
8,192,192,grid,bf16,129.6000,1.7572,1559,0,ok
384,64,4096,grid,bf16,140.1100,4.5615,24511,0,ok
257,192,16,grid,bf16,131.1800,1.7613,1277,0,ok
768,129,2,grid,bf16,131.3500,1.2036,2299,0,ok
4,127,512,grid,bf16,129.8200,1.8117,1543,0,ok
2048,32,32,grid,bf16,129.1900,1.9076,2429,0,ok
16,2081,16,fat,bf16,130.9600,1.7633,6765,0,ok
64,64,8256,deepK,bf16,138.3300,2.9411,28989,0,ok
64,257,192,grid,bf16,133.9200,1.3183,2675,0,ok
129,4,4096,grid,bf16,129.5500,2.3004,16351,0,ok
1025,1024,64,thinK,bf16,133.7500,2.1975,11255,0,ok
256,383,64,wide_output,bf16,135.7800,1.3083,1913,0,ok
768,2,4,grid,bf16,132.1600,1.0414,1149,0,ok
257,96,32,grid,bf16,129.3200,1.8066,638,0,ok
4,4,129,grid,bf16,132.6600,1.0180,771,0,ok
128,4,4096,grid,bf16,134.9400,2.1815,16319,0,ok
768,8,96,grid,bf16,131.7800,1.2452,1149,0,ok
129,192,192,grid,bf16,131.3300,1.3125,2043,0,ok
1,239,4299,random,bf16,129.5100,3.8429,26043,0,ok
128,608,128,fat,bf16,130.0600,1.3855,2549,0,ok
1024,64,256,grid,bf16,134.3400,1.6857,2811,0,ok
128,128,8,grid,bf16,129.5300,1.1824,509,0,ok
256,2081,64,wide_output,bf16,134.6100,1.7356,10845,0,ok
6,9,220,random,bf16,132.1610,1.6380,775,0,ok
256,256,4096,deepK,bf16,134.1100,4.7911,40831,0,ok
96,2,96,grid,bf16,130.8900,1.1167,477,0,ok
1,4096,8,grid,bf16,131.3400,1.1867,12255,0,ok
128,4,64,grid,bf16,132.2000,1.1169,509,0,ok
512,1536,768,grid,bf16,140.2900,4.8566,64367,0,ok
1024,512,4,grid,bf16,135.1600,2.0804,5623,0,ok
1,384,257,grid,bf16,133.3100,1.3147,3446,0,ok
15,115,31,random,bf16,135.8300,1.6473,396,0,ok
545,16,16,tall,bf16,132.1000,1.7704,926,0,ok
59,4648,4,random,bf16,137.4200,1.4601,16316,0,ok
256,96,257,grid,bf16,132.2200,1.3844,1913,0,ok
128,383,128,fat,bf16,133.7600,1.3318,1529,0,ok
42,14,108,random,bf16,135.4100,1.6328,423,0,ok
384,1024,384,grid,bf16,132.8500,2.6486,18383,0,ok
257,64,1024,grid,bf16,135.7700,1.8313,5111,0,ok
12,20,29,random,bf16,133.6200,1.0703,393,0,ok
192,8,2048,grid,bf16,131.6100,1.9124,9183,0,ok
512,128,32,grid,bf16,131.2700,1.8151,893,0,ok
64,64,1120,deepK,bf16,130.8100,1.4065,4013,0,ok
512,1024,768,grid,bf16,132.1100,3.8834,42911,0,ok
109,352,23,random,bf16,130.7300,1.8157,1472,0,ok
1024,384,4096,grid,bf16,141.3200,11.2734,134975,0,ok
1536,192,257,grid,bf16,134.8000,2.3068,11507,0,ok
512,1536,257,grid,bf16,139.2200,3.0017,32183,0,ok
64,2175,64,fat,bf16,132.3200,1.4557,7581,0,ok
384,8,1,grid,bf16,130.1500,0.4471,765,0,ok
16,16,520,deepK,bf16,133.2700,1.1200,1989,0,ok
8,639,8,fat,bf16,131.9300,1.6482,1949,0,ok
2,1536,1,grid,bf16,138.7900,1.0712,4607,0,ok
16,1088,16,fat,bf16,131.5800,1.7136,3581,0,ok
35,6584,99,random,bf16,134.4800,2.4758,21683,0,ok
1025,1,1,tall,bf16,131.8800,0.9210,1406,0,ok
2056,1,1,tall,bf16,134.7300,0.9862,2437,0,ok
127,127,384,grid,bf16,131.5400,1.3933,1526,0,ok
256,4096,64,wide_output,bf16,134.5700,2.3240,20415,0,ok
256,384,512,grid,bf16,131.6300,1.8037,7655,0,ok
1024,1,129,grid,bf16,135.1500,1.3832,2811,0,ok
4096,129,768,grid,bf16,138.8500,7.4865,53735,0,ok
4096,96,2,grid,bf16,136.3000,1.3910,4477,0,ok
2,4,2048,grid,bf16,132.1700,1.6449,6143,0,ok
1444,51,31,random,bf16,134.8200,1.9010,1825,0,ok
127,1,257,grid,bf16,129.2200,1.1773,1526,0,ok
2081,1,1,tall,bf16,138.1000,0.9924,2462,0,ok
18,6,14,random,bf16,130.7800,1.0576,399,0,ok
1,2056,256,gemv_wideN,bf16,136.9100,2.7584,13021,0,ok
1,1025,16,gemv_wideN,bf16,132.4400,1.1144,3446,0,ok
129,2,768,grid,bf16,131.1800,1.9188,3065,0,ok
1057,1,1,tall,bf16,136.4700,0.9419,1438,0,ok
32,257,4,grid,bf16,131.4000,1.1314,1241,0,ok
128,8256,64,wide_output,bf16,136.6700,3.1411,33149,0,ok
1566,162,5330,random,bf16,136.7600,17.0294,163631,0,ok
16,16,8200,deepK,bf16,130.6200,1.6859,25869,0,ok
32,512,128,grid,bf16,127.4900,1.7793,1655,0,ok
576,8,8,tall,bf16,127.8900,1.1064,957,0,ok
10,11,5,random,bf16,128.1400,1.0996,391,0,ok
8,257,64,grid,bf16,128.6800,1.6317,1169,0,ok
512,1024,257,grid,bf16,137.2000,2.4685,21455,0,ok
105,5534,5447,random,bf16,149.0100,59.3522,921403,0,ok
1536,4,129,grid,bf16,126.2000,1.5646,3835,0,ok
128,128,1032,deepK,bf16,140.2800,1.7164,4589,0,ok
768,4096,32,grid,bf16,148.8400,3.6902,36799,0,ok
32,2048,127,grid,bf16,135.2500,2.2967,6623,0,ok
1536,32,129,grid,bf16,132.6100,1.5623,3835,0,ok
4,16,1,grid,bf16,132.7700,0.4065,385,0,ok
8,192,2,grid,bf16,131.2300,0.5265,779,0,ok
512,16,4,grid,bf16,133.6100,1.1206,893,0,ok
256,512,8,grid,bf16,134.6300,1.7625,2551,0,ok
2826,758,636,random,bf16,138.0300,8.3875,96239,0,ok
512,32,32,grid,bf16,127.3200,1.7883,893,0,ok
154,4,2308,random,bf16,127.5700,1.9422,10183,0,ok
1,289,16,gemv_wideN,bf16,130.8500,1.0364,1148,0,ok
4096,8,1,grid,bf16,128.3600,1.0984,4477,0,ok
8,2049,64,wide_output,bf16,125.5200,1.9145,6629,0,ok
16,4129,64,wide_output,bf16,128.5900,2.2779,13133,0,ok
128,1024,16,grid,bf16,129.4500,1.8523,4079,0,ok
1120,1,1,tall,bf16,129.0700,0.9084,1501,0,ok
128,1057,128,fat,bf16,127.6800,1.6266,4589,0,ok
2,1536,4,grid,bf16,127.5100,1.0977,4607,0,ok
64,64,8192,deepK,bf16,131.4700,2.9001,28543,0,ok
257,4,129,grid,bf16,124.1800,1.1678,1277,0,ok
257,384,1024,grid,bf16,133.8000,2.4660,15335,0,ok
16,3,46,random,bf16,131.0000,1.0511,397,0,ok
192,512,384,grid,bf16,136.0300,1.6882,6887,0,ok
53,524,4,random,bf16,138.2700,1.2096,2174,0,ok
422,214,38,random,bf16,132.2200,1.3116,1607,0,ok
26,205,1525,random,bf16,134.5100,1.8800,9791,0,ok
1,129,1536,grid,bf16,137.2900,2.1763,9191,0,ok
2,1,16,grid,bf16,132.6100,0.4876,383,0,ok
302,140,6,random,bf16,134.6900,1.2202,1367,0,ok
1,2,1024,grid,bf16,131.9000,1.1098,3063,0,ok
192,1024,129,grid,bf16,136.8100,1.6105,9183,0,ok
387,17,139,random,bf16,134.2000,1.3098,1537,0,ok
2,257,4096,grid,bf16,137.3400,3.2823,36863,0,ok
384,4096,2048,grid,bf16,138.2800,18.9753,392191,0,ok
2048,257,192,grid,bf16,129.2700,2.2107,14579,0,ok
192,32,2,grid,bf16,127.1800,0.5014,573,0,ok
1536,4,96,grid,bf16,125.4600,1.3859,1917,0,ok
1536,512,1024,grid,bf16,135.8300,6.0028,61375,0,ok
8,1,127,grid,bf16,128.9200,1.0429,389,0,ok
2,96,4096,grid,bf16,126.4900,1.9386,12287,0,ok
256,2144,256,fat,bf16,132.5900,2.4669,21691,0,ok
2048,192,192,grid,bf16,133.0800,2.0668,9719,0,ok
32,96,64,grid,bf16,126.7900,1.6246,413,0,ok
3874,2598,462,random,bf16,143.0700,22.7778,357503,0,ok
1536,512,1536,grid,bf16,136.6400,8.3229,92063,0,ok
384,128,256,grid,bf16,127.3600,1.4397,1531,0,ok
256,4223,64,wide_output,bf16,137.4700,2.4101,21053,0,ok
1019,289,136,random,bf16,134.8500,1.6771,8405,0,ok
129,128,8,grid,bf16,126.8700,1.1589,510,0,ok
4,4,174,random,bf16,126.2600,1.0005,771,0,ok
128,289,128,fat,bf16,126.9100,1.2943,1529,0,ok
1,192,8,grid,bf16,127.7400,1.0310,765,0,ok
8,1024,127,grid,bf16,128.1600,1.8919,3119,0,ok
192,96,192,grid,bf16,126.7800,1.2928,1147,0,ok
96,1024,512,grid,bf16,128.1800,2.1998,15295,0,ok
9,312,30,random,bf16,125.4200,1.6329,1172,0,ok
1536,256,16,grid,bf16,126.0300,2.0061,3835,0,ok
2048,127,4,grid,bf16,129.6700,1.3025,2429,0,ok
768,128,127,grid,bf16,127.6600,1.3948,1149,0,ok
66,1768,3,random,bf16,125.9000,1.2259,6271,0,ok
512,1536,2048,grid,bf16,137.5000,10.8305,171647,0,ok
1,2175,256,gemv_wideN,bf16,130.8000,2.7995,13021,0,ok
8,8288,64,wide_output,bf16,126.3600,2.1156,25349,0,ok
256,256,257,deepK,bf16,131.7200,1.4722,3827,0,ok
512,192,384,grid,bf16,128.4800,1.6756,5363,0,ok
32,256,256,grid,bf16,125.9900,1.2416,1655,0,ok
367,73,150,random,bf16,130.6100,1.2982,1497,0,ok
128,4160,128,fat,bf16,131.0100,2.5111,16829,0,ok
8,1,1024,grid,bf16,128.7100,1.6342,3119,0,ok
256,1024,512,grid,bf16,131.0600,2.4771,20415,0,ok
4096,64,1536,grid,bf16,136.0100,11.9358,53735,0,ok
40,43,707,random,bf16,125.8400,1.2516,2531,0,ok
2460,75,14,random,bf16,125.8500,1.8965,2841,0,ok
4829,459,294,random,bf16,133.7100,6.4487,62531,0,ok
1,96,1536,grid,bf16,127.6700,2.0733,4595,0,ok
257,129,32,grid,bf16,128.3500,1.2413,1277,0,ok
2,2048,129,grid,bf16,126.6100,1.6484,12287,0,ok
2,384,4096,grid,bf16,131.0500,3.8645,36863,0,ok
16,257,257,grid,bf16,125.7800,1.3324,3581,0,ok
8,129,127,grid,bf16,125.4600,1.6244,779,0,ok
129,127,768,grid,bf16,130.9300,1.5269,3065,0,ok
378,6033,49,random,bf16,135.4200,4.4101,36479,0,ok
256,768,16,grid,bf16,129.1300,1.8978,3827,0,ok
32,2048,256,grid,bf16,130.1200,2.0931,13247,0,ok
16,2,8,grid,bf16,125.3200,1.0104,397,0,ok
127,129,4096,grid,bf16,132.4900,3.0029,32575,0,ok
383,64,64,tall,bf16,126.6900,1.2176,764,0,ok
7150,316,1454,random,bf16,137.6400,21.8841,271151,0,ok
127,4096,128,grid,bf16,127.3600,2.5361,16287,0,ok
129,16,384,grid,bf16,127.9600,1.1970,1532,0,ok
29,289,4,random,bf16,125.8300,1.1127,1232,0,ok
768,1024,192,grid,bf16,131.0300,2.2845,18399,0,ok
192,127,128,grid,bf16,129.4900,1.2028,573,0,ok
128,2048,128,grid,bf16,129.3300,1.8340,8159,0,ok
1032,1024,64,thinK,bf16,133.1700,2.2004,11311,0,ok
32,2048,257,grid,bf16,127.0000,2.1713,19871,0,ok
127,1536,384,grid,bf16,117.7300,2.5292,18323,0,ok
13,1115,979,random,bf16,117.5200,3.1068,28439,0,ok
10,1762,5,random,bf16,111.7500,1.6888,5487,0,ok
111,43,1205,random,bf16,116.5900,1.5369,4929,0,ok
1,46,2,random,bf16,116.2000,0.3860,382,0,ok
1,2112,256,gemv_wideN,bf16,120.6300,2.7236,13021,0,ok
158,1727,2,random,bf16,116.8500,1.2777,7559,0,ok
5773,3,887,random,bf16,125.3300,11.1214,43084,0,ok
192,32,16,grid,bf16,117.0700,1.5998,573,0,ok
164,262,441,random,bf16,117.1200,1.5911,6551,0,ok
10,952,3711,random,bf16,117.6700,8.0770,90943,0,ok
1099,49,25,random,bf16,117.3190,1.8736,1480,0,ok
264,64,64,tall,bf16,115.5600,1.1957,645,0,ok
257,256,16,grid,bf16,119.4100,1.7123,1277,0,ok
256,64,1,grid,bf16,114.0000,0.4498,637,0,ok
129,96,257,grid,bf16,113.4400,1.2565,1532,0,ok
32,64,512,grid,bf16,112.8000,1.2746,1655,0,ok
61,285,31,random,bf16,113.4200,1.7171,1328,0,ok
2048,128,2,grid,bf16,117.9800,1.2595,2429,0,ok
1,1,639,deepK,bf16,112.8710,1.9616,1914,0,ok
256,256,608,deepK,bf16,118.9300,1.7539,6379,0,ok
137,4,7398,random,bf16,118.0300,3.1778,30101,0,ok
127,1536,4096,grid,bf16,118.9200,12.6050,195455,0,ok
4,16,127,grid,bf16,115.0100,0.9963,385,0,ok
73,22,50,random,bf16,114.2600,1.5946,454,0,ok
486,1,3958,random,bf16,121.9600,5.1967,26907,0,ok
378,2,105,random,bf16,115.9000,1.1652,759,0,ok
1,3,16,random,bf16,113.5300,0.4173,382,0,ok
42,20,47,random,bf16,114.0700,1.5916,423,0,ok
8,384,256,grid,bf16,112.8700,1.8405,2339,0,ok
2,8,32,grid,bf16,114.4800,0.4204,383,0,ok
7,843,15,random,bf16,114.5000,1.5946,2722,0,ok
128,128,639,deepK,bf16,115.8400,1.4384,2549,0,ok
127,2048,1024,grid,bf16,120.2890,5.8894,65151,0,ok
4,4096,384,grid,bf16,116.5490,3.7924,37055,0,ok
8,64,8,grid,bf16,114.2300,0.9732,389,0,ok
1536,128,1,grid,bf16,117.2000,1.2971,1917,0,ok
128,512,1,grid,bf16,112.1100,0.4178,2039,0,ok
16,1,64,grid,bf16,116.1800,1.0029,397,0,ok
768,512,192,grid,bf16,121.6500,1.7487,9199,0,ok
8,1,129,grid,bf16,116.3600,1.0306,779,0,ok
128,2049,64,wide_output,bf16,118.5800,1.7983,8669,0,ok
64,192,1024,grid,bf16,115.6200,1.5892,7135,0,ok
64,2144,64,fat,bf16,115.5000,1.4107,7581,0,ok
8,127,768,grid,bf16,114.7600,1.2804,2339,0,ok
1024,1536,1,grid,bf16,123.3300,2.9129,16871,0,ok
32,128,4,grid,bf16,113.6700,1.0144,413,0,ok
6138,1,2397,random,bf16,133.6900,28.2753,123879,0,ok
257,192,64,grid,bf16,115.5800,1.2867,1277,0,ok
64,4129,64,fat,bf16,116.9410,1.7504,14717,0,ok
4096,2,257,grid,bf16,117.0700,2.9492,13433,0,ok
8169,2612,547,random,bf16,169.3900,63.5559,897854,0,ok
129,4096,1,grid,bf16,121.0200,2.0654,16351,0,ok
16,4160,64,wide_output,bf16,117.1300,2.2370,13133,0,ok
2048,512,4,grid,bf16,122.4600,1.9374,9719,0,ok
512,256,1,grid,bf16,117.4300,1.0706,1787,0,ok
768,2,384,grid,bf16,116.5800,1.6985,3449,0,ok
384,768,32,grid,bf16,120.8900,1.4091,4595,0,ok
320,29,127,random,bf16,116.6300,1.7828,701,0,ok
918,1996,5,random,bf16,119.9700,2.6543,20799,0,ok
129,129,16,grid,bf16,119.0200,1.7229,1021,0,ok
384,2048,768,grid,bf16,121.7200,5.9391,73535,0,ok
451,943,8,random,bf16,123.0900,1.9881,6663,0,ok
5866,102,59,random,bf16,121.2600,2.1157,6247,0,ok
16,64,8,grid,bf16,118.6100,1.0855,397,0,ok
1057,256,256,tall,bf16,120.2300,1.8199,5755,0,ok
2,64,16,grid,bf16,116.7600,1.0188,383,0,ok
2,128,129,grid,bf16,118.3500,1.0775,767,0,ok
1,1658,117,random,bf16,120.5300,1.4731,4978,0,ok
1536,2048,257,grid,bf16,123.3100,6.7423,92063,0,ok
223,4728,95,random,bf16,121.0800,2.8373,22384,0,ok
1536,4,1536,grid,bf16,121.4000,5.6219,23015,0,ok
1403,4,3,random,bf16,116.2310,1.1053,1784,0,ok
512,64,1024,grid,bf16,117.3000,2.2657,7151,0,ok
256,192,96,grid,bf16,116.0800,1.2551,1275,0,ok
281,5801,565,random,bf16,123.6000,7.7988,152489,0,ok
8193,8192,64,thinK,bf16,203.4700,242.4468,548799,0,ok
127,1536,2048,grid,bf16,120.9800,8.0784,97727,0,ok
50,2268,1,random,bf16,117.2300,1.0635,7775,0,ok
16,1,1,grid,bf16,117.1100,0.9556,397,0,ok
10,6,110,random,bf16,116.8300,1.0123,391,0,ok
2,512,1536,grid,bf16,113.8100,2.4557,18431,0,ok
4096,64,192,grid,bf16,119.0000,2.5022,8955,0,ok
43,2868,4929,random,bf16,123.8300,28.0928,381224,0,ok
768,8,128,grid,bf16,115.4500,1.3443,1149,0,ok
2,127,1536,grid,bf16,112.4300,2.0379,4607,0,ok
4,256,32,grid,bf16,111.9900,1.0304,771,0,ok
768,8,8,grid,bf16,115.7000,1.0712,1149,0,ok
128,192,127,grid,bf16,112.3100,1.1853,1019,0,ok
256,8,256,grid,bf16,113.1800,1.8508,1275,0,ok
8,384,512,grid,bf16,112.4900,2.0235,4679,0,ok
1,4104,64,wide_output,bf16,119.6600,1.5963,12638,0,ok
2,2514,1,random,bf16,117.9400,1.0705,7679,0,ok
4,4096,2048,grid,bf16,119.9600,15.6882,197631,0,ok
4096,64,127,grid,bf16,118.5100,2.1794,4477,0,ok
1536,4,8,grid,bf16,116.2800,1.0755,1917,0,ok
6,231,1199,random,bf16,113.1300,1.7168,7759,0,ok
8,320,64,wide_output,bf16,114.9600,1.5925,1169,0,ok
32,768,1536,grid,bf16,117.3900,3.1993,29807,0,ok
1024,768,127,grid,bf16,118.6500,2.0072,8435,0,ok
8,128,512,grid,bf16,115.5700,1.8065,1559,0,ok
11,1,4,random,bf16,119.2300,0.4055,392,0,ok
768,192,512,grid,bf16,116.9700,2.0805,9199,0,ok
1024,1,256,grid,bf16,121.6600,1.6107,2811,0,ok
16,1024,64,grid,bf16,115.3200,1.7840,3183,0,ok
257,4,384,grid,bf16,114.0300,1.9302,1916,0,ok
16,16,8193,deepK,bf16,118.7100,1.5962,25869,0,ok
320,1,1,tall,bf16,113.2500,0.8585,701,0,ok
259,105,179,random,bf16,116.5400,1.3544,1281,0,ok
1536,8,128,grid,bf16,115.3200,1.4663,1917,0,ok
128,4096,129,grid,bf16,120.5400,2.9296,32639,0,ok
16,96,768,grid,bf16,114.8500,1.2639,2387,0,ok
96,127,127,grid,bf16,114.5000,1.1322,477,0,ok
8,512,384,grid,bf16,116.5800,2.0336,4679,0,ok
2048,16,1024,grid,bf16,121.7500,5.1361,19439,0,ok
840,31,40,random,bf16,119.8000,1.7195,1221,0,ok
192,4,384,grid,bf16,115.0100,1.7805,1721,0,ok
1,32,16,grid,bf16,116.8090,0.9740,382,0,ok
768,1536,129,grid,bf16,123.2900,2.5082,27599,0,ok
16,1120,64,wide_output,bf16,113.3700,1.8244,3581,0,ok
2,4096,2048,grid,bf16,122.5500,15.7313,196607,0,ok
64,4096,32,grid,bf16,118.9900,2.0693,14271,0,ok
4,64,1024,grid,bf16,112.5300,1.7660,3087,0,ok
1,1151,8,gemv_wideN,bf16,115.2090,1.0637,3446,0,ok
384,8,512,grid,bf16,114.5500,2.0637,3063,0,ok
2,128,32,grid,bf16,113.2100,1.0290,383,0,ok
129,257,1,grid,bf16,110.6200,0.4600,1532,0,ok
127,4,8,grid,bf16,112.1000,0.9749,508,0,ok
257,1536,384,grid,bf16,122.8500,2.6117,23003,0,ok
8,129,768,grid,bf16,111.6600,1.3131,4679,0,ok
257,4096,129,grid,bf16,119.6100,2.9117,40895,0,ok
192,16,64,grid,bf16,111.4100,1.5979,573,0,ok
64,64,4129,deepK,bf16,118.7000,2.0305,14717,0,ok
128,383,64,wide_output,bf16,113.8900,1.2016,1529,0,ok
192,384,768,grid,bf16,115.6400,1.9335,10331,0,ok
551,798,1463,random,bf16,120.9900,6.1701,78371,0,ok
4096,8,129,grid,bf16,114.8200,2.0827,8955,0,ok
768,64,32,grid,bf16,118.1400,1.7703,1149,0,ok
192,128,1024,grid,bf16,118.0500,1.7543,4591,0,ok
2,256,4096,grid,bf16,117.4800,2.9089,24575,0,ok
257,1536,2,grid,bf16,119.0500,1.3376,7667,0,ok
1,18,1328,random,bf16,117.9500,1.7132,4212,0,ok
256,128,128,grid,bf16,114.7100,1.2276,637,0,ok
512,4096,512,grid,bf16,124.4400,7.6124,114431,0,ok
1536,384,32,grid,bf16,121.1200,1.5960,5753,0,ok
2048,127,96,grid,bf16,117.3800,1.6151,2429,0,ok
64,4223,64,fat,bf16,117.0000,1.7138,14717,0,ok
16,4096,32,grid,bf16,116.2000,1.8943,12735,0,ok
512,4,512,grid,bf16,116.1610,2.2361,3575,0,ok
2048,2048,8,grid,bf16,123.8400,4.4636,38879,0,ok
546,1013,1,random,bf16,120.5300,2.0340,7423,0,ok
7,1287,20,random,bf16,114.0900,1.6265,4278,0,ok
2422,1860,19,random,bf16,124.2700,5.2660,42059,0,ok
1536,96,192,grid,bf16,117.1800,1.7005,3835,0,ok
16,257,2,grid,bf16,112.0600,0.4834,1193,0,ok
1,16,4,grid,bf16,113.2600,0.3972,382,0,ok
96,1024,1,grid,bf16,113.5600,1.0693,3823,0,ok
1,32,2048,grid,bf16,118.9900,1.8669,6127,0,ok
128,127,192,grid,bf16,116.2300,1.2301,1019,0,ok
1057,64,64,tall,bf16,115.6400,1.3254,1438,0,ok
384,4,64,grid,bf16,115.8100,1.0729,765,0,ok
9,6115,1390,random,bf16,120.1100,15.5022,206447,0,ok
608,64,64,tall,bf16,115.6500,1.2328,989,0,ok
16,256,64,wide_output,bf16,115.3900,1.5953,795,0,ok
8288,8192,64,thinK,bf16,204.1500,244.9510,554879,0,ok
32,2048,32,grid,bf16,115.4500,1.8080,6623,0,ok
64,2048,64,grid,bf16,117.5100,1.4197,7135,0,ok
2,2,4,grid,bf16,117.2100,0.4122,383,0,ok
129,16,4,grid,bf16,114.2300,1.0660,510,0,ok
977,2,1674,random,bf16,118.1700,3.9114,19025,0,ok
16,257,512,grid,bf16,119.9600,1.4122,4775,0,ok
155,28,46,random,bf16,131.7000,1.6396,536,0,ok
32,768,4,grid,bf16,129.7300,1.1469,2483,0,ok
2048,4096,1024,grid,bf16,158.4700,29.4281,622079,0,ok
64,8,96,grid,bf16,131.3690,1.0658,445,0,ok
256,256,8200,deepK,bf16,141.0800,8.5289,82939,0,ok
8,256,384,grid,bf16,134.0200,1.9142,2339,0,ok
1,289,256,gemv_wideN,bf16,135.8500,1.3075,2297,0,ok
9,1,1432,random,bf16,133.8500,1.7820,4691,0,ok
4,96,4096,grid,bf16,133.0100,1.9357,12351,0,ok
7,6,4772,random,bf16,130.8100,1.2897,14781,0,ok
16,4223,16,fat,bf16,131.5000,1.9222,13133,0,ok
129,257,2048,grid,bf16,136.8400,2.7231,24527,0,ok
520,256,256,tall,bf16,138.0100,1.6108,3607,0,ok
8,64,2,grid,bf16,133.4900,0.5326,389,0,ok
2048,8,129,grid,bf16,136.3600,2.1828,4859,0,ok
2048,4096,512,grid,bf16,143.4200,19.9859,311039,0,ok
16,16,639,deepK,bf16,132.4400,1.1209,1989,0,ok
64,192,16,grid,bf16,131.6700,1.6815,891,0,ok
1024,2048,127,grid,bf16,138.6100,3.4851,22495,0,ok
16,32,2,grid,bf16,129.8300,0.5163,397,0,ok
268,2,12,random,bf16,129.1000,1.0950,649,0,ok
2048,257,4,grid,bf16,134.7010,1.5318,7289,0,ok
512,8,4,grid,bf16,127.8500,1.1019,893,0,ok
1,1,8319,deepK,bf16,126.1400,2.2939,24894,0,ok
11,13,48,random,bf16,129.3800,1.0373,392,0,ok
4129,16,16,tall,bf16,131.8100,1.9056,4510,0,ok
1536,2,1,grid,bf16,131.6800,1.1014,1917,0,ok
32,128,257,grid,bf16,129.5100,1.2234,1241,0,ok
256,8200,64,wide_output,bf16,137.1800,3.4809,41469,0,ok
127,32,128,grid,bf16,127.3100,1.7257,508,0,ok
384,512,128,grid,bf16,131.3900,1.5053,3063,0,ok
1536,512,384,grid,bf16,137.8500,3.3140,23015,0,ok
2048,127,64,grid,bf16,132.2100,1.6283,2429,0,ok
4,581,70,random,bf16,133.1900,1.1657,1929,0,ok
257,96,256,grid,bf16,132.9300,1.3826,1277,0,ok
150,11,8,random,bf16,133.5500,1.1097,531,0,ok
2,768,1024,grid,bf16,129.9700,2.4951,18431,0,ok
129,2,127,grid,bf16,127.0200,1.1022,510,0,ok
16,4,128,grid,bf16,128.6800,1.0339,397,0,ok
768,192,127,grid,bf16,132.1400,1.4453,2299,0,ok
1,1536,32,grid,bf16,133.7990,1.1699,4595,0,ok
5,363,7326,random,bf16,135.8200,6.4314,67337,0,ok
64,4,1024,grid,bf16,128.2200,1.8974,3567,0,ok
16,127,64,grid,bf16,128.5200,1.6233,397,0,ok
32,4096,129,grid,bf16,132.0600,2.2053,26495,0,ok
64,1,192,grid,bf16,129.8900,1.1031,891,0,ok
512,256,512,grid,bf16,134.5500,1.9067,7151,0,ok
64,16,128,grid,bf16,129.2700,1.6430,445,0,ok
2,5569,7474,random,bf16,150.6500,79.7676,996863,0,ok
32,2,1,random,bf16,127.9500,0.4126,413,0,ok
257,64,384,grid,bf16,132.8200,1.4093,1916,0,ok
256,4160,256,fat,bf16,137.3100,3.7003,42107,0,ok
2048,768,2,grid,bf16,138.5900,2.3354,14579,0,ok
16,4096,4,grid,bf16,131.0800,1.1897,12735,0,ok
768,16,1024,grid,bf16,132.1300,2.6700,9199,0,ok
1628,4538,49,random,bf16,139.5700,7.3049,72359,0,ok
1,2048,128,grid,bf16,130.4100,1.6192,6127,0,ok
8,1151,8,fat,bf16,131.4700,1.6263,3509,0,ok
8,768,4,grid,bf16,126.8400,1.1089,2339,0,ok
70,5233,1309,random,bf16,137.0000,13.7906,203851,0,ok
4096,2,128,grid,bf16,132.7400,2.2095,4477,0,ok
2,4,768,grid,bf16,128.8300,1.0479,2303,0,ok
2,1,4,grid,bf16,128.2600,0.4692,383,0,ok
53,6190,166,random,bf16,136.1590,3.1959,42629,0,ok
127,8,16,grid,bf16,131.4400,1.0398,508,0,ok
1024,4,8,grid,bf16,128.7700,1.1149,1405,0,ok
512,1536,1536,grid,bf16,139.6700,8.4601,128735,0,ok
26,5198,158,random,bf16,134.2700,2.6773,33455,0,ok
1,257,129,grid,bf16,136.0400,1.2039,2297,0,ok
1536,257,257,grid,bf16,135.6300,2.5038,17261,0,ok
2048,192,2,grid,bf16,135.8100,1.3609,4859,0,ok
257,129,256,grid,bf16,133.7800,1.4133,2555,0,ok
127,8,32,grid,bf16,132.0000,1.0468,508,0,ok
256,1024,257,grid,bf16,135.1300,2.0873,15311,0,ok
1,4160,16,gemv_wideN,bf16,130.5300,1.2832,12638,0,ok
2081,8,8,tall,bf16,130.6900,1.1899,2462,0,ok
129,256,4,grid,bf16,130.4600,1.1456,1021,0,ok
49,6178,623,random,bf16,130.3900,8.3036,105594,0,ok
256,384,2,grid,bf16,132.2400,0.6111,1913,0,ok
1536,192,256,grid,bf16,130.1000,2.1420,7671,0,ok
1027,2,1608,random,bf16,129.7500,4.4165,18316,0,ok
768,2,16,grid,bf16,131.7300,1.1224,1149,0,ok
95,3360,93,random,bf16,131.3300,2.0298,12878,0,ok
2048,4096,768,grid,bf16,147.2000,26.2922,466559,0,ok
432,4,7267,random,bf16,132.0100,7.2759,46397,0,ok
2,1024,129,grid,bf16,129.2800,1.4282,6143,0,ok
2048,768,4096,grid,bf16,151.5600,24.6392,466559,0,ok
2,257,64,grid,bf16,131.1200,1.1396,1151,0,ok
257,2,16,grid,bf16,129.8000,1.0478,638,0,ok
16,16,1057,deepK,bf16,130.8900,1.2139,3581,0,ok
384,2,512,grid,bf16,132.0400,1.6090,3063,0,ok
7,198,1,random,bf16,129.5700,0.4188,777,0,ok
128,8,4,grid,bf16,131.1900,1.0698,509,0,ok
768,768,512,grid,bf16,133.5000,3.0256,27599,0,ok
1102,27,13,random,bf16,131.0500,1.8098,1483,0,ok
4,4096,768,grid,bf16,132.4600,6.6034,74111,0,ok
272,3999,20,random,bf16,129.9100,2.2079,20927,0,ok
8,128,2,grid,bf16,133.5300,0.5219,389,0,ok
12,25,619,random,bf16,132.9200,1.1981,1969,0,ok
8,96,1536,grid,bf16,134.1700,1.4526,4679,0,ok
32,32,192,grid,bf16,130.3800,1.1220,827,0,ok
192,4096,32,grid,bf16,133.6500,1.9191,18367,0,ok
298,1851,238,random,bf16,137.3300,2.5338,20399,0,ok
512,128,127,grid,bf16,129.6700,1.3436,893,0,ok
4,696,13,random,bf16,131.7800,1.1177,2315,0,ok
128,129,129,grid,bf16,130.5700,1.3130,2039,0,ok
16,4097,64,wide_output,bf16,131.0500,2.3014,13133,0,ok
96,256,768,grid,bf16,130.1700,1.6868,5735,0,ok
587,7870,518,random,bf16,144.0400,16.0875,300389,0,ok
8,192,384,grid,bf16,129.6300,1.8930,2339,0,ok
1685,132,21,random,bf16,138.9400,1.3978,4133,0,ok
6,1155,1252,random,bf16,140.4100,4.0296,38799,0,ok
1024,512,64,grid,bf16,142.7500,1.6590,5623,0,ok
192,96,4096,grid,bf16,140.4600,3.2312,18367,0,ok
128,4096,127,grid,bf16,140.8500,2.5357,16319,0,ok
3162,1257,187,random,bf16,144.1400,5.9665,70879,0,ok
1,383,1,fat,bf16,132.8700,0.8678,1148,0,ok
2,4096,257,grid,bf16,138.2000,3.0246,36863,0,ok
2,16,128,grid,bf16,136.2000,1.0647,383,0,ok
192,4096,1024,grid,bf16,140.5800,9.5971,146943,0,ok
1,1,8225,deepK,bf16,132.6800,2.3066,24894,0,ok
16,128,4,grid,bf16,132.1900,1.0715,397,0,ok
128,1120,64,wide_output,bf16,136.1800,1.4754,4589,0,ok
4104,8,8,tall,bf16,134.3000,1.2535,4485,0,ok
4,2,8,grid,bf16,133.9500,0.4633,385,0,ok
64,1,2,grid,bf16,135.4700,0.4551,445,0,ok
1,128,16,grid,bf16,137.0900,1.0362,382,0,ok
512,1024,16,grid,bf16,135.0800,1.5281,7151,0,ok
3,32,33,random,bf16,134.1000,1.0498,384,0,ok
2048,2,32,grid,bf16,138.0900,1.2467,2429,0,ok
4096,2048,127,grid,bf16,145.6800,10.5636,71647,0,ok
513,64,64,tall,bf16,133.8500,1.2749,894,0,ok
64,264,64,fat,bf16,136.8000,1.1783,1337,0,ok
8,8319,8,fat,bf16,135.8500,1.8123,25349,0,ok
512,192,256,grid,bf16,139.4600,1.6013,3575,0,ok
8192,1,1,tall,bf16,139.7900,1.5641,8573,0,ok
2977,467,109,random,bf16,141.9300,2.8703,13435,0,ok
1,192,257,grid,bf16,140.3100,1.3391,2297,0,ok
768,64,4096,grid,bf16,139.6300,7.5961,36799,0,ok
257,129,512,grid,bf16,139.8700,1.6575,5111,0,ok
4096,1024,2048,grid,bf16,157.1500,35.2358,573183,0,ok
512,1024,1,grid,bf16,136.0600,1.4875,7151,0,ok
1,257,1024,grid,bf16,140.1200,2.2980,9191,0,ok
256,256,1,grid,bf16,133.8400,1.0347,1275,0,ok
127,16,512,grid,bf16,133.3600,1.3296,2035,0,ok
768,257,96,grid,bf16,139.6200,1.4659,3449,0,ok
32,768,256,grid,bf16,135.0300,1.5943,4967,0,ok
2103,40,193,random,bf16,138.6700,1.9892,4969,0,ok
127,1,8,grid,bf16,137.0900,1.0201,508,0,ok
257,192,2048,grid,bf16,142.0400,2.7565,20447,0,ok
192,4096,192,grid,bf16,140.8000,3.0149,36735,0,ok
1,16,384,grid,bf16,137.7900,1.1239,1148,0,ok
30,4,140,random,bf16,135.6000,1.0727,823,0,ok
128,2048,384,grid,bf16,141.7300,2.9948,24479,0,ok
512,32,2048,grid,bf16,140.3600,3.2491,14303,0,ok
8225,8,8,tall,bf16,132.5700,1.3429,8606,0,ok
127,8,129,grid,bf16,132.4100,1.6487,1017,0,ok
1536,768,192,grid,bf16,142.2800,2.6550,23015,0,ok
64,16,512,grid,bf16,134.4400,1.1752,1783,0,ok
8,8,1032,deepK,bf16,134.3100,1.1219,3509,0,ok
1024,16,2,grid,bf16,136.1300,1.1205,1405,0,ok
8,4096,1536,grid,bf16,143.0200,12.0779,149759,0,ok
127,2,768,grid,bf16,137.1300,1.9022,3053,0,ok
32,1024,2,grid,bf16,135.1700,1.1361,3311,0,ok
129,768,16,grid,bf16,137.2700,1.8186,3065,0,ok
32,768,128,grid,bf16,133.2300,1.9049,2483,0,ok
257,257,1536,grid,bf16,140.8700,2.8460,23003,0,ok
32,16,8,grid,bf16,135.0300,1.1253,413,0,ok
16,256,768,grid,bf16,137.5200,1.5555,4775,0,ok
256,16,1536,grid,bf16,133.7800,1.9220,7655,0,ok
1,2175,16,gemv_wideN,bf16,134.8100,1.1839,6510,0,ok
8094,1734,2429,random,bf16,234.8600,117.5722,2254615,0,ok
128,128,2048,grid,bf16,138.4400,2.1458,8159,0,ok
256,96,128,grid,bf16,134.6900,1.2458,637,0,ok
1,2175,128,gemv_wideN,bf16,138.1400,1.6657,6510,0,ok
32,129,256,grid,bf16,132.9400,1.2188,1655,0,ok
18,14,1484,random,bf16,134.0300,1.3144,4799,0,ok
4096,8,128,grid,bf16,134.1300,2.1779,4477,0,ok
1024,2,2,grid,bf16,133.4700,1.1175,1405,0,ok
2,289,160,random,bf16,135.6500,1.3138,2303,0,ok
64,64,4192,deepK,bf16,130.6900,2.0762,14717,0,ok
129,2,8,grid,bf16,133.6400,1.0505,510,0,ok
768,512,256,grid,bf16,138.9100,1.9217,9199,0,ok
1479,2,322,random,bf16,133.2900,2.0592,5582,0,ok
4,970,1636,random,bf16,136.0500,4.2695,40143,0,ok
20,3204,2,random,bf16,137.2100,1.2162,10451,0,ok
16,1536,512,grid,bf16,138.5000,2.5101,19103,0,ok
64,256,16,grid,bf16,134.2000,1.7026,891,0,ok
53,13,387,random,bf16,134.2300,1.2154,1739,0,ok
8,256,32,grid,bf16,135.8300,1.6472,779,0,ok
129,768,192,grid,bf16,137.3400,1.5025,6131,0,ok
8,8,352,deepK,bf16,137.3700,1.6450,1169,0,ok
32,129,32,grid,bf16,134.0500,1.6521,827,0,ok
192,1,64,grid,bf16,140.2500,1.1259,573,0,ok
257,512,8,grid,bf16,137.5600,1.8111,2555,0,ok
129,16,127,grid,bf16,133.8600,1.6520,510,0,ok
1,8288,1,fat,bf16,139.1300,1.5681,24894,0,ok
8,8,8193,deepK,bf16,133.5600,1.3759,25349,0,ok
1,4160,1,fat,bf16,139.1500,1.4675,12638,0,ok
256,256,4129,deepK,bf16,141.4100,4.8934,42107,0,ok
512,64,2,grid,bf16,134.5100,1.1297,893,0,ok
127,257,2048,grid,bf16,139.8700,2.6452,24431,0,ok
16,16,8256,deepK,bf16,137.3300,1.6247,25869,0,ok
7082,1776,1994,random,bf16,202.8900,78.0159,1671935,0,ok
1,4527,2,random,bf16,139.2400,1.1341,13787,0,ok
1,384,16,grid,bf16,137.7700,1.0489,1148,0,ok
127,384,2048,grid,bf16,141.2000,3.1499,24431,0,ok
384,64,192,grid,bf16,135.5600,1.3129,1531,0,ok
1024,1024,129,grid,bf16,141.4000,2.4716,22495,0,ok
2,192,96,grid,bf16,133.9400,1.1195,767,0,ok
512,768,2048,grid,bf16,139.8900,6.7283,85823,0,ok
4096,2048,1,grid,bf16,142.4300,12.3864,71647,0,ok
1,264,1,fat,bf16,133.6700,0.8780,1148,0,ok
16,257,1024,grid,bf16,138.7600,1.7441,9551,0,ok
257,256,4,grid,bf16,138.5300,1.1613,1277,0,ok
128,1032,128,fat,bf16,138.4900,1.6539,4589,0,ok
384,512,16,grid,bf16,138.9700,1.3167,3063,0,ok
257,1024,64,grid,bf16,139.0800,1.4806,5111,0,ok
992,37,77,random,bf16,136.9900,1.9088,1373,0,ok
16,257,4,grid,bf16,133.1400,1.1275,1193,0,ok
256,256,2112,deepK,bf16,141.6700,3.1139,21691,0,ok
523,3,6,random,bf16,134.2800,1.0556,904,0,ok
128,8225,128,fat,bf16,138.9200,4.4165,33149,0,ok
3,54,435,random,bf16,134.8500,1.7696,1539,0,ok
512,129,2048,grid,bf16,138.4900,3.6140,28607,0,ok
1151,64,64,tall,bf16,137.4000,1.3380,1532,0,ok
127,257,1536,grid,bf16,138.9400,2.3154,18323,0,ok
113,10,3,random,bf16,135.9000,1.1154,494,0,ok
13,25,5077,random,bf16,137.7300,1.6524,15799,0,ok
64,512,96,grid,bf16,134.7000,1.2470,1783,0,ok
2,192,1,grid,bf16,133.6800,0.4429,767,0,ok
127,8,1024,grid,bf16,135.9800,1.4071,4071,0,ok
128,192,512,grid,bf16,135.0800,1.4963,4079,0,ok
192,4096,16,grid,bf16,136.1500,1.8084,18367,0,ok
384,257,96,grid,bf16,137.6300,1.3306,2297,0,ok
192,512,2048,grid,bf16,142.2400,3.6216,36735,0,ok
96,1024,4,grid,bf16,136.8400,1.1878,3823,0,ok
13,3,64,random,bf16,135.3100,1.0491,394,0,ok
3459,6267,364,random,bf16,170.1000,39.0009,564626,0,ok
3,1822,83,random,bf16,133.1000,1.4804,5774,0,ok
152,171,410,random,bf16,134.9500,1.5467,4271,0,ok
5582,1076,7488,random,bf16,265.5000,147.1441,3166883,0,ok
145,536,34,random,bf16,135.0100,1.3123,2634,0,ok
256,256,1057,deepK,bf16,135.6300,2.1853,11483,0,ok
1536,1,96,grid,bf16,130.5100,1.4600,1917,0,ok
1,1151,256,gemv_wideN,bf16,135.4300,1.7266,6893,0,ok
127,64,384,grid,bf16,132.7700,1.3103,1526,0,ok
128,1024,256,grid,bf16,130.2600,1.8644,8159,0,ok
718,3292,475,random,bf16,138.8500,6.9384,114399,0,ok
105,6598,1827,random,bf16,141.6100,20.6310,379859,0,ok
2,8,2048,grid,bf16,131.5700,1.6351,6143,0,ok
1,4096,16,gemv_wideN,bf16,132.3900,1.3091,12255,0,ok
1044,13,6350,random,bf16,138.4100,12.4255,71299,0,ok
768,768,8,grid,bf16,133.1600,1.5293,6899,0,ok
2048,2,96,grid,bf16,134.7400,1.4669,2429,0,ok
4096,4,192,grid,bf16,132.2800,2.4672,8955,0,ok
16,512,4,grid,bf16,131.7800,1.1245,1591,0,ok
10,13,5,random,bf16,130.6100,1.1226,391,0,ok
2810,244,67,random,bf16,132.4000,1.9703,6383,0,ok
2048,257,256,grid,bf16,131.1000,2.4768,14579,0,ok
1,256,96,grid,bf16,136.0900,1.1158,765,0,ok
1,2081,128,gemv_wideN,bf16,134.7800,1.8603,6510,0,ok
750,8182,21,random,bf16,143.4700,6.0695,72447,0,ok
94,393,11,random,bf16,130.4100,1.7505,1903,0,ok
2048,384,96,grid,bf16,134.8000,2.0422,7289,0,ok
4,64,128,grid,bf16,133.2900,1.0873,385,0,ok
16,1024,512,grid,bf16,131.4400,2.0799,12735,0,ok
2,64,2,grid,bf16,130.8800,0.4467,383,0,ok
257,256,256,grid,bf16,138.2200,1.4200,2555,0,ok
2,128,256,grid,bf16,130.0900,1.2010,767,0,ok
129,2,1536,grid,bf16,130.7000,2.1329,6131,0,ok
64,256,1024,grid,bf16,133.0200,1.7403,7135,0,ok
88,2,2,random,bf16,132.9800,0.5263,469,0,ok
64,685,2,random,bf16,132.5900,1.1596,2675,0,ok
128,257,768,grid,bf16,131.5400,1.7651,9179,0,ok
2,922,2699,random,bf16,132.3900,6.1839,67583,0,ok
129,127,1,grid,bf16,130.3300,0.4732,510,0,ok
8,127,129,grid,bf16,134.8200,1.6503,779,0,ok
128,128,608,deepK,bf16,131.9000,1.4765,2549,0,ok
3223,3,30,random,bf16,131.0600,1.3174,3604,0,ok
8,8,8192,deepK,bf16,133.2900,1.3694,24959,0,ok
129,192,96,grid,bf16,130.8900,1.2065,1021,0,ok
1,4096,2,grid,bf16,130.4000,1.1164,12255,0,ok
1,4097,1,fat,bf16,131.7700,1.4549,12638,0,ok
64,2048,96,grid,bf16,129.9000,1.5279,7135,0,ok
8,520,8,fat,bf16,151.5600,1.7001,1949,0,ok
485,801,415,random,bf16,134.8100,2.5514,24275,0,ok
384,32,1,grid,bf16,131.0300,0.5400,765,0,ok
257,128,2048,grid,bf16,135.4110,2.6341,10223,0,ok
127,64,128,grid,bf16,131.0900,1.1744,508,0,ok
1120,8,8,tall,bf16,133.3200,1.1202,1501,0,ok
2,161,24,random,bf16,134.6300,1.0877,767,0,ok
256,256,4223,deepK,bf16,141.4800,4.9184,42107,0,ok
96,192,32,grid,bf16,132.0400,1.7643,955,0,ok
64,8,384,grid,bf16,131.3500,1.7174,1337,0,ok
127,1024,4,grid,bf16,132.1500,1.3072,4071,0,ok
32,64,96,grid,bf16,133.0400,1.6483,413,0,ok
257,32,512,grid,bf16,131.5400,1.4539,2555,0,ok
122,2,39,random,bf16,131.9900,1.0675,503,0,ok
256,4096,16,grid,bf16,130.6600,2.0240,20415,0,ok
96,8,1536,grid,bf16,128.8800,1.4623,5735,0,ok
2621,50,2040,random,bf16,138.9700,10.6025,48047,0,ok
192,16,129,grid,bf16,132.2400,1.7702,1147,0,ok
2048,1,512,grid,bf16,137.7600,3.5776,9719,0,ok
257,8,129,grid,bf16,133.0300,1.8076,1277,0,ok
4,127,192,grid,bf16,131.5800,1.6461,771,0,ok
8,256,64,wide_output,bf16,133.2900,1.6441,779,0,ok
257,192,256,grid,bf16,133.2400,1.4049,2555,0,ok
2048,8,192,grid,bf16,130.2200,2.3695,4859,0,ok
8,1024,192,grid,bf16,133.5200,2.1005,6239,0,ok
8,8,4223,deepK,bf16,133.2100,1.2351,12869,0,ok
16,512,256,grid,bf16,131.1600,1.9622,3183,0,ok
1536,4096,257,grid,bf16,144.4890,11.5603,184127,0,ok
1,513,128,gemv_wideN,bf16,132.4700,1.2958,1914,0,ok
96,4096,129,grid,bf16,132.2000,2.2867,30591,0,ok
2,1216,59,random,bf16,126.4000,1.2550,3839,0,ok
129,8,1536,grid,bf16,126.1090,1.5643,6131,0,ok
16,16,257,deepK,bf16,126.6300,1.0941,1193,0,ok
3,2,7040,random,bf16,127.5700,1.1947,21174,0,ok
129,127,4096,grid,bf16,134.2900,2.9504,16351,0,ok
1024,4096,4096,grid,bf16,169.9600,58.0774,1439743,0,ok
127,384,1024,grid,bf16,130.1200,2.1886,12215,0,ok
96,64,4,grid,bf16,125.3200,1.1038,477,0,ok
384,2,192,grid,bf16,127.9800,1.2457,1531,0,ok
2048,16,384,grid,bf16,133.1200,2.6308,7289,0,ok
16,2112,64,wide_output,bf16,127.9800,1.9706,6765,0,ok
96,2048,1024,grid,bf16,134.1100,5.0294,61183,0,ok
768,768,256,grid,bf16,133.5100,2.1687,13799,0,ok
127,2,8,grid,bf16,126.9700,1.0085,508,0,ok
1068,2,1,random,bf16,126.3800,1.0246,1449,0,ok
4096,127,96,grid,bf16,136.1200,2.0924,4477,0,ok
13,903,3601,random,bf16,137.2000,7.7396,91639,0,ok
128,2,129,grid,bf16,130.1200,1.1005,1019,0,ok
96,16,768,grid,bf16,128.0100,1.2934,2867,0,ok
4281,305,4788,random,bf16,155.6900,42.3891,531581,0,ok
1,1,2056,deepK,bf16,129.1100,2.1152,6510,0,ok
2,309,4407,random,bf16,134.4100,3.8314,40319,0,ok
257,8,4,grid,bf16,129.8700,1.1057,638,0,ok
41,304,38,random,bf16,131.3500,1.7765,1268,0,ok
8,2,1536,grid,bf16,129.1600,1.6943,4679,0,ok
64,1536,2,grid,bf16,131.8600,1.2024,5351,0,ok
8,2,5,random,bf16,127.0900,1.0067,389,0,ok
1,2175,64,wide_output,bf16,132.0600,1.4419,6510,0,ok
823,1007,9,random,bf16,134.4500,1.7120,9639,0,ok
257,1024,2048,grid,bf16,137.0400,6.2192,81791,0,ok
1,2048,384,grid,bf16,130.7400,3.1791,18383,0,ok
2175,64,64,tall,bf16,131.0600,1.5722,2556,0,ok
8,64,1536,grid,bf16,128.1200,1.3660,4679,0,ok
1024,1,1024,grid,bf16,132.9200,3.5936,11247,0,ok
4096,64,257,grid,bf16,135.0800,3.1367,13433,0,ok
4096,2048,384,grid,bf16,146.1600,14.5193,214943,0,ok
768,16,192,grid,bf16,132.1600,2.0306,2299,0,ok
192,2,384,grid,bf16,125.9500,1.3181,1721,0,ok
256,384,127,grid,bf16,130.9100,1.3813,1913,0,ok
1024,64,768,grid,bf16,130.5000,2.7300,8435,0,ok
4,257,127,grid,bf16,124.6800,1.1829,1157,0,ok
92,80,17,random,bf16,130.3000,1.7206,473,0,ok
4096,8,8,tall,bf16,128.4000,1.2286,4477,0,ok
512,512,64,thinK,bf16,135.2700,1.4385,3575,0,ok
16,520,64,wide_output,bf16,129.9900,1.7886,1989,0,ok
768,129,64,grid,bf16,130.0600,1.3055,2299,0,ok
127,96,192,grid,bf16,130.5900,1.2534,1017,0,ok
768,1,32,grid,bf16,130.4500,1.0969,1149,0,ok
2048,64,2048,grid,bf16,129.2200,9.4542,38879,0,ok
4096,96,1536,grid,bf16,133.4900,12.3114,53735,0,ok
1,639,1,fat,bf16,132.0600,1.4590,1914,0,ok
384,768,2048,grid,bf16,131.6900,6.3679,73535,0,ok
117,19,543,random,bf16,129.1800,1.2891,2494,0,ok
256,2048,192,grid,bf16,128.3000,2.2046,20415,0,ok
1,129,768,grid,bf16,132.8100,1.9055,4595,0,ok
2,1536,192,grid,bf16,127.1600,1.6241,9215,0,ok
5968,188,16,random,bf16,137.7000,2.3907,12699,0,ok
1,383,16,gemv_wideN,bf16,129.8000,1.0337,1148,0,ok
192,128,64,grid,bf16,126.6500,1.2187,573,0,ok
2,1,256,grid,bf16,127.7300,1.0053,767,0,ok
20,2824,277,random,bf16,131.9300,2.6305,27737,0,ok
1,8200,8,gemv_wideN,bf16,128.5700,1.3400,24894,0,ok
127,2,256,grid,bf16,125.7900,1.1621,1017,0,ok
1,1536,256,grid,bf16,127.3400,1.8878,9191,0,ok
1235,2071,2,random,bf16,137.2200,3.1150,27488,0,ok
129,8,4096,grid,bf16,130.8000,2.2643,16351,0,ok
32,32,512,grid,bf16,126.9700,1.1572,1655,0,ok
4096,2,512,grid,bf16,130.8300,5.1428,17911,0,ok
4,512,127,grid,bf16,127.7500,1.2350,1543,0,ok
24,26,25,random,bf16,126.4900,1.6231,405,0,ok
1024,1024,192,grid,bf16,132.2400,2.5495,22495,0,ok
1,129,2048,grid,bf16,129.9000,2.2857,12255,0,ok
4,2,128,grid,bf16,125.7300,0.4427,385,0,ok
1536,127,512,grid,bf16,130.6600,2.7814,7671,0,ok
8,192,127,grid,bf16,126.7400,1.7177,779,0,ok
768,16,127,grid,bf16,126.2700,1.8913,1149,0,ok
4,192,64,grid,bf16,128.5700,1.0987,771,0,ok
16,4096,8,grid,bf16,125.3500,1.8026,12735,0,ok
129,4,32,grid,bf16,126.7900,1.0536,510,0,ok
127,256,512,grid,bf16,127.5400,1.6189,4071,0,ok
256,2144,64,wide_output,bf16,128.0800,1.7890,10845,0,ok
308,5,7688,random,bf16,130.9300,5.8983,42089,0,ok
1,8193,64,wide_output,bf16,129.1200,2.1807,24894,0,ok
387,4119,160,random,bf16,135.8500,3.7826,50753,0,ok
384,384,257,grid,bf16,134.1200,1.7302,6893,0,ok
64,16,1,grid,bf16,126.8400,0.4078,445,0,ok
2,119,117,random,bf16,127.0600,1.1023,383,0,ok
384,96,32,grid,bf16,126.9700,1.7796,765,0,ok
3,4519,17,random,bf16,126.6700,1.3522,13859,0,ok
1,384,512,grid,bf16,132.2100,2.0644,4595,0,ok
16,16,2081,deepK,bf16,127.2200,1.2539,6765,0,ok
475,55,4,random,bf16,126.8900,1.1053,856,0,ok
3,36,6,random,bf16,127.4200,0.9787,384,0,ok
2048,1,2048,grid,bf16,133.7000,8.9535,38879,0,ok
64,16,127,grid,bf16,125.8900,1.6269,445,0,ok
1,16,129,grid,bf16,129.1200,1.1072,765,0,ok
49,58,82,random,bf16,129.9600,1.1020,430,0,ok
2,512,2,grid,bf16,127.7400,0.4356,1535,0,ok
4909,1,347,random,bf16,131.3100,5.0770,15872,0,ok
16,1024,384,grid,bf16,129.6000,1.8342,9551,0,ok
32,257,4096,grid,bf16,129.1600,3.4327,39743,0,ok
16,127,192,grid,bf16,127.6700,1.7474,795,0,ok
96,1536,1536,grid,bf16,128.2300,5.5690,68831,0,ok
997,485,1518,random,bf16,130.1600,6.1826,66191,0,ok
32,129,4096,grid,bf16,130.5600,2.3805,26495,0,ok
192,64,96,grid,bf16,128.3200,1.1969,573,0,ok
32,32,127,grid,bf16,127.0400,1.6460,413,0,ok
352,128,128,tall,bf16,135.4800,1.3139,733,0,ok
512,2,129,grid,bf16,132.8800,1.2210,1787,0,ok
16,4192,16,fat,bf16,130.6400,1.8415,13133,0,ok
4096,16,1024,grid,bf16,139.9200,9.2428,35823,0,ok
1,16,256,grid,bf16,138.0400,1.1158,765,0,ok
4,2594,83,random,bf16,136.1800,1.5887,8105,0,ok
1,1025,8,gemv_wideN,bf16,130.4200,1.1120,3446,0,ok
32,257,2048,grid,bf16,137.1000,2.3071,19871,0,ok
2109,512,4,random,bf16,136.7000,1.9441,9963,0,ok
1,8,192,grid,bf16,130.6600,1.0699,765,0,ok
1,127,4,grid,bf16,132.5100,0.4381,382,0,ok
14,6,366,random,bf16,131.3800,1.6469,1187,0,ok
256,1536,129,grid,bf16,139.6700,1.9068,15311,0,ok
545,128,128,tall,bf16,132.5200,1.4078,926,0,ok
16,8,1536,grid,bf16,134.8400,1.1761,4775,0,ok
2048,128,1024,grid,bf16,137.6800,5.4678,19439,0,ok
20,5,45,random,bf16,134.6600,1.0715,401,0,ok
2048,2,127,grid,bf16,135.4600,1.6441,2429,0,ok
4104,256,256,tall,bf16,137.9000,3.4843,17943,0,ok
18,4,941,random,bf16,133.0800,1.7560,3199,0,ok
128,64,4,grid,bf16,135.1900,1.1237,509,0,ok
257,129,127,grid,bf16,134.5700,1.3114,1277,0,ok
64,16,384,grid,bf16,133.4900,1.1191,1337,0,ok
302,269,632,random,bf16,139.3700,2.0145,10259,0,ok
5,26,440,random,bf16,136.2400,1.6493,1547,0,ok
4,192,127,grid,bf16,134.5200,1.1912,771,0,ok
1476,959,287,random,bf16,142.7900,4.2814,44591,0,ok
8,8,384,grid,bf16,134.9100,1.6480,1169,0,ok
256,96,4,grid,bf16,132.9800,1.1256,637,0,ok
714,7806,3220,random,bf16,185.2200,62.3717,1738255,0,ok
1,4129,16,gemv_wideN,bf16,140.2100,1.3166,12638,0,ok
16,512,8,grid,bf16,136.7800,1.1205,1591,0,ok
16,4096,2048,grid,bf16,141.7400,15.9470,203775,0,ok
127,512,257,grid,bf16,137.2900,1.6430,6107,0,ok
192,127,512,grid,bf16,134.9400,1.4914,2295,0,ok
8,8,4096,deepK,bf16,133.0700,1.2511,12479,0,ok
4096,2048,1536,grid,bf16,167.2600,43.0803,859775,0,ok
127,2048,4,grid,bf16,137.5400,1.4602,8143,0,ok
32,1,257,grid,bf16,136.4900,1.1241,1241,0,ok
4,256,4096,grid,bf16,138.5800,2.9487,24703,0,ok
11,84,34,random,bf16,135.6900,1.6482,392,0,ok
2,197,55,random,bf16,133.6800,1.1286,767,0,ok
1024,16,1,grid,bf16,135.3100,1.0386,1405,0,ok
1024,1536,16,grid,bf16,138.6600,2.4450,16871,0,ok
1,2048,4,grid,bf16,132.6900,1.0872,6127,0,ok
2,512,1,grid,bf16,133.1200,0.4332,1535,0,ok
7,1360,4642,random,bf16,137.9900,13.6356,158322,0,ok
7328,15,2487,random,bf16,142.5300,34.2366,154199,0,ok
32,2048,768,grid,bf16,138.4700,3.9182,39743,0,ok
2,38,19,random,bf16,131.9200,1.0651,383,0,ok
96,64,256,grid,bf16,132.5500,1.2181,955,0,ok
4096,127,128,grid,bf16,170.2400,2.3710,4477,0,ok
256,256,4160,deepK,bf16,138.7500,4.9756,42107,0,ok
3,374,7920,random,bf16,139.9500,6.9589,71609,0,ok
1536,257,2048,grid,bf16,141.1300,8.1889,92063,0,ok
16,127,129,grid,bf16,133.6700,1.7050,795,0,ok
8,8200,64,wide_output,bf16,133.8600,2.1124,25349,0,ok
16,16,1088,deepK,bf16,134.1500,1.2180,3581,0,ok
256,2049,256,fat,bf16,136.2200,2.4204,21691,0,ok
127,1024,129,grid,bf16,136.1600,1.7037,8143,0,ok
256,127,768,grid,bf16,137.9200,1.7436,3827,0,ok
129,1024,512,grid,bf16,134.8600,2.2883,16351,0,ok
16,1,192,grid,bf16,133.9500,1.1209,795,0,ok
129,64,1536,grid,bf16,131.7900,1.7339,6131,0,ok
64,64,320,deepK,bf16,135.0000,1.2225,1337,0,ok
1536,4096,1024,grid,bf16,151.0000,21.8381,491007,0,ok
4096,32,192,grid,bf16,138.6800,2.4711,8955,0,ok
1024,256,128,grid,bf16,132.6700,1.5927,2811,0,ok
64,2,384,grid,bf16,131.4100,1.1249,1337,0,ok
9,13,5,random,bf16,134.2800,1.1310,390,0,ok
512,96,192,grid,bf16,135.7100,1.3976,1787,0,ok
424,52,594,random,bf16,133.6500,1.8021,4029,0,ok
4096,8,4096,grid,bf16,144.9800,32.1460,143295,0,ok
4,4,256,grid,bf16,133.7100,1.0336,771,0,ok
2056,64,64,tall,bf16,135.5700,1.5315,2437,0,ok
118,21,6746,random,bf16,141.7100,2.9589,26499,0,ok
8,1025,64,wide_output,bf16,133.9800,1.7986,3509,0,ok
127,768,32,grid,bf16,134.1600,1.8966,3053,0,ok
1,4,10,random,bf16,132.8600,0.4846,382,0,ok
1,4097,16,gemv_wideN,bf16,137.3500,1.2795,12638,0,ok
545,8,8,tall,bf16,134.2000,1.1197,926,0,ok
256,513,64,wide_output,bf16,135.2100,1.3239,3189,0,ok
96,4096,64,grid,bf16,137.0300,1.8847,15295,0,ok
64,64,2049,deepK,bf16,137.6300,1.6591,7581,0,ok
257,64,1536,grid,bf16,135.9000,2.1786,7667,0,ok
16,129,384,grid,bf16,130.0800,1.2540,2387,0,ok
64,1536,127,grid,bf16,137.1000,1.5778,5351,0,ok
220,1703,77,random,bf16,130.3600,1.7041,8427,0,ok
384,16,64,grid,bf16,130.9600,1.7176,765,0,ok
104,3,88,random,bf16,133.3600,1.1201,485,0,ok
32,127,4,grid,bf16,131.8100,1.1102,413,0,ok
64,320,64,fat,bf16,131.6800,1.1694,1337,0,ok
1,64,96,grid,bf16,130.5900,1.0598,382,0,ok
256,129,129,grid,bf16,134.2700,1.3146,2551,0,ok
256,257,192,grid,bf16,131.2200,1.3943,3827,0,ok
43,11,80,random,bf16,134.4000,1.6465,424,0,ok
4171,10,604,random,bf16,137.6000,5.3985,22764,0,ok
13,360,222,random,bf16,132.7200,1.9058,2369,0,ok
128,768,2048,grid,bf16,133.1800,4.7447,48959,0,ok
8,64,256,grid,bf16,134.0800,1.6478,779,0,ok
2,44,143,random,bf16,133.8600,1.1225,767,0,ok
64,16,16,grid,bf16,134.7400,1.1057,445,0,ok
367,613,3409,random,bf16,135.1700,8.1977,101114,0,ok
1,1,1032,deepK,bf16,125.4790,1.9960,3446,0,ok
1024,1536,256,grid,bf16,131.8700,3.3633,33743,0,ok
256,127,257,grid,bf16,129.2500,1.3895,1913,0,ok
96,2048,2048,grid,bf16,132.3000,8.9703,122367,0,ok
512,8,768,grid,bf16,128.3500,1.8909,5363,0,ok
128,1536,4096,grid,bf16,135.9600,12.6839,195839,0,ok
1536,768,384,grid,bf16,133.9900,4.0058,34523,0,ok
1,545,8,gemv_wideN,bf16,131.9700,1.0428,1914,0,ok
1072,872,202,random,bf16,127.6300,2.6897,20355,0,ok
64,32,192,grid,bf16,129.2100,1.1487,891,0,ok
128,127,1536,grid,bf16,131.9500,1.8947,6119,0,ok
2,2396,559,random,bf16,128.8500,3.4602,36479,0,ok
128,1024,64,wide_output,bf16,129.6400,1.3942,4079,0,ok
2,129,8,grid,bf16,126.3900,1.0346,767,0,ok
384,768,4,grid,bf16,132.2100,1.3688,4595,0,ok
768,128,512,grid,bf16,130.9010,2.0642,4599,0,ok
32,2,129,grid,bf16,127.1300,1.0513,827,0,ok
8,2048,128,grid,bf16,127.0700,2.1816,6239,0,ok
2048,512,128,grid,bf16,137.0600,2.4916,9719,0,ok
772,158,11,random,bf16,130.8500,1.9024,2307,0,ok
128,768,16,grid,bf16,127.7000,1.8004,3059,0,ok
768,4096,64,grid,bf16,137.2200,3.9635,36799,0,ok
256,256,383,deepK,bf16,131.7700,1.6240,3827,0,ok
128,1088,128,fat,bf16,131.2300,1.5254,4589,0,ok
256,257,768,grid,bf16,130.9300,1.9011,11483,0,ok
1114,37,91,random,bf16,135.4300,1.9464,1495,0,ok
16,2,4096,grid,bf16,135.2400,1.3179,12735,0,ok
4223,64,64,tall,bf16,131.8700,1.8421,4604,0,ok
256,520,256,fat,bf16,133.6900,1.6504,6379,0,ok
1024,128,96,grid,bf16,131.1700,1.4551,1405,0,ok
96,768,32,grid,bf16,132.6500,1.8084,2867,0,ok
4,768,256,grid,bf16,133.0100,2.0928,4631,0,ok
1,192,64,grid,bf16,136.0300,1.1107,765,0,ok
128,2048,4096,grid,bf16,141.3400,16.6773,261119,0,ok
4096,129,257,grid,bf16,137.6300,3.4923,26867,0,ok
4,1024,4,grid,bf16,134.9400,1.0709,3087,0,ok
2048,127,768,grid,bf16,134.6500,4.3443,14579,0,ok
4096,384,8,grid,bf16,141.5400,2.4371,13433,0,ok
1,96,8,grid,bf16,138.5700,0.4346,382,0,ok
10,1509,141,random,bf16,134.6600,2.1643,9407,0,ok
4096,4,1,grid,bf16,132.0400,1.1044,4477,0,ok
192,768,256,grid,bf16,134.6100,1.6483,6887,0,ok
64,256,64,grid,bf16,133.3000,1.1863,891,0,ok
127,257,768,grid,bf16,131.3700,1.7971,9161,0,ok
8,545,8,fat,bf16,130.3400,1.6484,1949,0,ok
1536,64,32,grid,bf16,131.2900,1.8966,1917,0,ok
9,1342,1026,random,bf16,131.1100,3.6801,38708,0,ok
1024,32,96,grid,bf16,133.0600,1.9042,1405,0,ok
128,129,384,grid,bf16,133.3600,1.3704,3059,0,ok
256,1536,384,grid,bf16,139.2000,2.7032,22967,0,ok
428,159,1398,random,bf16,137.9000,2.7157,17819,0,ok
2164,7,1742,random,bf16,136.1800,7.4263,35643,0,ok
96,2,129,grid,bf16,131.4000,1.1246,955,0,ok
2048,768,2048,grid,bf16,146.7000,14.5047,233279,0,ok
64,64,1032,deepK,bf16,130.9200,1.4582,4013,0,ok
776,1428,1,random,bf16,140.1500,2.5930,13895,0,ok
64,192,32,grid,bf16,133.4900,1.7448,891,0,ok
8225,8192,64,thinK,bf16,221.2100,243.7302,550847,0,ok
8,8,4104,deepK,bf16,137.0600,1.2974,12869,0,ok
4,152,2,random,bf16,134.4700,0.5358,771,0,ok
256,257,256,fat,bf16,135.6000,1.4534,3827,0,ok
1024,4096,128,grid,bf16,145.7800,6.4908,44991,0,ok
16,8200,64,wide_output,bf16,138.4300,2.1109,25869,0,ok
203,312,76,random,bf16,138.4900,1.3281,1754,0,ok
164,4089,4592,random,bf16,144.6300,36.8014,628991,0,ok
64,129,127,grid,bf16,132.7200,1.1872,891,0,ok
256,256,2144,deepK,bf16,141.1600,3.1001,21691,0,ok
128,64,129,grid,bf16,132.5000,1.2009,1019,0,ok
8,384,16,grid,bf16,134.0900,1.6460,1169,0,ok
512,768,4,grid,bf16,139.2300,1.4061,5363,0,ok
256,128,192,grid,bf16,136.7600,1.3374,1275,0,ok
2048,384,128,grid,bf16,137.1400,2.2045,7289,0,ok
768,1,1024,grid,bf16,136.2300,3.1225,9199,0,ok
4,384,127,grid,bf16,133.3200,1.2305,1157,0,ok
1536,32,1536,grid,bf16,140.7900,5.7528,23015,0,ok
192,2,4,grid,bf16,130.8600,1.0281,573,0,ok
64,4096,1024,grid,bf16,138.8700,8.7336,114175,0,ok
16,2048,1536,grid,bf16,136.5100,6.6330,76415,0,ok
97,4698,3,random,bf16,132.7900,1.6549,17722,0,ok
16,4096,192,grid,bf16,134.8300,2.5082,25471,0,ok
257,1536,1536,grid,bf16,139.9700,6.5351,92015,0,ok
2,512,2048,grid,bf16,134.3800,2.9538,24575,0,ok
192,384,384,grid,bf16,138.2900,1.6473,5165,0,ok
64,1024,2,grid,bf16,132.0800,1.1680,3567,0,ok
1024,4,768,grid,bf16,133.7300,2.6671,8435,0,ok
257,96,1024,grid,bf16,136.8800,1.9053,5111,0,ok
84,2391,641,random,bf16,138.7800,4.2692,53123,0,ok
1666,4229,41,random,bf16,141.8300,7.3300,69631,0,ok
256,8200,256,fat,bf16,139.4500,6.2297,82939,0,ok
5244,5,1,random,bf16,132.4500,1.1133,5625,0,ok
512,1024,127,grid,bf16,137.9900,1.7726,7151,0,ok
1,1,2144,deepK,bf16,132.0600,2.1371,6510,0,ok
2048,128,96,grid,bf16,133.2800,1.6440,2429,0,ok
1449,106,3329,random,bf16,138.4100,10.2773,49436,0,ok
2048,127,32,grid,bf16,135.6900,2.0311,2429,0,ok
8,384,1024,grid,bf16,131.5400,1.8354,9359,0,ok
1536,512,32,grid,bf16,137.1100,1.7203,7671,0,ok
98,125,2,random,bf16,129.9600,0.5729,479,0,ok
4096,4,1024,grid,bf16,131.5000,9.2402,35823,0,ok
13,1056,1813,random,bf16,138.6300,5.0664,53324,0,ok
384,1024,256,grid,bf16,131.9200,2.2040,12255,0,ok
257,64,96,grid,bf16,135.4000,1.2137,638,0,ok
768,16,96,grid,bf16,131.1900,1.8064,1149,0,ok
129,64,32,grid,bf16,133.9000,1.7371,510,0,ok
32,1536,32,grid,bf16,132.2100,1.8029,4967,0,ok
4,64,512,grid,bf16,130.6490,1.7482,1543,0,ok
257,1024,32,grid,bf16,136.9800,1.3840,5111,0,ok
243,2,1,random,bf16,134.2300,0.4430,624,0,ok
32,128,768,grid,bf16,138.4200,1.3143,2483,0,ok
33,1437,33,random,bf16,135.8200,1.8089,4979,0,ok
96,32,256,grid,bf16,131.4700,1.1187,955,0,ok
1024,129,128,grid,bf16,134.1900,1.5297,2811,0,ok
8,16,4,grid,bf16,134.1800,1.0689,389,0,ok
32,8,1024,grid,bf16,133.2400,1.1582,3311,0,ok
8,2056,64,wide_output,bf16,131.3500,1.9559,6629,0,ok
164,23,1,random,bf16,131.6600,0.4276,545,0,ok
128,16,256,grid,bf16,131.6500,1.7609,1019,0,ok
4697,3,1,random,bf16,129.7200,1.1126,5078,0,ok
4,128,1024,grid,bf16,132.5900,1.9470,3087,0,ok
32,256,768,grid,bf16,131.5800,1.5629,4967,0,ok
96,2048,768,grid,bf16,135.5510,4.0877,45887,0,ok
1,96,384,grid,bf16,131.5600,1.2171,1148,0,ok
352,256,256,tall,bf16,131.5100,1.4739,2935,0,ok
256,256,520,deepK,bf16,131.4200,1.7174,6379,0,ok
768,192,2,grid,bf16,130.4000,1.2396,2299,0,ok
192,384,257,grid,bf16,136.6600,1.6105,5165,0,ok
24,59,1827,random,bf16,130.2000,1.4748,6089,0,ok
16,8,4096,grid,bf16,131.3200,1.3173,12735,0,ok
96,2048,129,grid,bf16,131.3200,1.7593,15295,0,ok
8,2112,8,fat,bf16,134.6400,1.6407,6629,0,ok
2,1,35,random,bf16,129.1500,0.4912,383,0,ok
128,16,1536,grid,bf16,132.6100,1.5644,6119,0,ok
32,96,16,grid,bf16,133.9400,1.1223,413,0,ok
2048,8,96,grid,bf16,131.9500,1.4676,2429,0,ok
1272,2,250,random,bf16,132.0200,1.8025,3307,0,ok
4896,4,7,random,bf16,135.7000,1.2164,5277,0,ok
1566,5281,226,random,bf16,142.3400,9.2889,163631,0,ok
96,257,512,grid,bf16,132.6100,1.5567,5735,0,ok
678,1,38,random,bf16,133.2800,1.1223,1059,0,ok
128,129,2,grid,bf16,131.6400,0.5928,1019,0,ok
192,3579,94,random,bf16,139.6600,2.1563,16071,0,ok
256,1032,64,wide_output,bf16,137.1000,1.5069,5741,0,ok
250,363,8,random,bf16,133.9200,1.2072,1895,0,ok
1,2048,192,grid,bf16,139.5400,1.9041,12255,0,ok
4096,1024,768,grid,bf16,144.7800,12.8554,214943,0,ok
129,257,256,grid,bf16,134.1500,1.4093,3065,0,ok
257,384,256,grid,bf16,138.1100,1.5314,3833,0,ok
64,16,256,grid,bf16,133.2600,1.6620,891,0,ok
1,384,96,grid,bf16,136.1100,1.1202,1148,0,ok
768,4,127,grid,bf16,130.2800,1.3204,1149,0,ok
768,4,384,grid,bf16,135.0500,2.2960,3449,0,ok
1,2048,4096,grid,bf16,143.1600,15.4583,196095,0,ok
1,8288,128,gemv_wideN,bf16,141.6300,4.6022,24894,0,ok
128,128,1057,deepK,bf16,135.7600,1.6904,4589,0,ok
2048,768,1024,grid,bf16,142.4500,8.1800,116639,0,ok
1024,512,127,grid,bf16,136.3400,1.8203,5623,0,ok
129,127,192,grid,bf16,132.8700,1.3118,1021,0,ok
768,4096,4096,grid,bf16,166.9300,45.1154,1177599,0,ok
1536,129,127,grid,bf16,135.9700,1.6463,3835,0,ok
2048,16,128,grid,bf16,133.6300,2.2664,2429,0,ok
16,768,64,grid,bf16,134.5400,1.8044,2387,0,ok
1276,2472,9,random,bf16,140.8900,3.6166,33159,0,ok
60,21,43,random,bf16,134.1200,1.6456,441,0,ok
4097,16,16,tall,bf16,138.1200,1.9102,4478,0,ok
1,129,96,grid,bf16,132.9600,1.1187,765,0,ok
64,96,256,grid,bf16,135.6700,1.2165,891,0,ok
256,545,256,fat,bf16,138.2300,1.6499,6379,0,ok
289,8,8,tall,bf16,131.8600,1.1182,670,0,ok
1,289,8,gemv_wideN,bf16,137.7700,1.0481,1148,0,ok
8,4,1,random,bf16,134.5500,0.4291,389,0,ok
6,780,157,random,bf16,132.7200,1.9702,5431,0,ok
129,1536,1536,grid,bf16,139.7700,5.7819,73583,0,ok
8,2048,32,grid,bf16,136.5600,1.8845,6239,0,ok
129,1536,128,grid,bf16,136.0800,1.6122,6131,0,ok
257,4096,96,grid,bf16,138.8700,2.5609,20447,0,ok
2048,128,257,grid,bf16,136.7300,2.3829,7289,0,ok
257,192,2,grid,bf16,133.9200,0.5744,1277,0,ok
129,2,256,grid,bf16,130.7000,1.1646,1021,0,ok
256,1057,64,wide_output,bf16,133.3290,1.5056,5741,0,ok
129,4096,192,grid,bf16,135.0600,2.8080,32703,0,ok
32,129,192,grid,bf16,128.0100,1.1637,1655,0,ok
8,4,32,grid,bf16,129.4300,1.0150,389,0,ok
545,64,64,tall,bf16,132.2200,1.2848,926,0,ok
2048,1,192,grid,bf16,135.8700,1.8791,4859,0,ok
384,128,64,grid,bf16,131.4600,1.2539,765,0,ok
512,1024,8,grid,bf16,134.9200,2.0769,7151,0,ok
96,129,127,grid,bf16,131.4700,1.2002,955,0,ok
64,768,96,grid,bf16,133.5800,1.2967,2675,0,ok
128,4097,64,wide_output,bf16,138.3000,2.4398,16829,0,ok
1,320,1,fat,bf16,133.3600,0.8531,1148,0,ok
1,512,1,fat,bf16,131.3200,1.4482,1531,0,ok
128,192,8,grid,bf16,127.9300,1.1917,1019,0,ok
1536,96,2,grid,bf16,135.9400,1.2106,1917,0,ok
194,455,45,random,bf16,139.3900,1.3166,2303,0,ok
1024,8,2,grid,bf16,133.9300,1.1183,1405,0,ok
47,15,751,random,bf16,134.7500,1.1909,2573,0,ok
169,98,17,random,bf16,135.6100,1.7856,550,0,ok
10,22,614,random,bf16,134.6700,1.1646,1959,0,ok
747,1,56,random,bf16,137.4800,1.1805,1128,0,ok
1754,7,4487,random,bf16,135.7000,15.2652,76895,0,ok
4096,1,64,grid,bf16,137.1300,1.6408,4477,0,ok
207,41,12,random,bf16,133.0300,1.7075,588,0,ok
192,1536,192,grid,bf16,132.4700,1.8453,13775,0,ok
768,32,384,grid,bf16,131.9900,1.7539,3449,0,ok
129,127,257,grid,bf16,130.2900,1.3190,1532,0,ok
64,2048,1,grid,bf16,128.6300,1.1082,7135,0,ok
1,2112,8,gemv_wideN,bf16,133.2100,1.1135,6510,0,ok
562,977,283,random,bf16,137.8400,2.7226,22655,0,ok
4096,128,96,grid,bf16,134.9100,2.0967,4477,0,ok
927,8,4597,random,bf16,137.2600,9.4415,47123,0,ok
1,127,192,grid,bf16,131.3600,1.1600,765,0,ok
32,16,192,grid,bf16,127.7900,1.6260,827,0,ok
2485,9,19,random,bf16,134.5900,1.8434,2866,0,ok
1393,58,3,random,bf16,130.8600,1.2195,1774,0,ok
11,28,14,random,bf16,126.6600,1.0381,392,0,ok
5,4810,6,random,bf16,126.9600,1.7647,14705,0,ok
129,127,2,grid,bf16,127.8800,0.5816,510,0,ok
768,1536,128,grid,bf16,134.2500,2.4278,13799,0,ok
192,64,4096,grid,bf16,135.7100,3.0101,18367,0,ok
1536,257,2,grid,bf16,133.3590,1.3780,5753,0,ok
1077,169,528,random,bf16,134.4400,2.6548,14589,0,ok
2048,127,1536,grid,bf16,136.9100,7.5777,29159,0,ok
129,512,4096,grid,bf16,136.9300,5.7195,65407,0,ok
469,272,1219,random,bf16,133.6500,2.9191,25529,0,ok
2,257,127,grid,bf16,131.3400,1.1478,1151,0,ok
384,1024,4,grid,bf16,135.1900,2.0045,6127,0,ok
2112,256,256,tall,bf16,134.5600,2.3617,9975,0,ok
1,64,128,grid,bf16,130.6500,1.1293,382,0,ok
150,6,1,random,bf16,132.2400,0.4432,531,0,ok
2,256,8,grid,bf16,134.9000,1.0593,767,0,ok
1024,257,129,grid,bf16,137.5900,1.6479,8435,0,ok
256,4129,64,wide_output,bf16,131.4200,2.3795,21053,0,ok
257,192,4,grid,bf16,131.9000,1.1738,1277,0,ok
17,3,1110,random,bf16,137.8100,1.7679,3590,0,ok
4097,8,8,tall,bf16,134.4000,1.2516,4478,0,ok
256,257,4,grid,bf16,132.1200,1.2015,1913,0,ok
4096,2048,4,grid,bf16,144.9600,10.1260,71647,0,ok
64,96,384,grid,bf16,132.9700,1.3242,1337,0,ok
1,16,16,grid,bf16,130.8300,1.0276,382,0,ok
8,4097,64,wide_output,bf16,133.8800,2.2688,12869,0,ok
4,8,127,grid,bf16,132.2000,0.9951,385,0,ok
512,8,8,grid,bf16,131.6600,1.1250,893,0,ok
264,1,1,tall,bf16,131.9400,0.9037,645,0,ok
2049,2048,64,thinK,bf16,143.1700,4.9604,38895,0,ok
289,3351,3,random,bf16,136.2600,2.1545,18116,0,ok
635,1282,1057,random,bf16,143.6600,7.3900,100682,0,ok
768,1024,128,grid,bf16,137.5400,2.0154,9199,0,ok
2048,16,768,grid,bf16,134.0900,4.2658,14579,0,ok
16,16,264,deepK,bf16,133.9600,1.1124,1193,0,ok
4096,1,768,grid,bf16,143.4900,7.3828,26867,0,ok
8,257,96,grid,bf16,131.2100,1.7666,1169,0,ok
256,256,512,deepK,bf16,137.2500,1.6513,5103,0,ok
512,64,2048,grid,bf16,139.2300,3.3423,14303,0,ok
64,512,32,grid,bf16,134.3800,1.7581,1783,0,ok
129,32,96,grid,bf16,135.7600,1.7117,510,0,ok
768,2,129,grid,bf16,131.2500,1.3173,2299,0,ok
8,1,192,grid,bf16,132.5100,1.0479,779,0,ok
8,2048,192,grid,bf16,135.9700,2.3952,12479,0,ok
128,4096,128,grid,bf16,132.9700,2.5459,16319,0,ok
16,768,8,grid,bf16,132.7300,1.7198,2387,0,ok
8,1,1,random,bf16,133.8500,0.9858,389,0,ok
128,257,8,grid,bf16,133.5600,1.2072,1529,0,ok
768,127,127,grid,bf16,131.4500,1.4300,1149,0,ok
48,66,1516,random,bf16,132.6400,1.4952,5159,0,ok
127,128,2,grid,bf16,132.5400,0.5923,508,0,ok
4096,257,1536,grid,bf16,141.9800,12.3790,161207,0,ok
192,1024,128,grid,bf16,133.9900,1.5127,4591,0,ok
4096,64,32,grid,bf16,132.2100,2.1465,4477,0,ok
384,8,4,grid,bf16,131.2400,1.1248,765,0,ok
11,343,2,random,bf16,134.2900,0.5355,1178,0,ok
256,32,192,grid,bf16,135.6900,1.2134,1275,0,ok
1024,256,4096,grid,bf16,142.8800,10.9647,89983,0,ok
488,5,2,random,bf16,133.7300,1.1180,869,0,ok
4336,2,3836,random,bf16,139.3800,31.4340,141539,0,ok
2056,128,128,tall,bf16,132.2800,1.9844,2437,0,ok
16,21,119,random,bf16,131.6890,1.0670,397,0,ok
1024,32,129,grid,bf16,133.0800,1.4042,2811,0,ok
1536,129,96,grid,bf16,132.7900,1.5096,3835,0,ok
128,320,64,wide_output,bf16,128.9600,1.2372,1529,0,ok
745,439,5,random,bf16,134.8600,2.0000,4507,0,ok
128,1025,64,wide_output,bf16,132.2200,1.5124,4589,0,ok
5,6,1,random,bf16,126.2600,0.4051,386,0,ok
1536,2,16,grid,bf16,132.4800,1.1008,1917,0,ok
128,2048,1,grid,bf16,131.5300,1.1669,8159,0,ok
64,257,1,grid,bf16,128.3300,0.4469,1337,0,ok
127,96,1,grid,bf16,128.9100,0.4355,508,0,ok
2048,1,4096,grid,bf16,142.2100,16.0076,77759,0,ok
2049,1,1,tall,bf16,134.0500,0.9764,2430,0,ok
5687,3,4477,random,bf16,146.4800,48.8824,212414,0,ok
603,137,897,random,bf16,134.6300,2.5054,15759,0,ok
16,1,8,grid,bf16,131.0500,1.0149,397,0,ok
343,1,1,random,bf16,130.4900,0.9430,724,0,ok
512,257,1536,grid,bf16,133.5900,3.3308,32183,0,ok
8256,128,128,tall,bf16,137.7500,3.7114,8637,0,ok
1,1025,64,wide_output,bf16,131.8900,1.2218,3446,0,ok
512,257,32,grid,bf16,129.7800,1.3031,2681,0,ok
1,383,64,wide_output,bf16,131.2600,1.1034,1148,0,ok
257,384,16,grid,bf16,131.9100,1.2685,1916,0,ok
512,2048,1536,grid,bf16,138.5800,10.8453,171647,0,ok
2048,2048,128,grid,bf16,136.9300,5.1171,38879,0,ok
96,96,257,grid,bf16,126.9100,1.2930,1433,0,ok
16,129,129,grid,bf16,128.6900,1.7483,1591,0,ok
16,4,192,grid,bf16,127.6400,1.0302,795,0,ok
256,4104,64,wide_output,bf16,131.9200,2.3457,21053,0,ok
2048,768,256,grid,bf16,134.3600,3.4565,29159,0,ok
954,3,284,random,bf16,129.3900,2.2868,4007,0,ok
384,16,32,grid,bf16,125.7500,1.6387,765,0,ok
128,16,32,grid,bf16,128.6400,1.6301,509,0,ok
1,1,512,grid,bf16,127.8800,1.9648,1531,0,ok
2048,2,1536,grid,bf16,133.7100,7.1849,29159,0,ok
384,4096,128,grid,bf16,133.7800,3.4123,24511,0,ok
115,153,449,random,bf16,130.7800,1.4422,3975,0,ok
256,16,16,grid,bf16,125.3700,1.6291,637,0,ok
6827,1957,7901,random,bf16,430.2700,321.0950,7151327,0,ok
32,127,1024,grid,bf16,134.4300,1.4487,3311,0,ok
1,8,4096,grid,bf16,130.5200,1.9059,12255,0,ok
16,16,1025,deepK,bf16,128.0800,1.1922,3581,0,ok
2048,129,768,grid,bf16,132.2700,4.3716,29159,0,ok
572,172,156,random,bf16,131.2400,1.5104,3815,0,ok
4,4096,16,grid,bf16,129.4600,1.2852,12351,0,ok
64,64,192,grid,bf16,131.4000,1.1617,891,0,ok
257,1,2048,grid,bf16,134.1900,2.7404,10223,0,ok
1536,512,2048,grid,bf16,137.1700,10.7594,122751,0,ok
4096,256,32,grid,bf16,133.6500,2.1770,8955,0,ok
96,4,1536,grid,bf16,125.3000,1.4209,5735,0,ok
29,417,64,random,bf16,124.4800,1.8122,1643,0,ok
96,384,256,grid,bf16,131.2500,1.3878,2867,0,ok
128,384,2,grid,bf16,129.1500,0.6175,1529,0,ok
64,1536,512,grid,bf16,131.6100,2.5856,21407,0,ok
1,8225,16,gemv_wideN,bf16,133.6200,1.4440,24894,0,ok
16,4096,1536,grid,bf16,135.6700,12.2174,152831,0,ok
1,512,8,grid,bf16,131.8600,1.0247,1531,0,ok
1536,128,1024,grid,bf16,134.7400,4.3969,15343,0,ok
352,1,1,tall,bf16,126.3400,0.8865,733,0,ok
3332,146,1,random,bf16,130.8600,3.7598,7427,0,ok
768,128,4,grid,bf16,128.3300,1.1899,1149,0,ok
1536,4096,768,grid,bf16,140.0300,20.2899,368255,0,ok
192,16,768,grid,bf16,129.5900,1.4452,3443,0,ok
127,1536,1,grid,bf16,126.9000,1.1018,6107,0,ok
16,545,64,wide_output,bf16,125.3000,1.7733,1989,0,ok
16,1,1536,grid,bf16,130.6100,1.7522,4775,0,ok
16,4104,64,wide_output,bf16,127.3000,2.2218,13133,0,ok
1,64,257,grid,bf16,129.0000,1.1632,1148,0,ok
1536,4,32,grid,bf16,127.7400,1.2257,1917,0,ok
300,2,691,random,bf16,131.4300,2.1550,4091,0,ok
8,96,257,grid,bf16,125.3900,1.7496,1169,0,ok
257,1,128,grid,bf16,130.8300,1.2017,638,0,ok
96,64,1,grid,bf16,130.4700,0.4305,477,0,ok
9,3479,2000,random,bf16,135.0100,14.9988,175167,0,ok
129,2048,512,grid,bf16,132.2300,3.2050,32703,0,ok
2,384,32,grid,bf16,134.7400,1.1128,1151,0,ok
192,4,2,grid,bf16,135.0800,0.5256,573,0,ok
96,1536,4096,grid,bf16,134.5100,11.7834,183551,0,ok
1088,128,128,tall,bf16,129.3800,1.4974,1469,0,ok
1,2049,1,fat,bf16,130.2600,1.4426,6510,0,ok
256,4096,127,grid,bf16,134.1900,2.7309,20415,0,ok
4,128,96,grid,bf16,131.4100,1.1137,385,0,ok
539,4496,13,random,bf16,136.5300,3.0757,33155,0,ok
256,96,256,grid,bf16,131.9900,1.2925,1275,0,ok
96,96,96,grid,bf16,132.4500,1.1929,477,0,ok
129,4096,384,grid,bf16,132.7800,4.2831,49055,0,ok
1024,1536,2,grid,bf16,132.6700,2.3254,16871,0,ok
16,1024,128,grid,bf16,127.5500,1.9127,3183,0,ok
8,2081,64,wide_output,bf16,132.3200,1.8996,6629,0,ok
1536,64,127,grid,bf16,127.0100,1.6908,1917,0,ok
64,289,64,fat,bf16,128.5900,1.1668,1337,0,ok
8,8,8319,deepK,bf16,128.2700,1.3491,25349,0,ok
16,384,129,grid,bf16,127.0600,1.7813,2387,0,ok
443,28,2,random,bf16,130.0400,1.1056,824,0,ok
2,605,462,random,bf16,127.7600,2.2822,7679,0,ok
2,96,96,grid,bf16,125.6300,1.1031,383,0,ok
127,192,4096,grid,bf16,133.9400,3.4088,32575,0,ok
257,2048,8,grid,bf16,132.2000,1.5434,10223,0,ok
8,256,256,grid,bf16,131.7000,1.7873,1559,0,ok
4,192,192,grid,bf16,131.3500,1.7484,1543,0,ok
1024,256,512,grid,bf16,132.6600,2.4230,11247,0,ok
117,1228,138,random,bf16,132.3600,1.7015,9979,0,ok
16,581,5227,random,bf16,134.0600,7.1504,81589,0,ok
1032,256,256,tall,bf16,132.1900,1.8492,5655,0,ok
129,4,2,grid,bf16,128.8900,0.5113,510,0,ok
64,128,4,grid,bf16,127.4800,1.0995,445,0,ok
16,1024,8,grid,bf16,130.6900,1.6942,3183,0,ok
512,1024,32,grid,bf16,133.3600,1.5400,7151,0,ok
192,1536,1024,grid,bf16,134.5900,4.3818,55103,0,ok
256,16,384,grid,bf16,128.8300,1.3124,1913,0,ok
768,128,8,grid,bf16,129.5400,1.2261,1149,0,ok
4,16,129,grid,bf16,130.4800,1.1016,771,0,ok
129,129,8,grid,bf16,128.7400,1.1634,1021,0,ok
1536,1,32,grid,bf16,131.5000,1.1982,1917,0,ok
52,53,2,random,bf16,127.5500,0.5548,433,0,ok
1,1,4096,grid,bf16,126.9400,2.1450,12255,0,ok
1024,256,96,grid,bf16,132.5700,1.5273,2811,0,ok
64,256,1536,grid,bf16,134.2200,1.9788,10703,0,ok
16,16,383,deepK,bf16,131.1000,1.0766,1193,0,ok
7892,1518,473,random,bf16,145.9300,23.6408,397151,0,ok
128,2048,512,grid,bf16,132.3200,3.6598,32639,0,ok
32,512,4096,grid,bf16,134.6700,4.9329,52991,0,ok
512,128,384,grid,bf16,131.9100,1.6693,2681,0,ok
256,2048,16,grid,bf16,133.4600,2.2948,10207,0,ok
64,384,1024,grid,bf16,132.3000,1.9525,10703,0,ok
16,384,512,grid,bf16,125.6700,1.5265,4775,0,ok
4,6,30,random,bf16,131.7600,0.9790,385,0,ok
384,2,2,grid,bf16,127.5500,0.5116,765,0,ok
2078,10,232,random,bf16,129.7300,2.6183,4919,0,ok
257,192,32,grid,bf16,132.0800,1.2298,1277,0,ok
3,17,1,random,bf16,126.8900,0.4031,384,0,ok
768,1,384,grid,bf16,134.4400,1.6908,3449,0,ok
2048,256,512,grid,bf16,132.8600,3.4867,19439,0,ok
131,6,14,random,bf16,134.4600,1.0585,512,0,ok
512,16,127,grid,bf16,135.5000,1.8123,893,0,ok
1536,32,4096,grid,bf16,137.6300,11.8657,61375,0,ok
384,256,384,grid,bf16,136.8300,1.9005,4595,0,ok
1024,4,64,grid,bf16,134.4700,1.2475,1405,0,ok
256,8193,64,wide_output,bf16,140.7500,3.4843,41469,0,ok
8,4160,64,wide_output,bf16,135.3500,2.2062,12869,0,ok
32,768,8,grid,bf16,134.8100,1.7213,2483,0,ok
4096,1536,768,grid,bf16,146.2800,16.5604,322415,0,ok
1024,768,16,grid,bf16,133.0000,1.6649,8435,0,ok
566,1643,1184,random,bf16,143.0400,8.2821,123239,0,ok
16,64,768,grid,bf16,134.7500,1.2785,2387,0,ok
257,2,192,grid,bf16,133.4500,1.2787,1277,0,ok
4160,4096,64,thinK,bf16,154.8500,15.1251,145343,0,ok
129,1,1024,grid,bf16,139.1200,2.0577,4087,0,ok
256,8256,256,fat,bf16,141.3200,6.2341,82939,0,ok
4096,127,129,grid,bf16,140.2800,2.3856,8955,0,ok
1024,384,2,grid,bf16,138.6700,1.3870,4217,0,ok
16,127,127,grid,bf16,133.2500,1.6640,397,0,ok
2,96,192,grid,bf16,133.5500,1.1219,767,0,ok
91,45,146,random,bf16,131.8100,1.2292,945,0,ok
1,2540,1416,random,bf16,145.2800,8.7654,91919,0,ok
192,2048,1536,grid,bf16,138.6100,7.5505,110207,0,ok
1,320,128,gemv_wideN,bf16,137.0400,1.2089,1148,0,ok
107,437,8,random,bf16,130.0500,1.3045,1955,0,ok
5,2003,2,random,bf16,126.8690,1.1002,6191,0,ok
384,1536,128,grid,bf16,132.3900,2.0658,9191,0,ok
128,129,16,grid,bf16,125.4900,1.7277,1019,0,ok
768,512,129,grid,bf16,132.8600,1.8349,9199,0,ok
1536,4096,128,grid,bf16,136.3000,7.3729,61375,0,ok
7,1800,9,random,bf16,125.7400,1.7106,5834,0,ok
127,257,2,grid,bf16,126.0600,0.5769,1526,0,ok
768,8,192,grid,bf16,125.5300,2.0059,2299,0,ok
1,4096,384,grid,bf16,134.4600,4.8308,36767,0,ok
32,127,2048,grid,bf16,130.8600,1.6943,6623,0,ok
768,512,1536,grid,bf16,133.0100,5.2763,55199,0,ok
256,257,1,grid,bf16,128.9200,0.5247,1913,0,ok
603,19,1,random,bf16,128.9500,0.9887,984,0,ok
4096,384,2,grid,bf16,130.3700,2.3361,13433,0,ok
129,512,32,grid,bf16,132.0000,1.2311,2043,0,ok
4096,8,2048,grid,bf16,138.0300,15.9451,71647,0,ok
256,129,768,grid,bf16,129.8900,1.7203,7655,0,ok
1,3,32,random,bf16,124.6100,0.4668,382,0,ok
11,1357,320,random,bf16,130.5500,1.9284,12968,0,ok
128,2048,129,grid,bf16,131.8900,2.1133,16319,0,ok
1024,2048,16,grid,bf16,137.2500,2.8647,22495,0,ok
4468,3593,1,random,bf16,146.3200,22.5623,140649,0,ok
128,768,192,grid,bf16,133.0900,1.6333,6119,0,ok
16,384,4,grid,bf16,128.6300,1.1035,1193,0,ok
33,42,352,random,bf16,130.4800,1.2112,1244,0,ok
64,8256,64,fat,bf16,135.1200,2.4229,28989,0,ok
8,4096,8,grid,bf16,131.9300,1.7184,12479,0,ok
2048,2,64,grid,bf16,134.4400,1.4039,2429,0,ok
4096,127,2,grid,bf16,135.8600,1.5135,4477,0,ok
16,192,384,grid,bf16,132.9300,1.2621,2387,0,ok
899,1760,1,random,bf16,135.4400,2.9800,17933,0,ok
793,4,45,random,bf16,135.7300,1.1869,1174,0,ok
512,96,4,grid,bf16,135.7400,1.1682,893,0,ok
2048,768,64,grid,bf16,142.0700,2.7614,14579,0,ok
1,1,269,random,bf16,132.2600,1.9874,1148,0,ok
2,3,88,random,bf16,133.7100,0.4579,383,0,ok
4096,64,256,grid,bf16,142.1500,3.2183,8955,0,ok
433,31,1,random,bf16,136.2600,1.0041,814,0,ok
304,14,49,random,bf16,135.8200,1.6534,685,0,ok
4096,1,2,grid,bf16,138.6100,1.1306,4477,0,ok
1024,768,1536,grid,bf16,144.6500,7.9189,101231,0,ok
129,768,512,grid,bf16,139.4800,1.9508,12263,0,ok
129,129,64,grid,bf16,138.2900,1.2538,1021,0,ok
8256,64,64,tall,bf16,141.9500,2.4105,8637,0,ok
7,3615,67,random,bf16,137.4300,2.3014,11280,0,ok
256,289,256,fat,bf16,137.2400,1.5181,3827,0,ok
256,64,257,grid,bf16,137.1000,1.3449,1913,0,ok
256,96,384,grid,bf16,136.3300,1.4793,1913,0,ok
129,256,512,grid,bf16,137.5500,1.5324,4087,0,ok
192,128,257,grid,bf16,136.5400,1.4686,1721,0,ok
1,264,128,gemv_wideN,bf16,139.3600,1.2431,1148,0,ok
16,8,768,grid,bf16,135.6700,1.1308,2387,0,ok
2877,86,17,random,bf16,138.6300,2.0858,3258,0,ok
128,4192,64,wide_output,bf16,139.4000,2.1750,16829,0,ok
64,256,1,grid,bf16,134.7700,0.4666,891,0,ok
10,627,240,random,bf16,136.4400,2.0675,3919,0,ok
1024,384,512,grid,bf16,141.6600,2.7189,16871,0,ok
512,129,2,grid,bf16,136.0700,1.1615,1787,0,ok
1024,192,768,grid,bf16,142.7800,2.9444,16871,0,ok
256,1024,96,grid,bf16,137.7800,1.5664,5103,0,ok
96,64,192,grid,bf16,135.6500,1.2109,955,0,ok
768,1536,257,grid,bf16,140.3500,3.5911,41399,0,ok
1024,32,2,grid,bf16,135.3700,1.1529,1405,0,ok
128,768,384,grid,bf16,139.3200,1.9227,9179,0,ok
1,1536,192,grid,bf16,138.6200,1.7284,9191,0,ok
1,8225,1,fat,bf16,138.9100,1.6494,24894,0,ok
512,512,128,grid,bf16,140.0100,1.6590,3575,0,ok
768,129,384,grid,bf16,136.9800,1.9075,6899,0,ok
32,512,64,grid,bf16,135.5000,1.7762,1655,0,ok
185,7237,2,random,bf16,141.3400,2.4676,32318,0,ok
129,2,129,grid,bf16,134.3000,1.1853,1021,0,ok
44,919,17,random,bf16,137.7600,1.8072,3407,0,ok
8,1057,64,wide_output,bf16,132.4500,1.9150,3509,0,ok
15,6,9,random,bf16,133.0700,1.0535,396,0,ok
16,32,127,grid,bf16,138.4600,1.6491,397,0,ok
129,127,32,grid,bf16,132.4500,1.7839,510,0,ok
16,16,768,grid,bf16,134.7700,1.1337,2387,0,ok
512,2048,768,grid,bf16,139.7500,6.0087,85823,0,ok
128,192,257,grid,bf16,133.4800,1.4735,3059,0,ok
96,1,129,grid,bf16,138.7400,1.1285,955,0,ok
384,4096,2,grid,bf16,140.5700,2.7514,24511,0,ok
129,127,128,grid,bf16,134.7510,1.2129,510,0,ok
256,8,96,grid,bf16,135.8800,1.1282,637,0,ok
96,512,384,grid,bf16,136.6000,1.6150,5735,0,ok
127,64,1024,grid,bf16,133.0100,1.5601,4071,0,ok
1536,127,8,grid,bf16,139.0700,1.3285,1917,0,ok
4,129,128,grid,bf16,135.4500,1.1265,771,0,ok
1,4223,1,fat,bf16,139.0600,1.4996,12638,0,ok
138,3602,9,random,bf16,142.2800,1.7565,15079,0,ok
1,8192,128,gemv_wideN,bf16,139.8800,3.1886,24511,0,ok
221,37,156,random,bf16,134.9000,1.2453,1205,0,ok
15,6,14,random,bf16,133.5200,1.0463,396,0,ok
8,96,16,grid,bf16,134.1300,1.0522,389,0,ok
512,4096,8,grid,bf16,141.4300,2.7484,28607,0,ok
129,1024,192,grid,bf16,135.8700,1.6370,8175,0,ok
139,39,1,random,bf16,133.0300,0.4946,520,0,ok
8,8,8200,deepK,bf16,134.2000,1.4683,25349,0,ok
768,1024,127,grid,bf16,141.3500,2.1480,9199,0,ok
1024,384,32,grid,bf16,141.9800,1.4656,4217,0,ok
1,64,32,grid,bf16,138.6800,1.0602,382,0,ok
1024,1,4,grid,bf16,139.7200,1.0550,1405,0,ok
1,2175,1,fat,bf16,137.0600,1.4684,6510,0,ok
128,64,127,grid,bf16,134.1800,1.1897,509,0,ok
2048,64,1,grid,bf16,136.5400,1.4710,2429,0,ok
96,128,4,grid,bf16,134.4300,1.1280,477,0,ok
256,8,32,grid,bf16,132.9100,1.0579,637,0,ok
1024,4096,192,grid,bf16,144.3900,5.5378,89983,0,ok
3,4,1504,random,bf16,136.8900,1.1282,4619,0,ok
1536,257,64,grid,bf16,140.4400,1.7484,5753,0,ok
96,8,4,grid,bf16,132.9700,1.0594,477,0,ok
1536,192,16,grid,bf16,137.9300,1.9076,3835,0,ok
4,768,384,grid,bf16,135.4100,2.2987,6947,0,ok
1024,384,64,grid,bf16,140.1000,1.6530,4217,0,ok
64,16,4096,grid,bf16,137.6700,1.7470,14271,0,ok
2048,1536,2,grid,bf16,143.7500,3.6348,29159,0,ok
219,268,62,random,bf16,135.9500,1.3019,1802,0,ok
26,1494,6,random,bf16,134.2200,1.7747,4895,0,ok
129,127,2048,grid,bf16,138.6000,2.1128,8175,0,ok
16,768,257,grid,bf16,134.3700,1.5555,7163,0,ok
16,2049,64,wide_output,bf16,134.2100,2.0250,6765,0,ok
768,8,384,grid,bf16,134.4600,2.3078,3449,0,ok
4,257,2,grid,bf16,133.7600,0.5326,1157,0,ok
217,1191,43,random,bf16,154.7400,1.5292,5989,0,ok
9,8,2737,random,bf16,134.7800,1.2861,8601,0,ok
128,256,257,grid,bf16,135.1200,1.4896,3059,0,ok
1,2112,64,wide_output,bf16,141.4100,1.4260,6510,0,ok
4096,2,768,grid,bf16,141.8700,7.2037,26867,0,ok
512,256,2048,grid,bf16,144.2900,4.0005,28607,0,ok
1536,1024,1024,grid,bf16,142.0800,8.7643,122751,0,ok
1024,257,32,grid,bf16,139.2300,1.4036,4217,0,ok
2,1536,256,grid,bf16,135.5500,1.8039,9215,0,ok
28,44,3757,random,bf16,136.6600,1.7001,12299,0,ok
1277,1,2210,random,bf16,142.6100,6.8965,29861,0,ok
1175,4,1,random,bf16,132.3000,1.1198,1556,0,ok
128,257,128,fat,bf16,136.9900,1.3192,1529,0,ok
512,2,192,grid,bf16,135.3500,1.3210,1787,0,ok
4192,8,8,tall,bf16,136.3600,1.2464,4573,0,ok
129,192,2048,grid,bf16,138.2000,2.3122,16351,0,ok
127,129,768,grid,bf16,139.4900,1.5664,6107,0,ok
64,64,4223,deepK,bf16,136.6300,2.0544,14717,0,ok
24,24,97,random,bf16,136.0200,1.6519,405,0,ok
4096,257,1,grid,bf16,140.5800,2.9773,13433,0,ok
127,129,192,grid,bf16,138.0200,1.2614,2035,0,ok
1293,1,21,random,bf16,136.8900,1.1358,1674,0,ok
64,128,4096,grid,bf16,138.0100,2.4436,14271,0,ok
1,256,768,grid,bf16,137.3900,2.1635,4595,0,ok
16,128,2048,grid,bf16,134.8100,1.6561,6367,0,ok
64,383,64,fat,bf16,136.8000,1.1872,1337,0,ok
9,78,233,random,bf16,133.7100,1.6761,781,0,ok
1,16,512,grid,bf16,139.5500,1.1284,1531,0,ok
16,129,768,grid,bf16,133.5600,1.3908,4775,0,ok
2,4,32,grid,bf16,135.6500,0.4468,383,0,ok
1671,2,4,random,bf16,134.3300,1.1220,2052,0,ok
4096,1,512,grid,bf16,142.0600,5.4774,17911,0,ok
4096,128,16,grid,bf16,138.9600,2.3050,4477,0,ok
127,192,1536,grid,bf16,141.6300,2.0572,12215,0,ok
4,384,1536,grid,bf16,136.3400,2.1746,13895,0,ok
768,32,127,grid,bf16,134.1000,1.9429,1149,0,ok
128,1,384,grid,bf16,138.0200,1.2085,1529,0,ok
512,2,4,grid,bf16,133.7100,1.0363,893,0,ok
129,2,96,grid,bf16,135.5700,1.1382,510,0,ok
64,192,257,grid,bf16,132.5500,1.3336,2675,0,ok
1024,512,96,grid,bf16,139.6200,1.7566,5623,0,ok
16,127,257,grid,bf16,133.9200,1.1573,1193,0,ok
1024,2048,1536,grid,bf16,145.8300,14.5281,269951,0,ok
7,109,3371,random,bf16,134.4400,1.9203,10502,0,ok
1057,16,16,tall,bf16,134.7900,1.8065,1438,0,ok
9,2626,8059,random,bf16,146.1400,39.6801,517292,0,ok
440,1,3,random,bf16,138.5300,1.0277,821,0,ok
639,128,128,tall,bf16,134.9300,1.4033,1020,0,ok
32,4096,96,grid,bf16,139.1700,2.4166,13247,0,ok
192,16,32,grid,bf16,135.0900,1.6485,573,0,ok
8,96,1024,grid,bf16,134.7000,1.3186,3119,0,ok
1536,4,257,grid,bf16,134.5700,2.4090,5753,0,ok
1,8193,256,gemv_wideN,bf16,143.6600,6.2440,49789,0,ok
32,129,127,grid,bf16,138.2800,1.7524,827,0,ok
257,32,129,grid,bf16,160.2700,1.3224,1277,0,ok
292,107,4098,random,bf16,138.6600,4.2634,22241,0,ok
16,8,129,grid,bf16,136.2800,1.6505,795,0,ok
1580,76,3,random,bf16,138.0900,1.3119,1961,0,ok
384,32,512,grid,bf16,135.2500,1.5768,3063,0,ok
1,1,8200,deepK,bf16,132.4300,2.3013,24894,0,ok
128,4096,1024,grid,bf16,136.3900,10.5517,130559,0,ok
8,8,2112,deepK,bf16,136.6400,1.1825,6629,0,ok
16,192,1536,grid,bf16,134.9500,1.7354,9551,0,ok
3,199,16,random,bf16,136.4400,1.0505,769,0,ok
32,2,4,grid,bf16,137.4400,0.4583,413,0,ok
128,4096,64,grid,bf16,139.9400,2.0987,16319,0,ok
4,128,256,grid,bf16,132.0700,1.6495,771,0,ok
129,384,32,grid,bf16,132.6600,1.2465,1532,0,ok
4096,192,1536,grid,bf16,142.4000,12.2360,107471,0,ok
1717,20,5468,random,bf16,145.2800,17.4883,90256,0,ok
2048,32,128,grid,bf16,136.5000,2.2594,2429,0,ok
127,256,16,grid,bf16,137.8500,1.7431,1017,0,ok
3,154,1,random,bf16,132.4600,0.4360,769,0,ok
4,64,384,grid,bf16,133.7000,1.6638,1157,0,ok
64,1024,32,grid,bf16,137.1200,1.8424,3567,0,ok
7,5,6149,random,bf16,133.4000,1.3159,19060,0,ok
1,8,768,grid,bf16,136.4300,1.6514,2297,0,ok
10,7,340,random,bf16,134.7500,1.6536,1175,0,ok
257,1536,64,grid,bf16,140.4300,1.6218,7667,0,ok
4096,192,129,grid,bf16,137.1900,2.6371,17911,0,ok
4,192,1536,grid,bf16,135.9300,1.7192,9263,0,ok
257,192,768,grid,bf16,136.2100,1.7798,7667,0,ok
8,257,192,grid,bf16,133.3300,1.8807,2339,0,ok
2048,2,8,grid,bf16,133.8700,1.1208,2429,0,ok
1024,4,1,grid,bf16,133.3800,1.0507,1405,0,ok
128,128,2049,deepK,bf16,139.2900,2.0927,8669,0,ok
2,2,8,grid,bf16,129.4600,0.4419,383,0,ok
1,545,256,gemv_wideN,bf16,136.3200,1.4390,3829,0,ok
1536,16,512,grid,bf16,131.3800,2.6150,7671,0,ok
256,320,64,wide_output,bf16,131.4300,1.2967,1913,0,ok
256,2112,64,wide_output,bf16,134.8400,1.7265,10845,0,ok
257,4096,192,grid,bf16,137.6500,3.2352,40895,0,ok
192,384,129,grid,bf16,131.8800,1.3839,3443,0,ok
127,257,512,grid,bf16,131.6600,1.5305,6107,0,ok
37,1546,815,random,bf16,132.3400,3.5694,38128,0,ok
16,608,16,fat,bf16,127.9100,1.6423,1989,0,ok
384,384,192,grid,bf16,131.9600,1.6011,4595,0,ok
4015,6,5,random,bf16,125.9800,1.2415,4396,0,ok
1024,4096,2,grid,bf16,138.3000,4.5144,44991,0,ok
8256,8,8,tall,bf16,127.1000,1.3490,8637,0,ok
1,2081,64,wide_output,bf16,133.9500,1.3896,6510,0,ok
1,512,2,grid,bf16,128.9100,0.4322,1531,0,ok
2,256,257,grid,bf16,128.1200,1.2938,2303,0,ok
256,264,256,fat,bf16,131.3600,1.4632,3827,0,ok
256,1536,2,grid,bf16,136.2600,1.3497,7655,0,ok
512,16,1,grid,bf16,128.1900,0.9806,893,0,ok
1536,192,8,grid,bf16,132.2100,1.8996,3835,0,ok
127,96,256,grid,bf16,130.6200,1.2247,1017,0,ok
128,384,64,grid,bf16,128.9200,1.2698,1529,0,ok
2,16,257,grid,bf16,129.9300,1.0648,1151,0,ok
64,192,4096,grid,bf16,135.7100,3.0254,28543,0,ok
128,1536,129,grid,bf16,129.7900,1.8990,12239,0,ok
192,8,1024,grid,bf16,128.3000,1.5350,4591,0,ok
128,4096,2,grid,bf16,135.3500,1.7353,16319,0,ok
127,127,4096,grid,bf16,133.9600,2.9610,16287,0,ok
3418,59,446,random,bf16,137.1400,3.8470,15199,0,ok
2048,1024,768,grid,bf16,136.8800,7.9493,116639,0,ok
2048,129,256,grid,bf16,131.9300,2.2885,9719,0,ok
129,1536,1024,grid,bf16,134.4300,4.2589,49055,0,ok
4,4,32,grid,bf16,130.5000,0.9800,385,0,ok
1,2,96,grid,bf16,130.3600,0.4629,382,0,ok
4,96,64,grid,bf16,131.8000,1.0611,385,0,ok
192,2048,512,grid,bf16,134.5000,3.3673,36735,0,ok
1057,8,8,tall,bf16,129.9300,1.1024,1438,0,ok
16,8319,16,fat,bf16,132.0300,2.0040,25869,0,ok
2,64,32,grid,bf16,130.2600,1.0376,383,0,ok
28,5171,2,random,bf16,129.3200,1.3065,16809,0,ok
127,257,257,grid,bf16,130.7400,1.5192,4580,0,ok
96,1536,127,grid,bf16,130.9600,1.5805,5735,0,ok
42,2,3597,random,bf16,132.3600,1.5351,12295,0,ok
2048,129,16,grid,bf16,133.1400,1.9658,4859,0,ok
256,1536,256,grid,bf16,134.8000,2.1638,15311,0,ok
1,4160,128,gemv_wideN,bf16,135.9600,2.5342,12638,0,ok
64,96,768,grid,bf16,131.8300,1.3728,2675,0,ok
1024,256,192,grid,bf16,139.0500,1.7527,5623,0,ok
2,70,4,random,bf16,133.9500,0.4633,383,0,ok
8,4096,4096,grid,bf16,143.2000,31.9023,399359,0,ok
1088,64,64,tall,bf16,136.4100,1.3770,1469,0,ok
32,768,512,grid,bf16,133.6400,1.8906,9935,0,ok
96,96,64,grid,bf16,136.2500,1.2338,477,0,ok
257,128,64,grid,bf16,134.8800,1.2644,638,0,ok
46,65,10,random,bf16,132.3400,1.1241,427,0,ok
256,1,4096,grid,bf16,141.8100,3.6432,20415,0,ok
4,384,16,grid,bf16,132.5300,1.0702,1157,0,ok
128,128,127,grid,bf16,136.1300,1.2565,509,0,ok
1909,3930,5,random,bf16,145.9400,8.2068,71020,0,ok
768,1,127,grid,bf16,146.1400,1.3129,1149,0,ok
53,2,47,random,bf16,134.3400,1.0502,434,0,ok
128,2,384,grid,bf16,133.6400,1.2189,1529,0,ok
129,257,16,grid,bf16,135.3600,1.7994,1532,0,ok
96,129,4,grid,bf16,135.9100,1.1325,955,0,ok
128,1057,64,wide_output,bf16,135.8800,1.5182,4589,0,ok
1,50,398,random,bf16,135.6400,1.1966,1531,0,ok
1,129,64,grid,bf16,136.7400,1.1256,765,0,ok
4096,1024,64,grid,bf16,140.0400,4.9368,35823,0,ok
256,256,1024,deepK,bf16,134.6700,2.1222,10207,0,ok
16,8193,16,fat,bf16,134.5200,1.9965,25869,0,ok
1,2048,768,grid,bf16,134.6800,4.7320,36767,0,ok
1,2048,2,grid,bf16,131.6400,1.0554,6127,0,ok
64,512,1024,grid,bf16,132.5400,2.1943,14271,0,ok
8,1451,32,random,bf16,128.9600,1.7732,4679,0,ok
87,2,2,random,bf16,126.5800,0.5079,468,0,ok
1,1025,1,fat,bf16,133.3000,1.4393,3446,0,ok
512,8,1,grid,bf16,126.4400,0.9812,893,0,ok
16,768,96,grid,bf16,128.5500,1.7965,2387,0,ok
512,8,64,grid,bf16,128.9000,1.1032,893,0,ok
3177,13,533,random,bf16,133.6500,4.1215,17794,0,ok
768,64,192,grid,bf16,130.4400,1.4543,2299,0,ok
128,256,128,grid,bf16,131.7300,1.2608,1019,0,ok
5086,182,147,random,bf16,133.8800,3.0056,21871,0,ok
16,16,129,grid,bf16,130.6700,1.6373,795,0,ok
2048,512,16,grid,bf16,136.9000,2.0164,9719,0,ok
128,384,128,grid,bf16,130.7300,1.2956,1529,0,ok
16,96,127,grid,bf16,127.6400,1.7149,397,0,ok
2,1,128,grid,bf16,127.4700,0.4780,383,0,ok
2,35,218,random,bf16,129.1700,1.0991,767,0,ok
8002,98,90,random,bf16,137.7900,3.0064,8383,0,ok
3,68,28,random,bf16,130.4900,1.0470,384,0,ok
108,6277,1,random,bf16,132.6400,2.1986,24499,0,ok
4096,129,1536,grid,bf16,136.2400,11.9434,107471,0,ok
16,16,1151,deepK,bf16,129.3100,1.2062,3581,0,ok
34,4,19,random,bf16,128.1200,1.0449,415,0,ok
128,4129,64,wide_output,bf16,134.3800,2.5040,16829,0,ok
2,6,19,random,bf16,126.6400,0.4368,383,0,ok
1731,2112,2745,random,bf16,158.9000,44.6838,790261,0,ok
2,20,6728,random,bf16,128.2200,1.5012,20351,0,ok
8,383,8,fat,bf16,126.4200,1.0383,1169,0,ok
16,4096,64,grid,bf16,126.7200,2.2770,12735,0,ok
1536,256,256,grid,bf16,132.9500,2.0973,7671,0,ok
4096,256,256,tall,bf16,133.7300,3.5504,17911,0,ok
2,768,256,grid,bf16,127.0200,1.4910,4607,0,ok
32,8,4,grid,bf16,127.5300,1.0501,413,0,ok
2,16,4096,grid,bf16,127.2300,1.2525,12287,0,ok
257,4,127,grid,bf16,128.5600,1.1556,638,0,ok
768,1,2,grid,bf16,129.1600,1.0411,1149,0,ok
5,849,41,random,bf16,127.5700,1.7312,2708,0,ok
1,608,16,gemv_wideN,bf16,131.2000,1.1062,1914,0,ok
16,96,8,grid,bf16,130.0200,1.1030,397,0,ok
2,2,256,grid,bf16,125.7600,0.9721,767,0,ok
1,96,1024,grid,bf16,131.2300,1.9016,3063,0,ok
10,2823,1064,random,bf16,135.2900,6.6118,81143,0,ok
5488,1783,180,random,bf16,139.4500,11.0112,164359,0,ok
102,92,45,random,bf16,130.2800,1.1739,483,0,ok
96,1024,384,grid,bf16,130.8000,1.9451,11471,0,ok
64,768,127,grid,bf16,130.9100,1.2917,2675,0,ok
16,16,256,deepK,bf16,129.0000,1.6324,795,0,ok
96,16,257,grid,bf16,136.0600,1.1803,1433,0,ok
32,1,256,grid,bf16,135.0500,1.1303,827,0,ok
475,2,17,random,bf16,135.0400,1.1319,856,0,ok
4096,4,257,grid,bf16,138.7300,3.0332,13433,0,ok
155,204,697,random,bf16,138.4200,1.6555,6443,0,ok
128,256,2048,grid,bf16,136.9300,2.6279,16319,0,ok
128,16,384,grid,bf16,133.4500,1.2035,1529,0,ok
129,127,384,grid,bf16,134.8000,1.3273,1532,0,ok
8,768,64,grid,bf16,134.6500,1.7428,2339,0,ok
2542,17,1304,random,bf16,140.8800,6.8707,32163,0,ok
96,1024,128,grid,bf16,134.8800,1.4417,3823,0,ok
512,1536,129,grid,bf16,134.9300,2.1822,21455,0,ok
4096,128,127,grid,bf16,134.2000,2.3219,4477,0,ok
384,1,4096,grid,bf16,131.3300,4.5997,24511,0,ok
768,1024,257,grid,bf16,134.8800,2.8420,27599,0,ok
1,4096,1024,grid,bf16,135.6100,8.2641,98047,0,ok
2,4,129,grid,bf16,128.8000,0.9846,767,0,ok
76,46,2,random,bf16,128.0500,0.5412,457,0,ok
192,4,4096,grid,bf16,131.9800,2.6387,18367,0,ok
768,64,4,grid,bf16,129.7700,1.1861,1149,0,ok
64,129,384,grid,bf16,131.3100,1.3152,2675,0,ok
384,257,127,grid,bf16,130.5700,1.3868,2297,0,ok
28,7,113,random,bf16,128.0600,1.1122,409,0,ok
4096,1536,1536,grid,bf16,155.5100,38.3116,644831,0,ok
256,8,1,grid,bf16,127.4100,0.4147,637,0,ok
192,127,4096,grid,bf16,133.5000,3.4170,18367,0,ok
256,129,1536,grid,bf16,132.4300,2.2739,15311,0,ok
128,768,257,grid,bf16,132.0900,1.8021,9179,0,ok
768,1536,96,grid,bf16,133.0400,2.3798,13799,0,ok
128,8225,64,wide_output,bf16,134.2400,3.6916,33149,0,ok
14,2950,22,random,bf16,130.8700,1.8899,9503,0,ok
942,24,206,random,bf16,127.4000,1.5407,2647,0,ok
512,8,2,grid,bf16,128.6800,1.1076,893,0,ok
196,562,1269,random,bf16,133.7100,3.0797,28899,0,ok
512,512,257,grid,bf16,132.7400,1.9309,10727,0,ok
64,1024,256,grid,bf16,131.6200,1.6578,7135,0,ok
768,2048,256,grid,bf16,133.2200,3.4091,36799,0,ok
64,64,32,grid,bf16,128.2200,1.6917,445,0,ok
8,2048,1536,grid,bf16,133.6100,6.5417,74879,0,ok
16,8288,64,wide_output,bf16,133.2200,2.1231,25869,0,ok
128,128,1088,deepK,bf16,132.3900,1.6736,4589,0,ok
4151,618,231,random,bf16,137.0500,5.1975,45329,0,ok
64,64,289,deepK,bf16,129.9400,1.1953,1337,0,ok
1039,3366,34,random,bf16,139.1800,4.5774,38366,0,ok
65,2692,3,random,bf16,131.5900,1.3159,9833,0,ok
128,4192,128,fat,bf16,134.7100,2.5336,16829,0,ok
7,33,101,random,bf16,128.4200,1.6382,388,0,ok
96,256,1,grid,bf16,127.5100,0.4473,955,0,ok
129,64,127,grid,bf16,131.9400,1.1958,510,0,ok
192,96,1536,grid,bf16,131.6700,1.9774,6887,0,ok
96,512,127,grid,bf16,130.1300,1.2942,1911,0,ok
102,236,9,random,bf16,133.6600,1.7082,967,0,ok
512,4,4,grid,bf16,132.7700,1.1037,893,0,ok
10,115,189,random,bf16,126.6000,1.7495,783,0,ok
5,5504,90,random,bf16,134.0200,2.1127,16640,0,ok
192,96,64,grid,bf16,132.5900,1.2326,573,0,ok
2048,2048,64,grid,bf16,139.8500,4.9179,38879,0,ok
512,257,4096,grid,bf16,134.7100,6.8488,85823,0,ok
64,8,128,grid,bf16,130.4500,1.1054,445,0,ok
1024,32,1536,grid,bf16,134.4300,4.2498,16871,0,ok
16,768,1536,grid,bf16,130.6200,3.2027,28655,0,ok
16,256,16,fat,bf16,132.2600,1.6334,795,0,ok
4,32,16,grid,bf16,130.9000,1.0090,385,0,ok
256,128,4,grid,bf16,128.3400,1.1324,637,0,ok
1,1,2049,deepK,bf16,127.0900,2.1249,6510,0,ok
128,128,1024,deepK,bf16,133.8100,1.7028,4079,0,ok
3,141,23,random,bf16,128.8100,1.0583,769,0,ok
85,378,109,random,bf16,130.8100,1.2715,1400,0,ok
1024,64,1024,grid,bf16,134.2200,3.2779,11247,0,ok
3,611,6783,random,bf16,133.6500,9.2877,102024,0,ok
192,4,768,grid,bf16,129.2300,2.0220,3443,0,ok
8200,64,64,tall,bf16,134.6500,2.4057,8581,0,ok
1,96,127,grid,bf16,131.6300,1.1094,382,0,ok
64,384,257,grid,bf16,128.5800,1.3892,4013,0,ok
611,750,154,random,bf16,134.6800,1.8744,11915,0,ok
3,3,4,random,bf16,129.5000,1.0577,384,0,ok
192,384,96,grid,bf16,130.2400,1.2938,1721,0,ok
127,128,192,grid,bf16,130.1800,1.2686,1017,0,ok
8,256,1024,grid,bf16,130.4300,1.6335,6239,0,ok
8,384,2,grid,bf16,129.8900,0.5192,1169,0,ok
1,32,1536,grid,bf16,134.0000,1.8905,4595,0,ok
257,256,64,thinK,bf16,129.1600,1.2369,1277,0,ok
256,1536,128,grid,bf16,132.5800,1.7729,7655,0,ok
1024,16,32,grid,bf16,129.1000,1.7688,1405,0,ok
6480,7558,1836,random,bf16,382.0500,369.1500,6175799,0,ok
16,768,768,grid,bf16,132.4100,2.1974,14327,0,ok
128,1,127,grid,bf16,132.8900,1.1125,509,0,ok
70,2,50,random,bf16,132.7400,1.0715,451,0,ok
4,384,4096,grid,bf16,133.4200,3.8431,37055,0,ok
512,2048,2,grid,bf16,136.4100,1.9153,14303,0,ok
64,257,127,grid,bf16,129.5800,1.2255,1337,0,ok
128,1536,1536,grid,bf16,135.7900,6.3295,73439,0,ok
10,3632,7015,random,bf16,146.2600,48.6565,625239,0,ok
64,2,1536,grid,bf16,131.4100,1.8938,5351,0,ok
1536,4,1024,grid,bf16,136.7000,4.2518,15343,0,ok
64,64,4104,deepK,bf16,132.3000,2.0850,14717,0,ok
384,2,2048,grid,bf16,132.7100,2.6250,12255,0,ok
4096,2048,2,grid,bf16,144.6900,10.0447,71647,0,ok
37,24,4,random,bf16,132.7700,1.0556,418,0,ok
750,3097,6256,random,bf16,168.6400,48.3301,1386699,0,ok
192,8,64,grid,bf16,127.9500,1.1107,573,0,ok
2541,54,123,random,bf16,133.6000,1.8982,2922,0,ok
1,8200,64,wide_output,bf16,135.4400,2.2864,24894,0,ok
1024,129,127,grid,bf16,134.0900,1.4716,2811,0,ok
4096,64,1,grid,bf16,132.1500,1.9124,4477,0,ok
128,1024,2048,grid,bf16,136.6100,6.0642,65279,0,ok
129,1024,4096,grid,bf16,136.8100,9.6462,130815,0,ok
512,1536,2,grid,bf16,135.5500,1.6605,10727,0,ok
1,1088,256,gemv_wideN,bf16,136.4000,1.8019,6893,0,ok
16,4129,16,fat,bf16,134.4000,1.8729,13133,0,ok
3,4053,75,random,bf16,128.8100,1.7788,12319,0,ok
257,192,1536,grid,bf16,133.4900,2.3620,15335,0,ok
32,4,256,grid,bf16,133.2900,1.0758,827,0,ok
3,160,338,random,bf16,129.0600,1.8085,2309,0,ok
256,512,1536,grid,bf16,136.6800,3.3091,30623,0,ok
128,128,2144,deepK,bf16,133.9010,2.1495,8669,0,ok
129,4,256,grid,bf16,128.5300,1.1769,1021,0,ok
512,16,2,grid,bf16,131.3200,1.1070,893,0,ok
5998,42,2,random,bf16,134.2900,1.4529,6379,0,ok
256,257,2048,grid,bf16,136.1700,2.9699,30623,0,ok
2746,78,3762,random,bf16,137.7900,21.0428,93839,0,ok
192,16,257,grid,bf16,131.1700,1.2626,1721,0,ok
384,2,32,grid,bf16,128.5400,1.1045,765,0,ok
384,32,96,grid,bf16,132.0900,1.7521,765,0,ok
2,4096,512,grid,bf16,132.9500,4.7303,49151,0,ok
4192,16,16,tall,bf16,129.0400,1.9005,4573,0,ok
2,127,2048,grid,bf16,130.6400,2.2882,6143,0,ok
1024,2,512,grid,bf16,130.9600,2.1200,5623,0,ok
127,2,2,grid,bf16,132.8600,0.5119,508,0,ok
16,545,16,fat,bf16,132.9900,1.6475,1989,0,ok
70,3001,1,random,bf16,132.9600,1.1489,10847,0,ok
22,12,4,random,bf16,126.7200,1.0682,403,0,ok
1,4160,64,wide_output,bf16,136.7100,1.6269,12638,0,ok
12,4973,28,random,bf16,128.8700,2.0384,15365,0,ok
256,96,8,grid,bf16,133.0300,1.1358,637,0,ok
594,113,3,random,bf16,130.3300,1.2319,975,0,ok
1,1032,128,gemv_wideN,bf16,134.9800,1.5082,3446,0,ok
192,768,512,grid,bf16,134.0900,2.0317,13775,0,ok
7275,37,452,random,bf16,136.8000,6.9174,30627,0,ok
384,16,96,grid,bf16,134.1200,1.7435,765,0,ok
3,33,2911,random,bf16,130.7600,1.3809,8854,0,ok
2048,1,128,grid,bf16,137.0700,1.8135,2429,0,ok
202,19,77,random,bf16,130.3600,1.6593,583,0,ok
1536,16,64,grid,bf16,132.7600,1.8940,1917,0,ok
27,1,1484,random,bf16,135.8200,1.8875,4907,0,ok
16,127,16,grid,bf16,132.5200,1.0475,397,0,ok
257,127,4096,grid,bf16,137.7200,3.9903,20447,0,ok
8,1,2048,grid,bf16,132.7800,1.7485,6239,0,ok
1,96,128,grid,bf16,132.3400,1.1131,382,0,ok
384,512,512,grid,bf16,133.9600,2.2377,12255,0,ok
2,15,106,random,bf16,133.4200,1.0356,383,0,ok
2048,64,64,tall,bf16,133.6100,1.4459,2429,0,ok
32,96,128,grid,bf16,130.9600,1.6609,413,0,ok
96,192,4,grid,bf16,127.4000,1.1427,955,0,ok
192,768,384,grid,bf16,133.8200,1.8883,10331,0,ok
127,129,1536,grid,bf16,134.4200,1.9046,12215,0,ok
2048,8,4,grid,bf16,132.5200,1.1652,2429,0,ok
32,192,2,grid,bf16,133.6100,0.5157,827,0,ok
2144,2048,64,thinK,bf16,138.6800,4.9161,40415,0,ok
768,1,2048,grid,bf16,135.0600,4.5637,18399,0,ok
1536,96,8,grid,bf16,133.5600,1.2567,1917,0,ok
2048,127,127,grid,bf16,135.5700,1.7591,2429,0,ok
384,16,192,grid,bf16,133.9000,1.8711,1531,0,ok
128,129,64,grid,bf16,131.2600,1.2235,1019,0,ok
1536,16,1,grid,bf16,131.1500,1.0547,1917,0,ok
1536,4,512,grid,bf16,134.8000,2.6263,7671,0,ok
24,190,1150,random,bf16,133.6300,1.6394,7307,0,ok
4096,32,128,grid,bf16,134.4400,2.7379,4477,0,ok
208,2595,2550,random,bf16,139.3700,13.6158,247799,0,ok
16,96,4,grid,bf16,133.6900,1.0643,397,0,ok
256,256,127,grid,bf16,132.9100,1.2962,1275,0,ok
768,1024,384,grid,bf16,139.2000,3.1481,27599,0,ok
104,112,289,random,bf16,133.3000,1.3028,1457,0,ok
229,1,22,random,bf16,133.6400,1.0380,610,0,ok
127,1024,512,grid,bf16,135.1300,2.4707,16287,0,ok
256,1151,64,wide_output,bf16,133.5500,1.5035,5741,0,ok
2,1536,512,grid,bf16,132.8800,2.4663,18431,0,ok
32,64,8,grid,bf16,133.4900,1.1042,413,0,ok
96,4096,1024,grid,bf16,137.2000,8.8986,122367,0,ok
129,64,4,grid,bf16,134.9700,1.1105,510,0,ok
4,384,1024,grid,bf16,132.5100,2.3748,9263,0,ok
16,16,1,grid,bf16,128.3100,0.4136,397,0,ok
2,3,74,random,bf16,132.7500,0.4486,383,0,ok
16,383,16,fat,bf16,133.0300,1.6253,1193,0,ok
129,257,512,grid,bf16,132.7500,1.6184,6131,0,ok
2048,128,4096,grid,bf16,139.0200,16.7617,77759,0,ok
192,768,768,grid,bf16,133.3600,2.4452,20663,0,ok
2048,96,32,grid,bf16,133.0000,1.9623,2429,0,ok
2,1,43,random,bf16,133.7000,0.4901,383,0,ok
197,658,464,random,bf16,134.9600,1.9941,13895,0,ok
28,1,233,random,bf16,132.7000,1.1208,819,0,ok
1,1536,16,grid,bf16,137.8100,1.1293,4595,0,ok
64,768,257,grid,bf16,139.8500,1.5522,8027,0,ok
256,4,192,grid,bf16,138.5100,1.1853,1275,0,ok
53,19,101,random,bf16,136.3000,1.6534,434,0,ok
192,8,192,grid,bf16,134.6800,1.7622,1147,0,ok
1271,4,10,random,bf16,136.6800,1.1249,1652,0,ok
1032,1,1,tall,bf16,138.0500,0.9901,1413,0,ok
257,2048,2048,grid,bf16,142.3500,10.6039,163583,0,ok
1,384,128,grid,bf16,138.7800,1.1868,1148,0,ok
1349,7,113,random,bf16,133.1800,1.4727,1730,0,ok
4833,3,6,random,bf16,134.5900,1.2097,5214,0,ok
5,95,7,random,bf16,134.6000,1.0431,386,0,ok
3,3700,1343,random,bf16,139.5200,9.7718,122814,0,ok
5,5,379,random,bf16,135.0700,1.6455,1160,0,ok
192,256,384,grid,bf16,137.5300,1.4872,3443,0,ok
257,64,127,grid,bf16,139.1400,1.2311,638,0,ok
919,46,337,random,bf16,136.3100,1.8105,3902,0,ok
4,1024,768,grid,bf16,137.0900,2.4685,18527,0,ok
16,4096,1024,grid,bf16,141.7700,8.4283,101887,0,ok
4096,4096,4096,grid,bf16,299.8300,220.5845,4585471,0,ok
1,2048,256,gemv_wideN,bf16,140.1300,2.1388,12255,0,ok
2,768,1536,grid,bf16,138.5000,3.1688,27647,0,ok
96,127,512,grid,bf16,136.6800,1.3747,1911,0,ok
768,4096,1,grid,bf16,144.4700,4.7782,36799,0,ok
2048,129,384,grid,bf16,140.1900,2.9333,14579,0,ok
256,2048,64,wide_output,bf16,138.2700,1.7130,10207,0,ok
64,256,2,grid,bf16,131.1000,0.5518,891,0,ok
2048,2,1024,grid,bf16,138.6600,5.1496,19439,0,ok
4096,768,1536,grid,bf16,146.8590,20.2659,322415,0,ok
4,8,256,grid,bf16,135.6200,1.0431,771,0,ok
257,64,1,grid,bf16,133.4600,0.5162,638,0,ok
4342,6188,111,random,bf16,167.4300,24.9017,231475,0,ok
64,2081,64,fat,bf16,138.4000,1.4975,7581,0,ok
954,5,2,random,bf16,135.4900,1.1201,1335,0,ok
257,768,1,grid,bf16,131.1200,1.1221,3833,0,ok
2,169,125,random,bf16,132.5300,1.1312,767,0,ok
64,8288,64,fat,bf16,142.0000,2.4209,28989,0,ok
768,192,16,grid,bf16,141.8900,1.9056,2299,0,ok
192,2,256,grid,bf16,134.0700,1.2166,1147,0,ok
590,38,1,random,bf16,133.7400,1.1152,971,0,ok
20,841,1,random,bf16,132.4800,1.0492,2813,0,ok
1536,8,1,grid,bf16,134.6500,1.0428,1917,0,ok
256,8,1024,grid,bf16,131.7900,1.6507,5103,0,ok
16,2056,16,fat,bf16,134.2900,1.7736,6765,0,ok
192,384,32,grid,bf16,132.5500,1.2522,1721,0,ok
1,8192,16,gemv_wideN,bf16,139.9300,1.4611,24511,0,ok
16,4,127,grid,bf16,134.6900,1.0476,397,0,ok
384,96,1536,grid,bf16,138.2100,2.5162,9191,0,ok
768,768,2,grid,bf16,139.5500,1.5552,6899,0,ok
38,48,34,random,bf16,133.2600,1.6491,419,0,ok
4097,1,1,tall,bf16,137.8600,1.5140,4478,0,ok
3,3,1544,random,bf16,134.2200,1.1296,5004,0,ok
128,128,512,grid,bf16,134.8800,1.4584,2039,0,ok
2,2,860,random,bf16,133.4700,1.1082,2687,0,ok
129,32,8,grid,bf16,134.9600,1.1255,510,0,ok
1,1,608,deepK,bf16,134.7100,1.9590,1914,0,ok
512,1024,256,grid,bf16,141.1900,2.1436,14303,0,ok
512,64,4,grid,bf16,133.4000,1.1357,893,0,ok
64,2,127,grid,bf16,133.1300,1.1299,445,0,ok
127,1024,1024,grid,bf16,135.1700,3.7110,32575,0,ok
1536,32,2,grid,bf16,135.0800,1.1746,1917,0,ok
128,2048,64,grid,bf16,137.7400,1.6495,8159,0,ok
96,2,512,grid,bf16,136.3800,1.2034,1911,0,ok
128,512,2048,grid,bf16,141.9700,3.7062,32639,0,ok
64,64,1088,deepK,bf16,137.9000,1.4388,4013,0,ok
96,32,1024,grid,bf16,135.4400,1.4142,3823,0,ok
96,512,32,grid,bf16,135.0900,1.7696,1911,0,ok
192,257,129,grid,bf16,137.2800,1.3750,3443,0,ok
1,768,1536,grid,bf16,137.1300,4.0195,27575,0,ok
4,1024,129,grid,bf16,132.6700,1.9510,6175,0,ok
108,6790,605,random,bf16,142.8700,9.2298,132299,0,ok
128,64,768,grid,bf16,137.2000,1.4762,3059,0,ok
127,8,2048,grid,bf16,135.5800,1.6514,8143,0,ok
1,5334,1675,random,bf16,146.6900,16.2124,225203,0,ok
76,5067,1595,random,bf16,142.3400,15.4198,238159,0,ok
1024,4096,1536,grid,bf16,149.0200,22.6508,539903,0,ok
64,1536,128,grid,bf16,138.3500,1.5067,5351,0,ok
32,64,384,grid,bf16,134.8300,1.2196,1241,0,ok
8,384,96,grid,bf16,133.6400,1.7481,1169,0,ok
1,4,129,grid,bf16,133.4300,1.0492,765,0,ok
2048,2048,4,grid,bf16,143.1200,4.5099,38879,0,ok
256,2056,256,fat,bf16,137.1100,2.4353,21691,0,ok
2666,167,42,random,bf16,136.2800,1.7757,6095,0,ok
1536,768,129,grid,bf16,140.7800,2.5057,23015,0,ok
192,4,1024,grid,bf16,135.7100,2.1074,4591,0,ok
192,192,384,grid,bf16,138.6100,1.4532,3443,0,ok
4096,768,256,grid,bf16,143.3700,5.3888,53735,0,ok
64,2056,64,fat,bf16,134.2200,1.4675,7581,0,ok
1498,11,34,random,bf16,136.2500,1.8105,1879,0,ok
129,64,1024,grid,bf16,136.0000,1.5182,4087,0,ok
1,8319,128,gemv_wideN,bf16,141.9600,3.2393,24894,0,ok
1,639,16,gemv_wideN,bf16,137.6900,1.0554,1914,0,ok
3,1,2,random,bf16,135.7400,0.4847,384,0,ok
4,1024,256,grid,bf16,132.9400,2.1438,6175,0,ok
64,64,545,deepK,bf16,134.6700,1.3159,2229,0,ok
3339,31,44,random,bf16,135.8000,2.0292,3720,0,ok
2,4,96,grid,bf16,135.1800,0.4471,383,0,ok
8,1,128,grid,bf16,137.3900,1.0544,389,0,ok
4096,512,4,grid,bf16,138.0800,2.8446,17911,0,ok
1024,32,192,grid,bf16,136.2700,1.4773,2811,0,ok
4,257,96,grid,bf16,132.2200,1.1806,1157,0,ok
4,4,257,grid,bf16,133.3800,1.0585,1157,0,ok
128,4104,128,fat,bf16,139.4200,2.8001,16829,0,ok
1,8200,16,gemv_wideN,bf16,139.3800,1.4519,24894,0,ok
2,1,1,random,bf16,136.5200,0.9867,383,0,ok
4,4,1,random,bf16,134.6800,0.4232,385,0,ok
1120,1024,64,thinK,bf16,133.7800,2.3002,12015,0,ok
256,1,1024,grid,bf16,139.3200,2.2905,5103,0,ok
384,96,768,grid,bf16,140.2300,1.8439,4595,0,ok
129,192,8,grid,bf16,133.9400,1.1964,1021,0,ok
2,55,30,random,bf16,134.6600,1.1273,383,0,ok
6021,1580,2590,random,bf16,199.4000,75.2116,1748018,0,ok
4,2048,4096,grid,bf16,136.1600,15.9693,197631,0,ok
1024,384,192,grid,bf16,133.9800,1.7934,8435,0,ok
1024,1536,64,grid,bf16,135.9500,2.6313,16871,0,ok
128,1536,384,grid,bf16,131.9900,2.5278,18359,0,ok
7877,535,25,random,bf16,138.1100,4.8823,41294,0,ok
2048,96,4096,grid,bf16,137.2300,16.3316,77759,0,ok
1536,127,257,grid,bf16,132.7000,2.1303,5753,0,ok
129,1024,127,grid,bf16,133.2200,1.4429,4087,0,ok
512,4,1024,grid,bf16,132.2510,2.7525,7151,0,ok
1536,64,129,grid,bf16,131.5800,1.5157,3835,0,ok
384,256,768,grid,bf16,131.9000,2.1740,9191,0,ok
362,2,2,random,bf16,127.3900,0.5167,743,0,ok
2048,2,16,grid,bf16,131.2200,1.1616,2429,0,ok
512,4096,96,grid,bf16,138.1800,3.3397,28607,0,ok
384,384,8,grid,bf16,131.9600,1.8364,2297,0,ok
768,64,384,grid,bf16,132.6400,1.8157,3449,0,ok
128,2081,128,fat,bf16,131.6900,2.0389,8669,0,ok
50,264,137,random,bf16,128.2700,1.2855,2591,0,ok
128,96,4,grid,bf16,128.6000,1.1078,509,0,ok
4096,256,1,grid,bf16,134.1800,2.5792,8955,0,ok
8,8,32,grid,bf16,129.3100,1.0103,389,0,ok
96,2048,257,grid,bf16,146.6000,2.2918,22943,0,ok
139,384,2328,random,bf16,133.4700,3.3514,29696,0,ok
128,128,384,grid,bf16,134.4100,1.3531,1529,0,ok
1,1536,127,grid,bf16,135.6600,1.4706,4595,0,ok
127,768,768,grid,bf16,133.2700,2.5735,18323,0,ok
1536,4096,8,grid,bf16,138.7000,5.9216,61375,0,ok
1536,4,127,grid,bf16,128.0400,1.5325,1917,0,ok
4,20,1231,random,bf16,131.9000,1.7545,3859,0,ok
8256,16,16,tall,bf16,132.2700,2.0897,8637,0,ok
384,1024,1536,grid,bf16,133.9600,6.3039,73535,0,ok
1,1536,129,grid,bf16,135.6700,1.5291,9191,0,ok
64,1,32,grid,bf16,129.9300,1.0444,445,0,ok
128,96,192,grid,bf16,131.2500,1.2387,1019,0,ok
96,4096,384,grid,bf16,134.0300,4.2356,45887,0,ok
192,8,4096,grid,bf16,132.2100,2.6710,18367,0,ok
8,96,127,grid,bf16,127.6500,1.6257,389,0,ok
1536,129,64,grid,bf16,132.3800,1.4757,3835,0,ok
384,129,16,grid,bf16,129.4900,1.7661,1531,0,ok
924,7522,838,random,bf16,147.1900,24.8136,539377,0,ok
1429,202,6279,random,bf16,138.3900,20.6362,181099,0,ok
1,4,192,grid,bf16,125.5200,1.0257,765,0,ok
192,1024,64,grid,bf16,130.0700,1.4478,4591,0,ok
22,2,176,random,bf16,125.1400,1.0345,807,0,ok
1,1120,1,fat,bf16,125.2300,1.4383,3446,0,ok
64,127,2048,grid,bf16,127.3400,1.8071,7135,0,ok
127,1024,127,grid,bf16,131.5900,1.5515,4071,0,ok
192,192,192,grid,bf16,127.1400,1.3947,2295,0,ok
384,384,256,grid,bf16,128.7000,1.6269,4595,0,ok
809,1471,1957,random,bf16,135.8800,12.2312,228671,0,ok
96,1024,1024,grid,bf16,128.4200,3.1471,30591,0,ok
1,1088,1,fat,bf16,126.8000,1.3764,3446,0,ok
279,4,1644,random,bf16,128.5000,2.0520,8592,0,ok
192,1,32,grid,bf16,155.2900,1.0949,573,0,ok
384,2,4096,grid,bf16,133.5300,4.2367,24511,0,ok
8,4096,127,grid,bf16,127.0700,2.5811,12479,0,ok
16,2048,16,fat,bf16,127.8200,1.7463,6367,0,ok
768,4096,512,grid,bf16,134.8900,8.1813,147199,0,ok
2048,512,256,grid,bf16,136.2310,2.9183,19439,0,ok
2081,256,256,tall,bf16,128.5700,2.3455,9851,0,ok
129,96,16,grid,bf16,125.6800,1.7106,510,0,ok
32,129,129,grid,bf16,125.8800,1.1631,1655,0,ok
64,64,1057,deepK,bf16,127.0200,1.4132,4013,0,ok
265,625,21,random,bf16,126.8600,1.2924,3234,0,ok
32,16,512,grid,bf16,125.2600,1.1012,1655,0,ok
8,8,2081,deepK,bf16,123.9000,1.1616,6629,0,ok
64,8225,64,fat,bf16,129.3200,2.4199,28989,0,ok
1,4097,128,gemv_wideN,bf16,127.5500,2.4877,12638,0,ok
2144,128,128,tall,bf16,126.6900,1.8119,2525,0,ok
1,2144,256,gemv_wideN,bf16,127.2500,2.7602,13021,0,ok
256,4,1536,grid,bf16,125.9500,1.8935,7655,0,ok
64,127,4096,grid,bf16,130.3000,2.4273,14271,0,ok
1536,4096,256,grid,bf16,137.0600,7.5301,122751,0,ok
4223,1,1,tall,bf16,127.0200,1.4990,4604,0,ok
1560,2,4,random,bf16,126.1200,1.0869,1941,0,ok
256,1088,256,fat,bf16,128.8700,1.8735,11483,0,ok
20,3,5858,random,bf16,126.5200,1.4521,18491,0,ok
2,64,768,grid,bf16,125.4000,1.7689,2303,0,ok
1168,15,73,random,bf16,126.0500,1.8804,1549,0,ok
1536,96,768,grid,bf16,131.8800,3.5325,11507,0,ok
10,1279,1,random,bf16,124.8300,1.0421,3919,0,ok
311,2,2,random,bf16,125.2200,0.5146,692,0,ok
1,1025,256,gemv_wideN,bf16,131.6100,1.7037,6893,0,ok
256,4096,256,grid,bf16,136.4300,3.7694,40831,0,ok
64,128,512,grid,bf16,126.8000,1.2952,1783,0,ok
8183,1,1679,random,bf16,139.5600,26.6417,119909,0,ok
96,127,2048,grid,bf16,126.9900,1.9073,7647,0,ok
13,73,130,random,bf16,126.5500,1.7039,789,0,ok
32,128,1536,grid,bf16,127.6300,1.6319,4967,0,ok
127,257,256,grid,bf16,128.7400,1.3755,3053,0,ok
2048,64,257,grid,bf16,128.5300,2.2110,7289,0,ok
1536,64,2048,grid,bf16,136.8200,7.4021,30687,0,ok
6253,85,1,random,bf16,129.1100,4.9590,6634,0,ok
2,256,384,grid,bf16,126.6300,1.3043,2303,0,ok
4096,129,127,grid,bf16,132.4600,2.3260,8955,0,ok
256,2048,96,grid,bf16,130.7100,1.8489,10207,0,ok
8,1024,4096,grid,bf16,130.7700,8.3772,99839,0,ok
2048,1,96,grid,bf16,135.9900,1.4985,2429,0,ok
192,32,64,grid,bf16,127.2800,1.6472,573,0,ok
129,32,1,grid,bf16,125.4200,0.4641,510,0,ok
257,127,64,grid,bf16,128.2500,1.2230,638,0,ok
8,257,8,fat,bf16,126.2400,1.0463,1169,0,ok
25,129,734,random,bf16,125.5100,1.3722,4883,0,ok
5,1150,55,random,bf16,127.3200,1.7971,3482,0,ok
384,128,512,grid,bf16,130.6200,1.6622,3063,0,ok
64,384,192,grid,bf16,126.4100,1.2929,2675,0,ok
6,36,71,random,bf16,127.0100,1.6218,387,0,ok
512,1024,64,grid,bf16,131.6400,1.6214,7151,0,ok
2048,256,8,grid,bf16,128.8300,2.0750,4859,0,ok
768,256,1024,grid,bf16,132.9700,3.1094,18399,0,ok
4192,256,256,tall,bf16,132.2600,3.5106,18295,0,ok
16,2048,512,grid,bf16,127.7900,2.9416,25471,0,ok
23,70,55,random,bf16,126.6000,1.6212,404,0,ok
16,16,4,grid,bf16,126.0900,1.1008,397,0,ok
16,1536,1024,grid,bf16,127.5900,3.8664,38207,0,ok
53,489,24,random,bf16,127.1100,1.7478,1739,0,ok
256,4160,64,wide_output,bf16,132.3800,2.3492,21053,0,ok
101,23,57,random,bf16,125.9000,1.6286,482,0,ok
16,1024,129,grid,bf16,126.3200,1.9637,6367,0,ok
127,384,384,grid,bf16,127.7600,1.6244,4580,0,ok
412,1,85,random,bf16,129.2300,1.1646,793,0,ok
5,1209,474,random,bf16,125.8300,2.1808,15479,0,ok
128,1025,128,fat,bf16,129.8100,1.6109,4589,0,ok
768,16,1,grid,bf16,125.2700,1.0055,1149,0,ok
64,128,257,grid,bf16,128.6600,1.2216,1337,0,ok
129,2,1,grid,bf16,125.8400,0.4155,510,0,ok
2907,29,1,random,bf16,126.8600,1.1046,3288,0,ok
129,192,4,grid,bf16,126.1200,1.1603,1021,0,ok
256,8288,256,fat,bf16,133.8000,6.2065,82939,0,ok
16,16,513,deepK,bf16,128.1400,1.1155,1989,0,ok
192,127,384,grid,bf16,127.5100,1.4039,1721,0,ok
2048,32,8,grid,bf16,126.3000,1.1945,2429,0,ok
127,129,16,grid,bf16,125.8500,1.7144,1017,0,ok
8,64,512,grid,bf16,127.0700,1.7117,1559,0,ok
1024,192,8,grid,bf16,129.0300,1.8362,2811,0,ok
384,64,1,grid,bf16,124.9200,0.4992,765,0,ok
2048,1024,2,grid,bf16,133.9100,2.7809,19439,0,ok
96,1,4096,grid,bf16,126.1800,2.5672,15295,0,ok
2460,1255,762,random,bf16,136.1100,10.2983,170519,0,ok
256,513,256,fat,bf16,129.2900,1.6057,6379,0,ok
1,1,383,deepK,bf16,126.6800,1.9588,1148,0,ok
2144,1,1,tall,bf16,125.5500,0.9951,2525,0,ok
192,127,8,grid,bf16,126.0800,1.1936,573,0,ok
4096,64,2048,grid,bf16,137.0190,15.5674,71647,0,ok
257,128,1536,grid,bf16,133.0700,2.3202,7667,0,ok
1536,2048,4096,grid,bf16,161.8100,38.0491,982015,0,ok
8,768,96,grid,bf16,128.7200,1.7874,2339,0,ok
2048,1,384,grid,bf16,127.0800,3.1121,7289,0,ok
1,640,54,random,bf16,127.5600,1.1010,1914,0,ok
1536,4096,16,grid,bf16,137.0800,5.9480,61375,0,ok
1,768,16,grid,bf16,131.3400,1.0977,2297,0,ok
4,2,16,grid,bf16,125.8200,0.4492,385,0,ok
256,4,129,grid,bf16,127.5000,1.1555,1275,0,ok
257,384,512,grid,bf16,127.9500,1.8123,7667,0,ok
16,3300,2173,random,bf16,138.3800,15.1313,175915,0,ok
1024,1,384,grid,bf16,131.4500,1.8949,4217,0,ok
99,1,1099,random,bf16,133.9300,1.9328,4328,0,ok
1024,96,1024,grid,bf16,129.3900,3.3091,11247,0,ok
192,4,4,grid,bf16,126.9900,1.1053,573,0,ok
2,16,191,random,bf16,127.6100,1.0440,767,0,ok
18,2,17,random,bf16,126.7700,1.0381,399,0,ok
1,2,2048,grid,bf16,125.8600,1.1030,6127,0,ok
768,128,192,grid,bf16,130.3400,1.4759,2299,0,ok
96,4096,96,grid,bf16,131.5490,2.0268,15295,0,ok
384,128,32,grid,bf16,126.3000,1.7924,765,0,ok
1,576,1,fat,bf16,128.9500,1.4406,1914,0,ok
210,2,3,random,bf16,127.5300,1.0049,591,0,ok
16,512,64,wide_output,bf16,127.7600,1.6501,1591,0,ok
256,4096,1,grid,bf16,129.1000,2.6798,20415,0,ok
512,128,129,grid,bf16,131.2400,1.3682,1787,0,ok
141,46,5211,random,bf16,134.5300,2.9390,21442,0,ok
64,256,127,grid,bf16,131.1900,1.1535,891,0,ok
128,2,512,grid,bf16,126.5900,1.2151,2039,0,ok
8192,8,8,tall,bf16,126.3100,1.2933,8573,0,ok
4096,192,128,grid,bf16,132.3900,2.5075,8955,0,ok
2793,644,10,random,bf16,135.3000,2.5809,19049,0,ok
512,1,192,grid,bf16,130.6500,1.2897,1787,0,ok
1536,96,256,grid,bf16,139.4900,2.0049,3835,0,ok
4,8,512,grid,bf16,126.3400,1.6172,1543,0,ok
257,768,127,grid,bf16,129.7300,1.4699,3833,0,ok
1,512,128,gemv_wideN,bf16,126.9600,1.2164,1531,0,ok
2048,2048,32,grid,bf16,138.1900,4.6475,38879,0,ok
5,175,127,random,bf16,130.4100,1.6264,773,0,ok
1536,127,768,grid,bf16,134.8700,3.6103,11507,0,ok
929,732,3176,random,bf16,143.5500,13.0929,196649,0,ok
64,127,64,grid,bf16,131.8200,1.1014,445,0,ok
256,32,96,grid,bf16,125.9300,1.7246,637,0,ok
127,4096,1024,grid,bf16,134.0700,10.5366,130303,0,ok
5,376,248,random,bf16,126.6600,1.8842,2321,0,ok
16,64,128,grid,bf16,126.1400,1.6215,397,0,ok
4104,128,128,tall,bf16,133.5100,2.7608,4485,0,ok
128,512,512,grid,bf16,129.1300,1.8984,8159,0,ok
192,32,127,grid,bf16,127.4500,1.7434,573,0,ok
128,4,1536,grid,bf16,128.4500,1.5128,6119,0,ok
257,8,512,grid,bf16,126.8500,1.9547,2555,0,ok
128,4223,64,wide_output,bf16,127.5400,2.1151,16829,0,ok
512,192,1536,grid,bf16,132.0100,3.1314,21455,0,ok
2,64,512,grid,bf16,127.8100,1.7110,1535,0,ok
2,128,64,grid,bf16,126.4800,1.0628,383,0,ok
168,106,4,random,bf16,126.5200,1.1655,549,0,ok
192,129,4,grid,bf16,127.0700,1.1365,1147,0,ok
256,1536,1,grid,bf16,129.6900,1.3567,7655,0,ok
129,127,8,grid,bf16,126.2900,1.1582,510,0,ok
410,17,301,random,bf16,127.9000,1.4209,2375,0,ok
384,4,2,grid,bf16,128.6100,0.5067,765,0,ok
122,85,3,random,bf16,127.0100,1.1056,503,0,ok
2,129,127,grid,bf16,126.2100,1.0968,767,0,ok
1,4223,256,gemv_wideN,bf16,136.6500,3.7671,25277,0,ok
64,1536,1536,grid,bf16,134.6400,5.4272,64223,0,ok
257,1,64,grid,bf16,127.3500,1.1081,638,0,ok
257,127,768,grid,bf16,130.6000,1.7483,3833,0,ok
1024,257,4096,grid,bf16,135.7700,10.9718,134975,0,ok
64,2112,64,fat,bf16,130.7000,1.4661,7581,0,ok
4,5,10,random,bf16,126.7100,0.9701,385,0,ok
4,768,4096,grid,bf16,133.2000,6.5626,74111,0,ok
256,2,128,grid,bf16,129.1900,1.1601,637,0,ok
768,257,1536,grid,bf16,133.4000,4.0825,41399,0,ok
4096,2,1,grid,bf16,127.1200,1.0951,4477,0,ok
1024,384,8,grid,bf16,133.1300,1.9647,4217,0,ok
1,8,8,grid,bf16,129.8000,0.4124,382,0,ok
2,1,512,grid,bf16,128.4600,1.0676,1535,0,ok
1,2049,256,gemv_wideN,bf16,135.0700,2.7570,13021,0,ok
256,576,64,wide_output,bf16,130.6300,1.3088,3189,0,ok
2791,7665,23,random,bf16,151.6500,18.1286,190379,0,ok
16,16,16,grid,bf16,129.5100,1.0995,397,0,ok
2403,3,11,random,bf16,127.8100,1.1638,2784,0,ok
32,32,2048,grid,bf16,131.8100,1.3804,6623,0,ok
36,3,10,random,bf16,128.7200,1.0441,417,0,ok
160,2,7695,random,bf16,128.6700,3.5802,33061,0,ok
2,257,1,grid,bf16,130.9700,0.4271,1151,0,ok
8,128,384,grid,bf16,129.7400,1.7983,1169,0,ok
4096,1024,384,grid,bf16,136.9700,8.7500,107471,0,ok
2048,64,1024,grid,bf16,129.0800,5.2858,19439,0,ok
5929,3,2720,random,bf16,154.2700,31.3229,138841,0,ok
129,16,64,grid,bf16,129.4400,1.6339,510,0,ok
1,2175,8,gemv_wideN,bf16,130.8500,1.1073,6510,0,ok
768,4096,2,grid,bf16,138.3000,3.4873,36799,0,ok
128,32,1024,grid,bf16,128.5800,1.4679,4079,0,ok
61,1,7,random,bf16,127.0200,1.0113,442,0,ok
4845,1,3567,random,bf16,150.1200,32.5067,146355,0,ok
127,4096,512,grid,bf16,128.5300,6.0409,65151,0,ok
307,8,341,random,bf16,128.1500,1.9396,2066,0,ok
4096,2048,768,grid,bf16,147.2300,21.4489,429887,0,ok
256,4096,4,grid,bf16,128.2700,1.9148,20415,0,ok
16,4,180,random,bf16,128.7000,1.0386,795,0,ok
512,127,8,grid,bf16,127.4800,1.1525,893,0,ok
16,192,2,grid,bf16,128.4200,0.5060,795,0,ok
2048,64,4,grid,bf16,129.0300,1.2417,2429,0,ok
2,128,257,grid,bf16,127.0500,1.1035,1151,0,ok
1100,1,32,random,bf16,128.9400,1.1278,1481,0,ok
64,127,32,grid,bf16,129.4100,1.6286,445,0,ok
1,257,128,grid,bf16,128.1400,1.1680,1148,0,ok
2048,192,96,grid,bf16,128.8400,1.7856,4859,0,ok
127,129,2,grid,bf16,129.6900,0.5760,1017,0,ok
128,96,32,grid,bf16,128.7800,1.6439,509,0,ok
257,16,128,grid,bf16,128.1400,1.7445,638,0,ok
3472,67,22,random,bf16,129.8100,2.0385,3853,0,ok
2525,11,1954,random,bf16,128.7100,9.7919,46511,0,ok
1,787,1,random,bf16,127.7000,1.4714,2680,0,ok
4096,128,512,grid,bf16,129.1700,5.3734,17911,0,ok
2,8,128,grid,bf16,128.6800,0.4559,383,0,ok
256,8,16,grid,bf16,129.4200,1.0365,637,0,ok
96,129,256,grid,bf16,129.3500,1.3118,1911,0,ok
4,1,214,random,bf16,128.0000,1.0233,771,0,ok
32,256,257,grid,bf16,129.3500,1.2990,2483,0,ok
512,1536,127,grid,bf16,127.4400,2.0868,10727,0,ok
128,512,256,grid,bf16,127.9400,1.5257,4079,0,ok
2,3274,396,random,bf16,128.7100,3.4177,39935,0,ok
51,70,8,random,bf16,127.2700,1.1075,432,0,ok
384,768,257,grid,bf16,129.9900,2.1161,13787,0,ok
8,2081,8,fat,bf16,128.9200,1.6527,6629,0,ok
4,2,2,grid,bf16,127.3800,0.5193,385,0,ok
1855,2,2,random,bf16,128.9000,1.1072,2236,0,ok
4,192,128,grid,bf16,128.1700,1.1431,771,0,ok
128,192,768,grid,bf16,128.9200,1.6220,6119,0,ok
406,173,7,random,bf16,129.5700,1.7510,1575,0,ok
128,257,64,grid,bf16,127.8600,1.2540,1529,0,ok
129,32,1024,grid,bf16,127.2900,1.4934,4087,0,ok
128,8,768,grid,bf16,128.7200,1.2983,3059,0,ok
4096,768,2,grid,bf16,137.3100,3.6210,26867,0,ok
551,10,10,random,bf16,129.6700,1.7291,932,0,ok
3,643,55,random,bf16,128.3800,1.1594,2309,0,ok
8,8,2056,deepK,bf16,128.2700,1.1603,6629,0,ok
596,2200,25,random,bf16,131.4900,2.2960,17603,0,ok
398,625,2711,random,bf16,134.8600,7.1322,85799,0,ok
3232,2965,5575,random,bf16,271.5600,159.4486,3816383,0,ok
768,512,257,grid,bf16,130.8100,2.1634,13799,0,ok
192,64,256,grid,bf16,127.9600,1.2910,1147,0,ok
192,129,2048,grid,bf16,128.9200,2.2907,18367,0,ok
32,129,768,grid,bf16,127.7700,1.4031,4967,0,ok
608,16,16,tall,bf16,128.8800,1.7298,989,0,ok
4,2048,129,grid,bf16,127.7400,2.2311,12351,0,ok
77,7,444,random,bf16,128.1700,1.7496,1835,0,ok
1,4192,16,gemv_wideN,bf16,127.6400,1.2592,12638,0,ok
8,4157,5867,random,bf16,141.0600,45.4138,592019,0,ok
64,2048,1536,grid,bf16,131.5400,6.8596,85631,0,ok
8225,16,16,tall,bf16,131.0300,2.0851,8606,0,ok
257,1536,16,grid,bf16,130.7800,1.4414,7667,0,ok
1536,128,4,grid,bf16,128.8100,1.2562,1917,0,ok
214,1,1260,random,bf16,128.2800,2.2837,5959,0,ok
512,2,384,grid,bf16,128.1700,1.5078,2681,0,ok
257,64,257,grid,bf16,127.9300,1.4085,1916,0,ok
1024,129,1,grid,bf16,129.1400,1.1950,2811,0,ok
1,2144,16,gemv_wideN,bf16,127.5100,1.1611,6510,0,ok
1,1,1057,deepK,bf16,128.6100,2.0067,3446,0,ok
1536,1,128,grid,bf16,131.7900,1.6287,1917,0,ok
128,64,2048,grid,bf16,127.8600,1.8444,8159,0,ok
256,1,4,grid,bf16,129.4500,1.0247,637,0,ok
257,1,384,grid,bf16,127.5600,1.3538,1916,0,ok
192,1536,96,grid,bf16,130.2800,1.5708,6887,0,ok
8,576,64,wide_output,bf16,129.2100,1.7483,1949,0,ok
8,2048,64,wide_output,bf16,128.7100,1.9115,6239,0,ok
64,256,129,grid,bf16,127.7800,1.2294,1783,0,ok
10,991,27,random,bf16,128.8600,1.7510,3135,0,ok
127,128,32,grid,bf16,129.5100,1.6581,508,0,ok
16,4,2,grid,bf16,127.3500,0.5149,397,0,ok
96,127,32,grid,bf16,128.0300,1.6423,477,0,ok
1024,257,16,grid,bf16,127.3500,1.3017,4217,0,ok
1,32,96,grid,bf16,128.4800,1.1002,382,0,ok
8,256,192,grid,bf16,127.4200,1.7632,1559,0,ok
1,256,1,fat,bf16,128.1300,0.8922,765,0,ok
4223,8,8,tall,bf16,127.6200,1.2438,4604,0,ok
384,192,16,grid,bf16,127.8300,1.7928,1531,0,ok
2,192,512,grid,bf16,128.4900,1.8901,3071,0,ok
96,128,64,grid,bf16,128.8300,1.1929,477,0,ok
768,512,2,grid,bf16,129.4200,1.3582,4599,0,ok
257,4,32,grid,bf16,127.1000,1.1113,638,0,ok
127,512,768,grid,bf16,129.5700,2.2070,12215,0,ok
4096,4,4096,grid,bf16,136.3000,32.0383,143295,0,ok
64,64,4097,deepK,bf16,128.9800,2.0522,14717,0,ok
256,1024,2048,grid,bf16,129.6900,6.3838,81663,0,ok
768,1024,1024,grid,bf16,128.2800,5.7082,73599,0,ok
1024,384,2048,grid,bf16,136.9100,7.0027,67487,0,ok
1913,17,8,random,bf16,128.3290,1.1937,2294,0,ok
32,32,768,grid,bf16,128.5200,1.1917,2483,0,ok
96,512,128,grid,bf16,128.6800,1.2918,1911,0,ok
8,257,256,grid,bf16,127.5900,1.8846,2339,0,ok
4096,4096,16,grid,bf16,147.7400,14.9205,143295,0,ok
512,192,192,grid,bf16,129.6700,1.4442,3575,0,ok
2049,256,256,tall,bf16,131.5300,2.4045,9723,0,ok
25,32,3,random,bf16,128.0000,1.0526,406,0,ok
384,4,256,grid,bf16,129.3200,1.3362,1531,0,ok
1024,512,4096,grid,bf16,136.2700,12.7057,179967,0,ok
1,127,16,grid,bf16,128.3200,1.0440,382,0,ok
2048,4096,127,grid,bf16,139.2000,8.6196,77759,0,ok
129,384,512,grid,bf16,128.3100,1.6379,6131,0,ok
25,1897,10,random,bf16,127.9800,1.8433,6104,0,ok
9,3089,12,random,bf16,128.1500,1.8186,9774,0,ok
4129,8,8,tall,bf16,128.1300,1.2264,4510,0,ok
256,256,8288,deepK,bf16,135.1000,9.0200,82939,0,ok
129,256,2048,grid,bf16,128.2000,2.4891,16351,0,ok
64,4,1536,grid,bf16,128.1800,1.3153,5351,0,ok
128,2048,127,grid,bf16,132.3200,1.8152,8159,0,ok
8319,8,8,tall,bf16,134.1700,1.2948,8700,0,ok
89,419,6,random,bf16,128.9190,1.1716,1883,0,ok
192,4,512,grid,bf16,129.0900,1.8989,2295,0,ok
256,1,384,grid,bf16,129.5400,1.3010,1913,0,ok
256,512,256,fat,bf16,131.5400,1.5717,5103,0,ok
639,8,8,tall,bf16,131.2200,1.1258,1020,0,ok
4,4096,1024,grid,bf16,132.5500,8.4266,98815,0,ok
256,2048,257,grid,bf16,132.3800,2.7645,30623,0,ok
8,127,4096,grid,bf16,130.3600,2.1040,12479,0,ok
256,96,127,grid,bf16,130.2900,1.2387,637,0,ok
32,16,16,grid,bf16,132.2200,1.1048,413,0,ok
16,16,4192,deepK,bf16,127.6400,1.3804,13133,0,ok
4096,1024,1024,grid,bf16,143.9400,18.2011,286591,0,ok
8,4129,8,fat,bf16,132.0600,1.7607,12869,0,ok
1024,127,127,grid,bf16,133.8800,1.4756,1405,0,ok
63,1,24,random,bf16,131.2400,1.0511,444,0,ok
512,1,384,grid,bf16,129.2300,1.4899,2681,0,ok
128,2,8,grid,bf16,129.7000,1.0151,509,0,ok
6670,22,101,random,bf16,132.9500,2.4464,7051,0,ok
127,64,4096,grid,bf16,134.5400,2.5443,16287,0,ok
96,32,2,grid,bf16,131.4200,0.5256,477,0,ok
512,1,257,grid,bf16,133.2000,1.3760,2681,0,ok
56,22,9,random,bf16,127.5700,1.1039,437,0,ok
192,4,96,grid,bf16,127.5000,1.1636,573,0,ok
4,4096,4,grid,bf16,128.3800,1.1073,12351,0,ok
128,8288,128,fat,bf16,133.3300,3.9674,33149,0,ok
6413,23,8185,random,bf16,205.1900,101.5527,434879,0,ok
192,1,128,grid,bf16,129.9090,1.1396,573,0,ok
79,125,2,random,bf16,132.0700,0.5573,460,0,ok
127,1536,768,grid,bf16,130.7600,3.8542,36647,0,ok
11,391,772,random,bf16,131.3500,1.8713,11003,0,ok
4096,1,32,grid,bf16,133.7900,1.3820,4477,0,ok
1,148,817,random,bf16,130.9200,2.0055,5361,0,ok
257,384,127,grid,bf16,129.9400,1.3801,1916,0,ok
257,16,2048,grid,bf16,128.1310,2.2926,10223,0,ok
204,7905,13,random,bf16,128.4000,2.5802,36331,0,ok
61,147,2577,random,bf16,130.4100,2.2441,18605,0,ok
1024,129,32,grid,bf16,128.2400,1.2959,2811,0,ok
96,257,4,grid,bf16,128.0800,1.1664,1433,0,ok
96,96,16,grid,bf16,129.1400,1.1068,477,0,ok
7,1,8,random,bf16,130.9000,1.0306,388,0,ok
512,257,1024,grid,bf16,136.5300,2.6317,21455,0,ok
39,2973,139,random,bf16,128.4400,1.9699,20207,0,ok
256,8,257,grid,bf16,129.3300,1.8433,1913,0,ok
1536,96,16,grid,bf16,128.8300,1.9072,1917,0,ok
4350,4523,188,random,bf16,153.8300,19.6087,340703,0,ok
17,10,13,random,bf16,129.5700,1.1023,398,0,ok
129,16,256,grid,bf16,128.7700,1.8010,1021,0,ok
1,8288,8,gemv_wideN,bf16,129.1100,1.3077,24894,0,ok
768,768,1,grid,bf16,128.1400,2.1287,6899,0,ok
384,4096,64,grid,bf16,129.5700,2.9016,24511,0,ok
1,1088,128,gemv_wideN,bf16,134.9100,1.5073,3446,0,ok
16,5,1776,random,bf16,130.8100,1.1996,5571,0,ok
512,768,127,grid,bf16,128.0100,1.6273,5363,0,ok
8,8,513,deepK,bf16,128.2600,1.6313,1949,0,ok
2,16,127,grid,bf16,128.9000,1.0427,383,0,ok
768,129,1,grid,bf16,133.2200,1.1362,2299,0,ok
127,1536,4,grid,bf16,128.5900,1.3800,6107,0,ok
96,2,192,grid,bf16,128.2100,1.1610,955,0,ok
128,128,576,deepK,bf16,128.8700,1.4764,2549,0,ok
512,128,257,grid,bf16,133.1400,1.6040,2681,0,ok
129,96,768,grid,bf16,128.2300,1.4918,3065,0,ok
127,1024,768,grid,bf16,129.3600,3.0653,24431,0,ok
289,256,256,tall,bf16,128.2800,1.4543,2683,0,ok
1,8,32,grid,bf16,129.5000,0.4591,382,0,ok
2,96,64,grid,bf16,131.2900,1.1036,383,0,ok
1,13,106,random,bf16,129.3800,1.0439,382,0,ok
632,368,7368,random,bf16,138.0600,14.1825,176435,0,ok
2,129,96,grid,bf16,129.2500,1.1040,767,0,ok
768,2,1536,grid,bf16,131.0100,3.3888,13799,0,ok
3,3,8,random,bf16,130.7400,0.9791,384,0,ok
192,768,8,grid,bf16,129.2800,1.8054,3443,0,ok
256,256,8193,deepK,bf16,137.2300,8.5409,82939,0,ok
1635,175,6492,random,bf16,138.8800,22.0542,205733,0,ok
2365,1243,2288,random,bf16,149.0300,24.3902,494459,0,ok
16,16,320,deepK,bf16,130.3800,1.1024,1193,0,ok
127,256,1,grid,bf16,129.6300,0.4702,1017,0,ok
256,1,1,tall,bf16,129.2600,0.9797,637,0,ok
127,96,16,grid,bf16,129.0400,1.1371,508,0,ok
8,128,16,grid,bf16,128.6600,1.0307,389,0,ok
128,128,513,deepK,bf16,129.2000,1.4501,2549,0,ok
289,1,1,tall,bf16,128.7100,0.9806,670,0,ok
11,487,61,random,bf16,130.4900,1.6961,1571,0,ok
1024,4096,16,grid,bf16,138.1300,4.5971,44991,0,ok
1,129,1,grid,bf16,131.5400,0.9010,765,0,ok
1536,2048,256,grid,bf16,137.0300,4.8314,61375,0,ok
256,256,1088,deepK,bf16,132.1400,2.1993,11483,0,ok
545,512,64,thinK,bf16,133.7500,1.4500,3707,0,ok
397,268,831,random,bf16,130.4000,2.3808,16358,0,ok
384,1,64,grid,bf16,129.7700,1.1034,765,0,ok
16,2144,64,wide_output,bf16,129.0000,1.9689,6765,0,ok
8,8,257,deepK,bf16,130.0300,1.6243,1169,0,ok
128,129,512,grid,bf16,129.7900,1.4103,4079,0,ok
384,127,8,grid,bf16,129.4300,1.2124,765,0,ok
8,1024,96,grid,bf16,128.5100,1.8914,3119,0,ok
790,9,1880,random,bf16,130.1400,4.2191,17579,0,ok
256,4096,2048,grid,bf16,137.3500,16.9276,326655,0,ok
19,1,1,random,bf16,131.3100,0.8579,400,0,ok
8,2112,64,wide_output,bf16,129.0600,1.9687,6629,0,ok
6,1,3225,random,bf16,133.5800,1.8045,10087,0,ok
64,4,8,grid,bf16,133.7400,1.0123,445,0,ok
16,96,384,grid,bf16,131.5900,1.1947,1193,0,ok
1024,4,384,grid,bf16,129.2200,2.4640,4217,0,ok
768,64,128,grid,bf16,133.3700,1.3911,1149,0,ok
13,907,263,random,bf16,130.9100,1.6202,9479,0,ok
4223,256,256,tall,bf16,132.9900,3.8897,18419,0,ok
256,256,1151,deepK,bf16,129.2100,2.2493,11483,0,ok
8,64,4,grid,bf16,130.0400,1.0513,389,0,ok
1,4097,8,gemv_wideN,bf16,129.7700,1.2009,12638,0,ok
171,7,53,random,bf16,131.4500,1.1075,552,0,ok
128,1536,16,grid,bf16,130.3500,1.9632,6119,0,ok
744,1,2931,random,bf16,136.0200,5.7027,25897,0,ok
32,64,129,grid,bf16,132.6500,1.1356,827,0,ok
32,1024,32,grid,bf16,131.0700,1.7560,3311,0,ok
192,4096,2048,grid,bf16,137.8900,16.6862,293887,0,ok
16,4192,64,wide_output,bf16,129.6800,2.2995,13133,0,ok
6873,1,1,random,bf16,131.4500,1.6340,7254,0,ok
384,2,1,grid,bf16,129.6300,0.4313,765,0,ok
532,66,527,random,bf16,130.6600,1.8730,4569,0,ok
256,256,4104,deepK,bf16,131.1000,4.8876,42107,0,ok
429,213,921,random,bf16,132.5900,2.4443,12975,0,ok
1,51,508,random,bf16,130.8800,1.1671,1531,0,ok
128,4097,128,fat,bf16,132.2400,2.8343,16829,0,ok
4,257,4,grid,bf16,129.2300,1.0375,1157,0,ok
8,1088,64,wide_output,bf16,128.9800,1.7964,3509,0,ok
512,1024,1024,grid,bf16,131.8400,4.7615,57215,0,ok
64,64,608,deepK,bf16,129.1100,1.2919,2229,0,ok
2,65,394,random,bf16,129.9500,1.7640,1535,0,ok
16,1032,64,wide_output,bf16,131.3300,1.8227,3581,0,ok
1,320,256,gemv_wideN,bf16,131.8200,1.3127,2297,0,ok
2048,256,257,grid,bf16,132.8400,2.8332,14579,0,ok
192,8,512,grid,bf16,128.9500,1.9050,2295,0,ok
16,384,127,grid,bf16,131.0500,1.7858,1193,0,ok
1,2049,64,wide_output,bf16,129.7500,1.3881,6510,0,ok
257,192,127,grid,bf16,130.1700,1.2918,1277,0,ok
8,129,256,grid,bf16,129.7300,1.7527,1559,0,ok
127,1,2048,grid,bf16,128.7300,2.2923,8143,0,ok
128,384,1,grid,bf16,130.4900,0.4675,1529,0,ok
4,127,64,grid,bf16,129.4700,1.0965,385,0,ok
632,3910,64,random,bf16,139.1200,4.2150,31433,0,ok
192,257,128,grid,bf16,129.3200,1.2954,1721,0,ok
2048,96,4,grid,bf16,131.5100,1.2644,2429,0,ok
64,96,1024,grid,bf16,132.9200,1.4422,3567,0,ok
22,18,9,random,bf16,130.9800,1.1069,403,0,ok
16,192,16,grid,bf16,129.7500,1.6265,795,0,ok
4096,192,768,grid,bf16,129.7600,7.6874,53735,0,ok
128,192,129,grid,bf16,131.9800,1.3042,2039,0,ok
2048,512,1,grid,bf16,130.4200,2.5785,9719,0,ok
1,4096,1,grid,bf16,129.9400,1.5269,12255,0,ok
29,1389,6,random,bf16,130.4200,1.7625,4520,0,ok
4,4096,512,grid,bf16,129.6700,4.7948,49407,0,ok
256,127,2048,grid,bf16,130.7900,2.6314,10207,0,ok
17,9,900,random,bf16,130.6600,1.1932,3191,0,ok
1,1536,768,grid,bf16,130.6200,3.9781,27575,0,ok
35,6047,44,random,bf16,129.7500,2.2906,20015,0,ok
3555,42,1,random,bf16,130.6200,1.8492,3936,0,ok
64,129,4096,grid,bf16,135.0800,2.6612,28543,0,ok
64,127,16,grid,bf16,129.9000,1.1105,445,0,ok
2,16,4,grid,bf16,129.8200,0.4539,383,0,ok
384,8,192,grid,bf16,130.3800,1.7891,1531,0,ok
1,4,8,grid,bf16,129.6300,0.4620,382,0,ok
1,192,2,grid,bf16,129.3400,0.4312,765,0,ok
1,352,256,gemv_wideN,bf16,129.6400,1.2925,2297,0,ok
35,14,3,random,bf16,128.4600,1.0765,416,0,ok
128,4096,257,grid,bf16,133.4500,4.0663,48959,0,ok
355,5210,124,random,bf16,130.5300,4.0422,30216,0,ok
58,32,329,random,bf16,130.2400,1.1903,1319,0,ok
8,289,8,fat,bf16,129.5900,1.0482,1169,0,ok
64,520,64,fat,bf16,131.2000,1.2262,2229,0,ok
1536,1,1024,grid,bf16,133.4400,4.5622,15343,0,ok
2,64,128,grid,bf16,129.3400,1.0787,383,0,ok
320,256,256,tall,bf16,129.4400,1.4638,2807,0,ok
128,127,96,grid,bf16,129.0500,1.2054,509,0,ok
256,512,768,grid,bf16,131.1100,2.2767,15311,0,ok
216,32,179,random,bf16,129.6300,1.2289,1195,0,ok
1024,384,128,grid,bf16,129.0500,1.6945,4217,0,ok
257,512,512,grid,bf16,130.7700,1.9008,10223,0,ok
1536,257,256,grid,bf16,131.7700,2.0893,11507,0,ok
96,4,64,grid,bf16,129.1800,1.0788,477,0,ok
257,64,64,tall,bf16,129.2400,1.2606,638,0,ok
256,64,96,grid,bf16,130.3400,1.1967,637,0,ok
4096,257,8,grid,bf16,131.7600,2.0342,13433,0,ok
32,192,1024,grid,bf16,129.7700,1.6284,6623,0,ok
8,127,8,grid,bf16,132.0700,1.0076,389,0,ok
4,5,4015,random,bf16,129.6300,1.2007,12351,0,ok
45,4,4121,random,bf16,128.8000,1.6019,14090,0,ok
7893,19,202,random,bf16,130.3600,3.9034,16549,0,ok
1536,1536,32,grid,bf16,137.8300,3.0179,23015,0,ok
1,512,2048,grid,bf16,136.1800,3.7812,24511,0,ok
512,257,2,grid,bf16,131.1600,1.1909,2681,0,ok
64,64,639,deepK,bf16,129.2400,1.2992,2229,0,ok
302,261,3293,random,bf16,130.2800,4.8578,53351,0,ok
2,127,127,grid,bf16,131.8400,1.1053,383,0,ok
384,16,1,grid,bf16,128.7000,0.4430,765,0,ok
32,257,8,grid,bf16,130.3700,1.1412,1241,0,ok
4,257,1,grid,bf16,131.4900,0.4304,1157,0,ok
64,127,768,grid,bf16,128.5900,1.4206,2675,0,ok
257,1024,8,grid,bf16,132.0100,1.9042,5111,0,ok
16,16,4129,deepK,bf16,129.9000,1.3840,13133,0,ok
12,32,22,random,bf16,128.9400,1.0514,393,0,ok
256,8319,256,fat,bf16,136.3400,6.2487,82939,0,ok
96,16,192,grid,bf16,131.2000,1.7817,955,0,ok
32,64,2048,grid,bf16,131.9400,1.5719,6623,0,ok
8,8,545,deepK,bf16,130.5600,1.6469,1949,0,ok
96,16,127,grid,bf16,130.4800,1.6629,477,0,ok
128,8192,64,wide_output,bf16,131.9100,3.0573,32639,0,ok
13,3,6,random,bf16,130.2000,1.0160,394,0,ok
127,4096,96,grid,bf16,129.6800,2.3019,16287,0,ok
16,352,16,fat,bf16,130.2400,1.6425,1193,0,ok
384,16,128,grid,bf16,129.7200,1.8001,765,0,ok
16,16,8225,deepK,bf16,129.2100,1.6320,25869,0,ok
1088,16,16,tall,bf16,130.1200,1.7492,1469,0,ok
2,1536,16,grid,bf16,130.6300,1.1474,4607,0,ok
96,8,192,grid,bf16,129.5200,1.7677,955,0,ok
16,128,384,grid,bf16,130.0800,1.1962,1193,0,ok
384,16,768,grid,bf16,129.6200,1.7473,4595,0,ok
1,512,129,grid,bf16,129.3400,1.2445,3063,0,ok
192,129,8,grid,bf16,130.0100,1.1662,1147,0,ok
4,256,1536,grid,bf16,128.9000,1.8183,9263,0,ok
2,8,256,grid,bf16,132.7100,1.0176,767,0,ok
256,192,384,grid,bf16,133.2700,1.5681,3827,0,ok
3,13,1770,random,bf16,130.4600,1.1714,5389,0,ok
20,789,18,random,bf16,153.8100,1.7776,2813,0,ok
1,8319,1,fat,bf16,133.8400,1.6427,24894,0,ok
128,129,1024,grid,bf16,135.5400,1.6708,8159,0,ok
257,129,384,grid,bf16,128.9500,1.5548,3833,0,ok
2,2048,1536,grid,bf16,136.4400,6.5761,73727,0,ok
384,128,768,grid,bf16,129.5800,1.9066,4595,0,ok
4,2048,8,grid,bf16,130.0600,1.1107,6175,0,ok
64,2048,768,grid,bf16,130.7100,4.0267,42815,0,ok
26,2818,2403,random,bf16,138.7500,14.6307,178295,0,ok
1,129,384,grid,bf16,130.8300,1.2250,2297,0,ok
2049,16,16,tall,bf16,130.0000,1.7963,2430,0,ok
2048,128,8,grid,bf16,133.1700,1.3241,2429,0,ok
1,32,32,grid,bf16,132.3700,1.0300,382,0,ok
257,16,127,grid,bf16,130.4500,1.7548,638,0,ok
256,127,16,grid,bf16,128.4400,1.7181,637,0,ok
76,3359,671,random,bf16,136.4300,5.5305,74195,0,ok
1,4104,256,gemv_wideN,bf16,133.4400,3.7673,25277,0,ok
256,2112,256,fat,bf16,134.6700,2.4711,21691,0,ok
256,2081,256,fat,bf16,134.1600,2.4546,21691,0,ok
8,4192,64,wide_output,bf16,133.4800,2.1606,12869,0,ok
127,1,64,grid,bf16,133.1200,1.1038,508,0,ok
1024,16,768,grid,bf16,133.0600,2.6688,8435,0,ok
96,1,256,grid,bf16,129.4500,1.1615,955,0,ok
429,6060,2,random,bf16,138.7600,3.2258,38927,0,ok
384,256,64,grid,bf16,131.6600,1.3109,1531,0,ok
32,8,768,grid,bf16,129.4400,1.0967,2483,0,ok
32,127,512,grid,bf16,127.6600,1.2946,1655,0,ok
1,383,8,gemv_wideN,bf16,130.4800,1.0397,1148,0,ok
16,8256,16,fat,bf16,129.3200,2.0649,25869,0,ok
128,1024,4096,grid,bf16,135.4900,10.8191,130559,0,ok
2112,16,16,tall,bf16,128.7800,1.8266,2493,0,ok
1,352,64,wide_output,bf16,131.2800,1.1070,1148,0,ok
5,6,140,random,bf16,158.2600,1.0887,773,0,ok
4,768,32,grid,bf16,127.1400,1.1127,2315,0,ok
128,2048,2048,grid,bf16,137.6800,10.5626,130559,0,ok
4,16,96,grid,bf16,127.7700,1.0381,385,0,ok
1,192,768,grid,bf16,133.4600,1.9899,4595,0,ok
127,129,64,grid,bf16,127.2500,1.2210,1017,0,ok
64,256,256,grid,bf16,125.8300,1.2917,1783,0,ok
128,2056,64,wide_output,bf16,129.1200,1.8174,8669,0,ok
192,32,4,grid,bf16,128.3300,1.1015,573,0,ok
1024,256,256,tall,bf16,128.0700,1.8105,5623,0,ok
768,192,768,grid,bf16,134.6200,2.5447,13799,0,ok
192,128,4096,grid,bf16,133.9100,3.4086,18367,0,ok
257,256,8,grid,bf16,131.2100,1.1793,1277,0,ok
64,128,768,grid,bf16,130.2300,1.4076,2675,0,ok
8,4,96,grid,bf16,126.7400,1.0570,389,0,ok
1,1032,256,gemv_wideN,bf16,130.8300,1.6863,6893,0,ok
2,256,1024,grid,bf16,128.3800,2.1511,6143,0,ok
32,8,129,grid,bf16,127.4500,1.6285,827,0,ok
768,96,129,grid,bf16,127.4900,1.4380,2299,0,ok
384,1,127,grid,bf16,132.2600,1.2767,765,0,ok
384,2048,127,grid,bf16,134.5600,2.3343,12255,0,ok
8288,64,64,tall,bf16,139.9900,2.4441,8669,0,ok
127,127,64,grid,bf16,133.7200,1.2101,508,0,ok
16,64,256,grid,bf16,132.9510,1.6484,795,0,ok
32,384,2048,grid,bf16,131.3300,2.6280,19871,0,ok
129,32,16,grid,bf16,132.3800,1.6345,510,0,ok
4,1,33,random,bf16,136.5800,0.4797,385,0,ok
27,1036,373,random,bf16,131.8300,1.9709,11042,0,ok
134,1627,22,random,bf16,134.3100,1.4618,6707,0,ok
4096,257,16,grid,bf16,137.2800,2.0774,13433,0,ok
384,8,8,grid,bf16,128.0300,1.0950,765,0,ok
256,64,64,tall,bf16,129.2400,1.2188,637,0,ok
1796,4,2,random,bf16,126.4100,1.0971,2177,0,ok
16,1120,16,fat,bf16,126.9000,1.6944,3581,0,ok
1,192,32,grid,bf16,129.4600,1.0628,765,0,ok
2175,128,128,tall,bf16,131.9200,1.8418,2556,0,ok
4096,64,64,tall,bf16,130.4700,1.7168,4477,0,ok
96,512,2,grid,bf16,129.6500,0.5390,1911,0,ok
4444,179,604,random,bf16,133.4100,6.9278,48259,0,ok
14,44,2,random,bf16,127.9100,0.5052,395,0,ok
2048,1024,257,grid,bf16,138.2100,5.3029,58319,0,ok
1536,8,192,grid,bf16,126.8700,2.1967,3835,0,ok
2,32,64,grid,bf16,126.7400,1.0393,383,0,ok
1,8225,256,gemv_wideN,bf16,136.9500,6.5129,49789,0,ok
256,1057,256,fat,bf16,128.4200,1.8544,11483,0,ok
256,4096,384,grid,bf16,136.8700,4.8713,61247,0,ok
127,64,96,grid,bf16,127.4900,1.1005,508,0,ok
1024,64,192,grid,bf16,127.5700,1.5038,2811,0,ok
192,257,192,grid,bf16,131.9500,1.4060,3443,0,ok
256,512,4,grid,bf16,131.2500,1.1976,2551,0,ok
4,1536,64,grid,bf16,127.0000,1.3165,4631,0,ok
1,1,2175,deepK,bf16,127.5900,2.0650,6510,0,ok
16,8,192,grid,bf16,128.3100,1.6204,795,0,ok
256,2048,384,grid,bf16,133.7800,3.0935,30623,0,ok
1151,8,8,tall,bf16,131.1600,1.1413,1532,0,ok
257,768,4096,grid,bf16,138.5600,9.0672,122687,0,ok
128,128,545,deepK,bf16,130.7800,1.4416,2549,0,ok
768,4,256,grid,bf16,128.6500,1.5388,2299,0,ok
16,2,3,random,bf16,128.5000,0.4375,397,0,ok
128,32,129,grid,bf16,131.5000,1.1557,1019,0,ok
512,2048,1024,grid,bf16,138.0200,7.6764,114431,0,ok
1,1151,16,gemv_wideN,bf16,131.8900,1.0988,3446,0,ok
99,1,4,random,bf16,129.4300,0.4424,480,0,ok
16,8,16,grid,bf16,130.5900,1.0391,397,0,ok
768,1,256,grid,bf16,133.7200,1.5201,2299,0,ok
129,2048,192,grid,bf16,134.5100,1.9542,16351,0,ok
384,1536,96,grid,bf16,134.2400,1.9388,9191,0,ok
8,4,4096,grid,bf16,129.5400,1.1866,12479,0,ok
4,4,64,grid,bf16,132.6100,1.0160,385,0,ok
16,64,384,grid,bf16,134.4500,1.1618,1193,0,ok
6,42,2,random,bf16,130.0700,0.5152,387,0,ok
1,8288,64,wide_output,bf16,132.5700,2.2534,24894,0,ok
4096,130,34,random,bf16,135.0600,1.8134,8955,0,ok
64,192,129,grid,bf16,132.3400,1.1958,1783,0,ok
128,4223,128,fat,bf16,137.7900,2.5799,16829,0,ok
512,127,128,grid,bf16,129.1700,1.3215,893,0,ok
385,1718,13,random,bf16,136.7400,1.6839,10737,0,ok
2048,32,257,grid,bf16,132.9300,2.1666,7289,0,ok
257,96,1536,grid,bf16,131.6000,2.2079,7667,0,ok
120,24,7,random,bf16,128.1000,1.1041,501,0,ok
8,32,96,grid,bf16,129.6400,1.0510,389,0,ok
9,7,2,random,bf16,126.7500,0.5112,390,0,ok
298,21,3,random,bf16,128.0200,1.1019,679,0,ok
3304,22,92,random,bf16,132.5300,2.2706,3685,0,ok
34,4,48,random,bf16,133.6300,1.1070,415,0,ok
512,4,384,grid,bf16,130.3700,2.0705,2681,0,ok
256,127,128,grid,bf16,132.4500,1.2921,637,0,ok
6464,7,2087,random,bf16,137.2400,26.6528,116381,0,ok
359,386,86,random,bf16,132.3500,1.4421,2963,0,ok
129,2,4096,grid,bf16,130.2000,2.2736,16351,0,ok
1547,47,726,random,bf16,129.6500,3.5429,11573,0,ok
384,4096,384,grid,bf16,135.8700,6.2927,73535,0,ok
2048,256,256,tall,bf16,133.3500,2.4647,9719,0,ok
691,30,1,random,bf16,129.0500,1.0412,1072,0,ok
1,1,257,deepK,bf16,129.0700,1.9781,1148,0,ok
10,217,54,random,bf16,130.8800,1.6368,783,0,ok
257,64,4096,grid,bf16,133.2000,3.7348,20447,0,ok
64,192,192,grid,bf16,130.0800,1.2541,1783,0,ok
192,256,96,grid,bf16,128.7800,1.2213,1147,0,ok
4192,64,64,tall,bf16,130.3100,1.8098,4573,0,ok
1,384,129,grid,bf16,130.2500,1.1959,2297,0,ok
1536,768,512,grid,bf16,131.0700,4.3799,46031,0,ok
16,16,545,deepK,bf16,134.3500,1.1335,1989,0,ok
257,1024,1024,grid,bf16,130.8300,3.7053,40895,0,ok
2048,257,64,grid,bf16,131.3600,1.7762,7289,0,ok
8,1,257,grid,bf16,129.1900,1.0726,1169,0,ok
1526,452,10,random,bf16,129.1000,1.6314,7631,0,ok
2048,4096,192,grid,bf16,138.6500,9.0511,155519,0,ok
256,129,512,grid,bf16,128.4200,1.5365,5103,0,ok
8,1151,64,wide_output,bf16,126.8300,1.8103,3509,0,ok
768,2,512,grid,bf16,127.9700,1.9130,4599,0,ok
315,11,2559,random,bf16,131.9100,2.7679,13939,0,ok
256,192,4096,grid,bf16,137.2300,4.2831,40831,0,ok
76,4564,1,random,bf16,130.6100,1.3951,16487,0,ok
512,256,768,grid,bf16,134.9600,2.2949,10727,0,ok
4096,256,4,grid,bf16,135.5000,1.9515,8955,0,ok
8,128,1,grid,bf16,127.5900,0.4051,389,0,ok
9,3,99,random,bf16,131.6100,1.0352,390,0,ok
192,1536,64,grid,bf16,130.4600,1.5700,6887,0,ok
1172,1979,191,random,bf16,136.4200,3.9848,49727,0,ok
768,256,768,grid,bf16,132.5300,2.6324,13799,0,ok
493,635,2450,random,bf16,138.4300,7.3866,87499,0,ok
155,2649,22,random,bf16,134.8100,1.6366,11276,0,ok
8,8,4097,deepK,bf16,131.5000,1.2178,12869,0,ok
4096,128,128,grid,bf16,133.5300,2.3509,4477,0,ok
1,520,256,gemv_wideN,bf16,135.3100,1.4396,3829,0,ok
95,198,4796,random,bf16,137.8300,3.6618,36251,0,ok
8,4,129,grid,bf16,127.1900,1.0361,779,0,ok
1,4104,1,fat,bf16,131.4400,1.5024,12638,0,ok
4,127,8,grid,bf16,127.5100,0.9870,385,0,ok
256,128,768,grid,bf16,132.2900,1.7861,3827,0,ok
64,2,352,random,bf16,127.7700,1.1066,1337,0,ok
8,4096,257,grid,bf16,132.0100,3.0254,37439,0,ok
2,192,32,grid,bf16,128.9600,1.1083,767,0,ok
256,256,352,deepK,bf16,137.1800,1.5502,3827,0,ok
2445,35,1566,random,bf16,139.8700,7.9954,36750,0,ok
2048,32,64,grid,bf16,139.3900,1.9663,2429,0,ok
96,512,1,grid,bf16,136.6900,0.4637,1911,0,ok
32,1536,2048,grid,bf16,140.3600,6.7482,79487,0,ok
129,1,2,grid,bf16,135.1900,0.4573,510,0,ok
512,2,4096,grid,bf16,134.5700,5.2084,28607,0,ok
387,174,1,random,bf16,131.7100,1.1171,1537,0,ok
192,2,1024,grid,bf16,135.1200,2.1085,4591,0,ok
192,8,257,grid,bf16,132.2800,1.8370,1721,0,ok
22,4,6582,random,bf16,135.8400,1.5594,21007,0,ok
16,2048,32,grid,bf16,134.3300,1.8318,6367,0,ok
128,1024,1536,grid,bf16,137.3900,4.8382,48959,0,ok
16,129,2,grid,bf16,131.3100,0.5169,795,0,ok
1536,512,128,grid,bf16,136.3100,2.0896,7671,0,ok
128,8,2048,grid,bf16,130.8700,1.6594,8159,0,ok
257,16,256,grid,bf16,133.7600,1.9018,1277,0,ok
1,2,5,random,bf16,131.3900,0.4768,382,0,ok
129,32,4,grid,bf16,132.7700,1.1121,510,0,ok
512,768,2,grid,bf16,134.4500,1.3862,5363,0,ok
128,127,4096,grid,bf16,136.4000,2.9788,16319,0,ok
192,32,256,grid,bf16,132.6900,1.2486,1147,0,ok
96,64,2048,grid,bf16,133.5200,1.7351,7647,0,ok
16,8319,64,wide_output,bf16,131.8800,2.1630,25869,0,ok
129,129,129,grid,bf16,133.7500,1.2989,2043,0,ok
1024,192,257,grid,bf16,138.2400,1.9467,8435,0,ok
67,73,2,random,bf16,134.6300,0.5606,448,0,ok
255,59,58,random,bf16,131.4800,1.2162,636,0,ok
384,4096,96,grid,bf16,140.4000,3.2189,24511,0,ok
2048,2,256,grid,bf16,135.6200,2.1733,4859,0,ok
127,8,257,grid,bf16,134.1300,1.7724,1526,0,ok
2048,257,384,grid,bf16,137.5200,3.1343,21869,0,ok
128,129,1,grid,bf16,132.5100,0.4704,1019,0,ok
4,257,8,grid,bf16,132.2400,1.0843,1157,0,ok
80,1086,4083,random,bf16,139.8900,10.3010,133055,0,ok
257,1,256,grid,bf16,138.3300,1.3155,1277,0,ok
129,192,127,grid,bf16,136.7900,1.2844,1021,0,ok
8,576,8,fat,bf16,134.1000,1.6531,1949,0,ok
162,3852,4339,random,bf16,147.7400,33.5546,573375,0,ok
129,32,512,grid,bf16,136.1200,1.3357,2043,0,ok
384,384,4,grid,bf16,135.6700,1.3145,2297,0,ok
4,129,8,grid,bf16,133.0600,1.0640,771,0,ok
384,16,2,grid,bf16,131.1000,0.5201,765,0,ok
3,49,2,random,bf16,133.8000,0.5360,384,0,ok
1536,32,1,grid,bf16,130.8000,1.3599,1917,0,ok
4,64,96,grid,bf16,132.9100,1.1260,385,0,ok
196,2,155,random,bf16,133.2100,1.1937,1155,0,ok
398,113,163,random,bf16,136.3700,1.4850,1559,0,ok
128,257,32,grid,bf16,133.0100,1.8102,1529,0,ok
2048,1,64,grid,bf16,138.1600,1.3765,2429,0,ok
64,256,257,grid,bf16,134.9200,1.3771,2675,0,ok
768,32,768,grid,bf16,137.5400,2.3646,6899,0,ok
768,1024,2,grid,bf16,137.1800,1.7104,9199,0,ok
2048,2048,16,grid,bf16,141.7100,4.5680,38879,0,ok
4,1024,384,grid,bf16,132.5300,2.4461,9263,0,ok
1893,6,62,random,bf16,134.2700,1.3072,2274,0,ok
1,192,384,grid,bf16,134.2300,1.3052,2297,0,ok
32,128,128,grid,bf16,135.1200,1.6498,413,0,ok
3,3,686,random,bf16,134.3800,1.6497,2309,0,ok
3,3,32,random,bf16,132.7900,0.9966,384,0,ok
20,1647,27,random,bf16,131.9200,1.8294,5225,0,ok
2,420,5,random,bf16,131.4500,1.0583,1535,0,ok
256,128,32,grid,bf16,134.7000,1.7661,637,0,ok
4,768,1536,grid,bf16,132.8000,3.1851,27791,0,ok
129,129,256,grid,bf16,131.1400,1.3159,2043,0,ok
71,2177,769,random,bf16,142.1900,4.5037,57077,0,ok
384,257,64,grid,bf16,137.2100,1.3396,2297,0,ok
4096,2,96,grid,bf16,132.3700,1.8575,4477,0,ok
338,5,1,random,bf16,130.6300,0.4499,719,0,ok
1,264,64,wide_output,bf16,130.6000,1.1255,1148,0,ok
32,64,4096,grid,bf16,136.1100,1.9094,13247,0,ok
1536,2,129,grid,bf16,132.5000,1.4867,3835,0,ok
127,96,96,grid,bf16,131.9100,1.2168,508,0,ok
16,8,32,grid,bf16,132.5300,1.0654,397,0,ok
128,2175,128,fat,bf16,138.5600,1.9116,8669,0,ok
1,1,256,grid,bf16,130.8600,1.4357,765,0,ok
192,2,129,grid,bf16,132.0900,1.1305,1147,0,ok
127,96,384,grid,bf16,143.6000,1.3176,1526,0,ok
128,128,8193,deepK,bf16,138.1100,4.7060,33149,0,ok
16,256,32,grid,bf16,133.4700,1.6505,795,0,ok
16,639,64,wide_output,bf16,135.5800,1.8079,1989,0,ok
8,512,64,wide_output,bf16,132.7900,1.6658,1559,0,ok
256,1032,256,fat,bf16,132.7090,1.8806,11483,0,ok
1,8256,256,gemv_wideN,bf16,141.1700,6.4653,49789,0,ok
2048,8,1,grid,bf16,132.9900,1.0480,2429,0,ok
256,192,128,grid,bf16,134.1000,1.3272,1275,0,ok
4096,128,768,grid,bf16,140.3800,7.4754,26867,0,ok
10,6038,20,random,bf16,133.7900,2.0164,18815,0,ok
137,4666,37,random,bf16,140.3600,2.0778,19202,0,ok
2048,129,512,grid,bf16,138.9900,3.3286,19439,0,ok
4096,1024,96,grid,bf16,143.3400,5.0436,35823,0,ok
4,16,4,grid,bf16,133.2200,0.9883,385,0,ok
3008,3,259,random,bf16,136.6300,2.5721,10169,0,ok
1154,2033,84,random,bf16,140.7500,3.5074,24575,0,ok
256,768,512,grid,bf16,135.9400,2.2057,15311,0,ok
1024,1,1,tall,bf16,135.9700,0.9866,1405,0,ok
1,4,6,random,bf16,131.7000,0.4703,382,0,ok
4558,6,794,random,bf16,137.2500,7.2391,34579,0,ok
1024,127,8,grid,bf16,136.2200,1.2379,1405,0,ok
1,264,8,gemv_wideN,bf16,132.3900,1.0529,1148,0,ok
96,1536,768,grid,bf16,135.3500,3.3815,34415,0,ok
8,1024,8,fat,bf16,133.5300,1.6476,3119,0,ok
4,4,4,grid,bf16,132.4400,1.0728,385,0,ok
8,545,64,wide_output,bf16,132.2900,1.7416,1949,0,ok
64,1024,128,grid,bf16,132.7000,1.4109,3567,0,ok
12,2,1,random,bf16,134.1000,0.4242,393,0,ok
32,8,8,grid,bf16,132.6400,1.1267,413,0,ok
2048,16,129,grid,bf16,133.5400,2.3022,4859,0,ok
128,32,768,grid,bf16,133.7400,1.4058,3059,0,ok
8319,16,16,tall,bf16,136.8500,2.0784,8700,0,ok
264,128,128,tall,bf16,132.7100,1.3102,645,0,ok
1,1536,1536,grid,bf16,140.8500,6.2870,55151,0,ok
128,1536,2,grid,bf16,135.3400,1.3437,6119,0,ok
16,256,256,grid,bf16,133.3300,1.8080,1591,0,ok
127,768,512,grid,bf16,136.8600,2.1851,12215,0,ok
64,192,8,grid,bf16,132.6800,1.1475,891,0,ok
183,6737,167,random,bf16,140.0300,4.2592,59889,0,ok
2,384,2048,grid,bf16,136.6000,2.4974,18431,0,ok
1,1,520,deepK,bf16,132.4500,1.9560,1914,0,ok
256,128,1024,grid,bf16,134.3500,1.9134,5103,0,ok
1536,4096,192,grid,bf16,144.1200,7.2305,122751,0,ok
16,512,768,grid,bf16,134.4100,1.8631,9551,0,ok
192,192,32,grid,bf16,135.4100,1.2181,1147,0,ok
523,18,356,random,bf16,137.3300,1.6342,2714,0,ok
210,12,1910,random,bf16,134.8700,2.0110,8879,0,ok
127,4096,129,grid,bf16,140.1600,2.9868,32575,0,ok
16,96,96,grid,bf16,133.9300,1.6466,397,0,ok
257,257,4096,grid,bf16,137.7900,5.5019,61343,0,ok
129,1024,384,grid,bf16,137.2600,2.0046,12263,0,ok
8225,256,256,tall,bf16,141.4600,5.7729,34427,0,ok
129,4096,512,grid,bf16,136.5000,5.2508,65407,0,ok
127,256,2048,grid,bf16,140.7200,2.6581,16287,0,ok
127,128,16,grid,bf16,132.1900,1.1358,508,0,ok
3,7254,65,random,bf16,134.3400,2.1622,21944,0,ok
384,192,512,grid,bf16,136.5400,1.8034,6127,0,ok
192,4096,512,grid,bf16,138.7200,5.5352,73471,0,ok
74,814,782,random,bf16,137.0300,2.5436,22343,0,ok
1883,2738,4,random,bf16,140.2800,5.8738,49829,0,ok
16,2175,64,wide_output,bf16,133.1500,2.0000,6765,0,ok
96,1,384,grid,bf16,131.9000,1.1720,1433,0,ok
512,1024,384,grid,bf16,135.8000,2.7312,21455,0,ok
129,16,128,grid,bf16,132.2800,1.6904,510,0,ok
4,64,256,grid,bf16,131.2900,1.6454,771,0,ok
42,121,40,random,bf16,130.8600,1.7312,423,0,ok
192,32,32,grid,bf16,134.0300,1.6748,573,0,ok
1536,64,512,grid,bf16,131.4500,2.7236,7671,0,ok
32,1536,127,grid,bf16,132.8700,2.1328,4967,0,ok
128,1,1536,grid,bf16,133.8400,2.1263,6119,0,ok
2048,2048,96,grid,bf16,141.2200,4.9298,38879,0,ok
32,257,512,grid,bf16,130.8100,1.4537,4967,0,ok
128,1536,128,grid,bf16,137.0400,1.6783,6119,0,ok
96,257,257,grid,bf16,136.1500,1.5435,4301,0,ok
127,1,129,grid,bf16,131.2400,1.1264,1017,0,ok
512,2048,257,grid,bf16,132.4100,3.5724,42911,0,ok
176,285,120,random,bf16,132.4900,1.3122,1673,0,ok
195,73,457,random,bf16,134.4400,1.4209,2307,0,ok
96,128,384,grid,bf16,132.1400,1.3249,1433,0,ok
1536,32,64,grid,bf16,132.0700,1.8998,1917,0,ok
4,32,2048,grid,bf16,129.8400,1.2677,6175,0,ok
4,257,129,grid,bf16,130.9700,1.7746,2315,0,ok
127,128,129,grid,bf16,129.5300,1.3056,1017,0,ok
32,1536,4,grid,bf16,130.8300,1.1755,4967,0,ok
4096,192,8,grid,bf16,130.9900,1.8044,8955,0,ok
512,129,1,grid,bf16,131.2400,1.1291,1787,0,ok
11,203,54,random,bf16,132.4300,1.6400,785,0,ok
1536,1,4,grid,bf16,132.1900,1.0672,1917,0,ok
16,512,1,grid,bf16,135.5300,0.4303,1591,0,ok
6,2,3,random,bf16,133.4300,0.4461,387,0,ok
127,96,64,grid,bf16,131.2100,1.2105,508,0,ok
98,10,30,random,bf16,133.3700,1.6626,479,0,ok
16,192,768,grid,bf16,129.8900,1.4608,4775,0,ok
128,257,4096,grid,bf16,140.1500,4.0343,48959,0,ok
257,4096,16,grid,bf16,138.0200,2.0708,20447,0,ok
64,32,127,grid,bf16,131.8700,1.6396,445,0,ok
520,16,16,tall,bf16,131.7800,1.7325,901,0,ok
5824,956,2911,random,bf16,172.8800,66.1553,1141903,0,ok
85,9,2568,random,bf16,132.2700,1.7172,9806,0,ok
256,8,8,grid,bf16,130.0500,1.1130,637,0,ok
517,4,38,random,bf16,133.7000,1.1148,898,0,ok
192,1536,2,grid,bf16,130.8900,1.3059,6887,0,ok
1,4,256,grid,bf16,134.7600,1.0569,765,0,ok
16,129,257,grid,bf16,132.5300,1.2495,2387,0,ok
768,64,8,grid,bf16,131.0500,1.1678,1149,0,ok
4096,257,4096,grid,bf16,141.5000,33.3369,429887,0,ok
2562,251,38,random,bf16,138.1400,1.7700,5887,0,ok
16,256,1,grid,bf16,131.1800,0.4311,795,0,ok
16,2048,257,grid,bf16,130.4600,2.1371,19103,0,ok
1,1,8193,deepK,bf16,130.1900,2.3176,24894,0,ok
2,1536,257,grid,bf16,132.2000,1.9081,13823,0,ok
96,1,8,grid,bf16,134.7400,1.0282,477,0,ok
96,8,32,grid,bf16,131.5500,1.0511,477,0,ok
257,128,128,tall,bf16,131.7400,1.2554,638,0,ok
192,1,4,grid,bf16,130.4400,1.0196,573,0,ok
3,274,4,random,bf16,130.8900,1.0472,1154,0,ok
512,256,257,grid,bf16,130.2700,1.6938,5363,0,ok
384,192,2048,grid,bf16,131.1300,3.3480,24511,0,ok
257,127,256,grid,bf16,134.0600,1.3861,1277,0,ok
128,8,256,grid,bf16,132.7100,1.7655,1019,0,ok
512,1024,512,grid,bf16,131.7600,3.0414,28607,0,ok
1,2,4096,grid,bf16,129.2000,1.2098,12255,0,ok
4096,8,4,grid,bf16,131.2500,1.2012,4477,0,ok
257,128,1,grid,bf16,130.7000,0.4988,638,0,ok
2048,1,1,tall,bf16,136.4100,0.9907,2429,0,ok
4,1536,128,grid,bf16,133.0300,1.5298,4631,0,ok
1,4096,32,grid,bf16,130.1100,1.4335,12255,0,ok
4,2048,768,grid,bf16,130.4200,3.8388,37055,0,ok
2,768,384,grid,bf16,131.2100,1.6465,6911,0,ok
96,384,64,grid,bf16,131.6200,1.2422,1433,0,ok
5,2,4268,random,bf16,130.9700,1.2176,13157,0,ok
1024,512,192,grid,bf16,133.9500,1.9916,11247,0,ok
4,1,286,random,bf16,132.7600,1.0565,1157,0,ok
2048,16,192,grid,bf16,132.0600,2.4085,4859,0,ok
2245,4013,5,random,bf16,144.2100,8.6850,84063,0,ok
646,1440,2,random,bf16,138.7800,1.8613,12335,0,ok
2,501,2,random,bf16,130.8500,0.4592,1535,0,ok
257,96,2,grid,bf16,132.3000,0.5848,638,0,ok
128,127,512,grid,bf16,131.5200,1.4495,2039,0,ok
768,4,4096,grid,bf16,133.4400,7.2465,36799,0,ok
127,512,2048,grid,bf16,130.5900,3.6980,32575,0,ok
2963,473,2068,random,bf16,141.7200,15.6914,227459,0,ok
2,1,2,grid,bf16,132.4700,0.4927,383,0,ok
2,1,8,random,bf16,132.3100,0.4788,383,0,ok
129,257,129,grid,bf16,132.6000,1.3362,3065,0,ok
5,371,1522,random,bf16,130.6600,2.2931,13931,0,ok
384,768,384,grid,bf16,133.2600,2.3272,13787,0,ok
2048,384,1,grid,bf16,131.5100,2.4821,7289,0,ok
8,8,2049,deepK,bf16,131.1800,1.1775,6629,0,ok
96,1536,1024,grid,bf16,131.6100,4.1550,45887,0,ok
256,2048,1024,grid,bf16,133.3100,6.1141,81663,0,ok
16,289,64,wide_output,bf16,131.6800,1.6901,1193,0,ok
8,1024,32,grid,bf16,130.0700,1.7213,3119,0,ok
32,16,32,grid,bf16,129.8600,1.6515,413,0,ok
512,32,1536,grid,bf16,134.7300,2.7394,10727,0,ok
127,768,384,grid,bf16,135.6300,1.9071,9161,0,ok
257,8,32,grid,bf16,132.3100,1.1177,638,0,ok
2048,127,16,grid,bf16,137.7500,1.9255,2429,0,ok
256,4,8,grid,bf16,130.7900,1.0495,637,0,ok
32,64,257,grid,bf16,130.7100,1.2140,1241,0,ok
2,5794,7081,random,bf16,155.6600,80.2861,989183,0,ok
192,32,96,grid,bf16,133.8300,1.7700,573,0,ok
1,639,8,gemv_wideN,bf16,130.7900,1.0408,1914,0,ok
2048,32,768,grid,bf16,135.5500,4.2637,14579,0,ok
256,2,1,grid,bf16,130.0500,0.4463,637,0,ok
1246,33,197,random,bf16,132.9100,1.6677,3255,0,ok
64,8200,64,fat,bf16,132.8400,2.4736,28989,0,ok
128,16,127,grid,bf16,131.4800,1.6361,509,0,ok
384,2,16,grid,bf16,131.8200,1.0788,765,0,ok
2,129,1536,grid,bf16,132.4500,2.2881,9215,0,ok
127,2,16,grid,bf16,132.3600,1.0444,508,0,ok
1,2112,128,gemv_wideN,bf16,133.4200,1.9133,6510,0,ok
257,257,128,grid,bf16,137.4500,1.4269,1916,0,ok
129,1,4,grid,bf16,133.5900,1.0256,510,0,ok
979,1,2508,random,bf16,139.1900,6.2958,27219,0,ok
127,256,64,grid,bf16,132.9700,1.2429,1017,0,ok
512,512,768,grid,bf16,138.1900,2.7862,21455,0,ok
384,1,256,grid,bf16,133.6800,1.3612,1531,0,ok
1,129,2,grid,bf16,133.5100,0.4415,765,0,ok
1151,128,128,tall,bf16,130.4300,1.5905,1532,0,ok
8288,256,256,tall,bf16,138.5500,5.7853,34679,0,ok
7884,345,1,random,bf16,140.6600,7.0854,24797,0,ok
1791,16,1649,random,bf16,141.0700,6.1909,28248,0,ok
384,768,64,grid,bf16,133.7300,1.5214,4595,0,ok
512,2,2,grid,bf16,131.0600,1.1206,893,0,ok
458,2720,87,random,bf16,137.8800,2.6071,18479,0,ok
8,127,256,grid,bf16,133.4800,1.7291,779,0,ok
1,256,256,grid,bf16,130.2200,1.2270,1531,0,ok
8,128,64,grid,bf16,131.4600,1.6416,389,0,ok
6477,20,161,random,bf16,134.4900,3.1412,13717,0,ok
768,32,1024,grid,bf16,137.1500,2.7179,9199,0,ok
257,8,2048,grid,bf16,136.4800,2.2904,10223,0,ok
768,96,4096,grid,bf16,131.4700,7.8366,36799,0,ok
512,64,768,grid,bf16,136.6700,2.0457,5363,0,ok
16,257,192,grid,bf16,130.7200,1.9169,2387,0,ok
192,192,16,grid,bf16,135.6300,1.7233,1147,0,ok
639,64,64,tall,bf16,129.3200,1.3252,1020,0,ok
358,3,3,random,bf16,136.5700,1.1302,739,0,ok
1980,15,124,random,bf16,131.3000,2.2945,2361,0,ok
129,128,256,grid,bf16,132.3500,1.3088,1021,0,ok
3,1318,27,random,bf16,131.4400,1.2175,4234,0,ok
2048,384,32,grid,bf16,138.1500,1.8096,7289,0,ok
192,32,257,grid,bf16,131.1800,1.3096,1721,0,ok
96,1024,96,grid,bf16,134.7500,1.3998,3823,0,ok
4,8,96,grid,bf16,132.0900,0.9853,385,0,ok
1,8,16,grid,bf16,133.7100,0.4682,382,0,ok
1,520,1,fat,bf16,134.1700,1.4632,1914,0,ok
2,129,1,grid,bf16,135.2000,0.4386,767,0,ok
127,4,4,grid,bf16,131.1500,1.0727,508,0,ok
8,128,768,grid,bf16,132.0200,1.3569,2339,0,ok
2048,96,512,grid,bf16,131.6400,3.2972,9719,0,ok
32,32,64,grid,bf16,147.8500,1.6467,413,0,ok
4,1,2048,grid,bf16,130.1100,1.1203,6175,0,ok
256,64,1536,grid,bf16,136.9100,2.0803,7655,0,ok
384,256,1536,grid,bf16,133.9100,3.0817,18383,0,ok
384,64,2048,grid,bf16,141.8600,2.8824,12255,0,ok
15,2,6152,random,bf16,131.2200,1.3759,19452,0,ok
3,265,313,random,bf16,132.0300,1.9204,3464,0,ok
256,128,64,grid,bf16,131.8200,1.2454,637,0,ok
384,64,1024,grid,bf16,133.0200,2.0612,6127,0,ok
3163,3973,284,random,bf16,155.6100,22.3939,340319,0,ok
1,1,4223,deepK,bf16,134.3800,2.1334,12638,0,ok
512,256,256,tall,bf16,132.0400,1.6339,3575,0,ok
8,2,384,grid,bf16,133.6900,1.0481,1169,0,ok
2,1536,1536,grid,bf16,131.8900,5.2033,55295,0,ok
128,32,257,grid,bf16,134.4200,1.2066,1529,0,ok
128,127,768,grid,bf16,135.2600,1.5859,3059,0,ok
64,64,16,grid,bf16,131.4100,1.1168,445,0,ok
720,2,200,random,bf16,132.0210,1.4142,2203,0,ok
178,7622,2,random,bf16,136.8600,2.2085,33599,0,ok
979,56,48,random,bf16,130.9400,1.2909,1360,0,ok
96,4,256,grid,bf16,127.3500,1.1008,955,0,ok
4096,127,4096,grid,bf16,137.3300,33.3520,143295,0,ok
16,768,2,grid,bf16,125.8400,1.0972,2387,0,ok
64,32,384,grid,bf16,127.3800,1.1668,1337,0,ok
1024,64,64,tall,bf16,129.0500,1.3057,1405,0,ok
127,4,16,grid,bf16,129.2400,1.0353,508,0,ok
5,3296,14,random,bf16,127.7700,1.7841,10061,0,ok
256,576,256,fat,bf16,131.4300,1.6175,6379,0,ok
64,2049,64,fat,bf16,130.2600,1.4914,7581,0,ok
1536,2048,128,grid,bf16,138.0600,4.2534,30687,0,ok
92,2986,130,random,bf16,133.0000,2.0268,22751,0,ok
4096,512,257,grid,bf16,138.4600,5.8367,53735,0,ok
32,2,128,grid,bf16,126.2100,1.0271,413,0,ok
989,257,11,random,bf16,131.3500,1.2983,4112,0,ok
4,32,32,grid,bf16,129.8200,1.0327,385,0,ok
65,105,3540,random,bf16,132.3600,2.2917,12515,0,ok
37,2,2394,random,bf16,128.9000,1.8935,7960,0,ok
7365,20,54,random,bf16,132.2700,2.5075,7746,0,ok
192,768,2,grid,bf16,129.2900,1.2287,3443,0,ok
1024,128,32,grid,bf16,127.3600,1.8947,1405,0,ok
256,256,4097,deepK,bf16,135.2200,4.8488,42107,0,ok
1,305,236,random,bf16,132.0500,1.3163,2297,0,ok
16,257,16,grid,bf16,126.9400,1.6212,1193,0,ok
768,16,768,grid,bf16,132.4800,2.3515,6899,0,ok
16,2,4,grid,bf16,127.4600,0.4425,397,0,ok
768,512,384,grid,bf16,130.2500,2.3400,13799,0,ok
8,129,128,grid,bf16,129.1700,1.6365,779,0,ok
959,12,7093,random,bf16,133.3700,12.7033,75095,0,ok
257,32,256,grid,bf16,127.8100,1.2888,1277,0,ok
256,4129,256,fat,bf16,137.5400,3.7026,42107,0,ok
128,512,129,grid,bf16,128.2800,1.4441,4079,0,ok
2,23,90,random,bf16,128.1800,1.0375,383,0,ok
2,15,825,random,bf16,126.4900,1.6224,2687,0,ok
129,2048,64,grid,bf16,132.1400,1.5748,8175,0,ok
1536,129,32,grid,bf16,129.6900,1.3498,3835,0,ok
280,2,4,random,bf16,127.9500,1.0341,661,0,ok
1536,768,4096,grid,bf16,143.7200,20.5463,368255,0,ok
1,352,128,gemv_wideN,bf16,127.3600,1.2075,1148,0,ok
4096,96,768,grid,bf16,137.4300,7.4049,26867,0,ok
96,192,257,grid,bf16,133.3000,1.3727,2867,0,ok
384,4096,16,grid,bf16,135.6000,2.5218,24511,0,ok
4,1,96,grid,bf16,129.1000,0.4679,385,0,ok
1024,127,32,grid,bf16,129.0200,1.8318,1405,0,ok
4,768,768,grid,bf16,129.4500,2.1671,13895,0,ok
96,4,4096,grid,bf16,128.0800,1.9245,15295,0,ok
16,2,2048,grid,bf16,135.8200,1.7698,6367,0,ok
127,2,127,grid,bf16,127.2400,1.0993,508,0,ok
32,64,1536,grid,bf16,128.3600,1.4102,4967,0,ok
128,128,32,grid,bf16,126.6600,1.6504,509,0,ok
1,512,257,grid,bf16,128.5900,1.3502,4595,0,ok
2146,1328,372,random,bf16,136.2200,7.0454,83423,0,ok
257,8,1536,grid,bf16,128.2400,1.9323,7667,0,ok
4096,192,256,grid,bf16,137.1500,3.4167,17911,0,ok
1,1024,8,gemv_wideN,bf16,128.4900,1.0626,3063,0,ok
127,64,64,grid,bf16,127.6000,1.1964,508,0,ok
56,58,1108,random,bf16,128.5300,1.3788,3941,0,ok
64,639,64,fat,bf16,129.6800,1.2244,2229,0,ok
768,192,192,grid,bf16,128.6100,1.5657,4599,0,ok
608,512,64,thinK,bf16,127.2200,1.4431,3959,0,ok
2048,768,16,grid,bf16,134.1000,2.4427,14579,0,ok
10,72,8,random,bf16,129.6900,1.0978,391,0,ok
1164,2,738,random,bf16,130.0300,2.8683,9275,0,ok
256,129,192,grid,bf16,129.3800,1.2839,2551,0,ok
1536,16,192,grid,bf16,130.9600,2.3005,3835,0,ok
1485,4,234,random,bf16,127.7000,1.7197,3733,0,ok
5,70,40,random,bf16,128.9900,1.6276,386,0,ok
2048,2,1,grid,bf16,131.6900,1.0929,2429,0,ok
100,4,2,random,bf16,130.1800,0.5013,481,0,ok
4,2,768,grid,bf16,126.7800,1.0566,2315,0,ok
4096,1536,1,grid,bf16,138.6300,8.7578,53735,0,ok
32,2048,64,grid,bf16,129.1600,1.9431,6623,0,ok
384,4,384,grid,bf16,126.7600,2.0046,2297,0,ok
512,768,1024,grid,bf16,129.3200,3.9312,42911,0,ok
128,128,257,deepK,bf16,130.1010,1.2987,1529,0,ok
192,1,4096,grid,bf16,136.4600,3.1992,18367,0,ok
83,503,4409,random,bf16,136.9400,6.0439,65099,0,ok
8,129,512,grid,bf16,129.9900,1.7894,3119,0,ok
8,8,8225,deepK,bf16,128.0300,1.3504,25349,0,ok
1536,257,96,grid,bf16,131.0500,1.6543,5753,0,ok
513,512,64,thinK,bf16,131.2100,1.4328,3579,0,ok
129,1024,4,grid,bf16,129.4200,1.2352,4087,0,ok
2048,257,1,grid,bf16,130.4300,2.4846,7289,0,ok
128,2048,8,grid,bf16,128.7900,2.0153,8159,0,ok
127,512,1536,grid,bf16,129.9900,3.0603,24431,0,ok
128,257,16,grid,bf16,127.6800,1.7811,1529,0,ok
1,257,96,grid,bf16,131.3400,1.1887,1148,0,ok
127,512,96,grid,bf16,127.7700,1.3432,2035,0,ok
5,1321,13,random,bf16,130.0900,1.7022,4256,0,ok
1,1536,2048,grid,bf16,135.6400,7.8465,73535,0,ok
256,768,384,grid,bf16,138.3200,2.0032,11483,0,ok
3,216,83,random,bf16,126.7900,1.1004,769,0,ok
512,8,2048,grid,bf16,131.7100,3.1629,14303,0,ok
127,384,8,grid,bf16,126.7000,1.2264,1526,0,ok
64,352,64,fat,bf16,127.5200,1.1888,1337,0,ok
384,1536,8,grid,bf16,130.7000,1.6304,9191,0,ok
1,768,127,grid,bf16,131.1600,1.2858,2297,0,ok
32,256,384,grid,bf16,126.6400,1.2995,2483,0,ok
16,1024,127,grid,bf16,127.4700,1.9054,3183,0,ok
192,2,127,grid,bf16,125.8900,1.1629,573,0,ok
384,1536,192,grid,bf16,132.4900,2.3634,18383,0,ok
384,257,1024,grid,bf16,136.3400,2.4678,18383,0,ok
1536,129,2048,grid,bf16,133.0900,7.6971,61375,0,ok
256,2175,64,wide_output,bf16,134.1000,1.7401,10845,0,ok
1536,64,2,grid,bf16,126.3600,1.1863,1917,0,ok
256,256,8256,deepK,bf16,135.0500,8.9518,82939,0,ok
32,256,96,grid,bf16,126.1000,1.7468,827,0,ok
21,2,13,random,bf16,125.6600,1.0412,402,0,ok
5124,29,1,random,bf16,126.3400,1.2331,5505,0,ok
320,8,8,tall,bf16,127.7000,1.1021,701,0,ok
127,1536,1024,grid,bf16,133.1800,4.6492,48863,0,ok
2649,988,44,random,bf16,130.1200,3.7605,24247,0,ok
16,1536,127,grid,bf16,126.6600,2.0359,4775,0,ok
3067,8,6117,random,bf16,136.2100,34.8602,165551,0,ok
4096,4,2,grid,bf16,127.7800,1.1570,4477,0,ok
127,96,257,grid,bf16,127.2300,1.3000,1526,0,ok
768,1,129,grid,bf16,127.6400,1.2937,2299,0,ok
16,4104,16,fat,bf16,136.3700,1.8635,13133,0,ok
4852,5057,5852,random,bf16,525.8000,421.2235,9630559,0,ok
128,1536,32,grid,bf16,131.1800,1.9922,6119,0,ok
2,1536,2,grid,bf16,129.5600,1.0461,4607,0,ok
96,64,257,grid,bf16,128.7700,1.2279,1433,0,ok
257,384,2,grid,bf16,126.4900,1.2000,1916,0,ok
128,96,2,grid,bf16,127.4400,0.5606,509,0,ok
1024,128,1536,grid,bf16,128.1600,4.4920,16871,0,ok
2,4,256,grid,bf16,126.4000,0.9630,767,0,ok
128,1,128,grid,bf16,129.9900,1.1110,509,0,ok
256,608,256,fat,bf16,130.5100,1.6271,6379,0,ok
16,16,8192,deepK,bf16,130.3100,1.6044,25471,0,ok
256,8,4096,grid,bf16,133.2700,3.1984,20415,0,ok
96,1536,384,grid,bf16,131.1400,2.2868,17207,0,ok
4,2048,32,grid,bf16,126.9700,1.2208,6175,0,ok
1536,384,768,grid,bf16,156.4800,4.2981,34523,0,ok
64,4096,64,grid,bf16,127.7000,1.6879,14271,0,ok
257,512,192,grid,bf16,130.8500,1.5044,5111,0,ok
128,4096,16,grid,bf16,132.2600,2.3079,16319,0,ok
128,192,192,grid,bf16,128.8300,1.3451,2039,0,ok
1,257,8,gemv_wideN,bf16,128.0600,1.0236,1148,0,ok
127,64,16,grid,bf16,128.8000,1.1115,508,0,ok
8,2,1,grid,bf16,127.6600,0.4064,389,0,ok
6,6070,328,random,bf16,134.3700,4.6673,55871,0,ok
384,1536,129,grid,bf16,133.1200,2.2780,18383,0,ok
257,2048,192,grid,bf16,132.5800,2.2218,20447,0,ok
4,2,127,grid,bf16,126.6000,0.4406,385,0,ok
1,1285,4559,random,bf16,137.4300,11.3922,151667,0,ok
2048,64,16,grid,bf16,128.4900,1.8415,2429,0,ok
1536,1,4096,grid,bf16,136.7300,11.1694,61375,0,ok
256,8,2048,grid,bf16,129.8700,2.1411,10207,0,ok
64,512,64,fat,bf16,126.8500,1.1958,1783,0,ok
1,256,32,grid,bf16,131.4800,1.0382,765,0,ok
1,128,1,grid,bf16,128.9200,0.8748,382,0,ok
2048,1024,1,grid,bf16,130.3500,3.2848,19439,0,ok
8,256,127,grid,bf16,126.8800,1.6201,779,0,ok
127,257,384,grid,bf16,128.3000,1.4732,4580,0,ok
1,1,8288,deepK,bf16,129.2700,2.2840,24894,0,ok
352,64,64,tall,bf16,127.3800,1.2245,733,0,ok
8,16,32,grid,bf16,128.0600,1.0340,389,0,ok
1,19,3,random,bf16,127.2600,0.4278,382,0,ok
768,512,96,grid,bf16,126.9700,1.6249,4599,0,ok
127,148,7492,random,bf16,132.3500,4.7719,60061,0,ok
4,2048,96,grid,bf16,126.3500,1.4839,6175,0,ok
257,257,256,grid,bf16,156.7800,1.5454,3833,0,ok
96,1536,4,grid,bf16,130.2200,1.2202,5735,0,ok
129,1536,768,grid,bf16,135.1800,3.4745,36791,0,ok
128,257,2,grid,bf16,126.1400,0.5667,1529,0,ok
8,32,192,grid,bf16,127.0000,1.6224,779,0,ok
16,192,257,grid,bf16,128.0800,1.2298,2387,0,ok
1519,2,47,random,bf16,129.1500,1.2074,1900,0,ok
16,1025,64,wide_output,bf16,129.2600,1.7943,3581,0,ok
768,384,32,grid,bf16,133.6900,1.4012,3449,0,ok
2779,6347,5,random,bf16,156.3500,15.1148,158049,0,ok
32,1024,4,grid,bf16,130.8300,1.1088,3311,0,ok
512,192,96,grid,bf16,133.2300,1.2965,1787,0,ok
16,1536,257,grid,bf16,129.9300,1.8704,14327,0,ok
16,192,1024,grid,bf16,129.2900,1.5347,6367,0,ok
533,341,6,random,bf16,129.7900,1.9785,2744,0,ok
768,2,257,grid,bf16,130.6600,1.5040,3449,0,ok
785,108,3074,random,bf16,135.2500,6.8165,29174,0,ok
192,127,2,grid,bf16,128.9600,0.5983,573,0,ok
1,192,192,grid,bf16,129.8000,1.1900,1531,0,ok
64,1088,64,fat,bf16,127.9300,1.2929,4013,0,ok
512,4,2048,grid,bf16,131.3700,3.1702,14303,0,ok
768,768,4,grid,bf16,134.1600,1.6263,6899,0,ok
512,384,1,grid,bf16,129.4400,1.1352,2681,0,ok
8,8,1088,deepK,bf16,128.8400,1.0986,3509,0,ok
8,352,8,fat,bf16,126.9700,1.0400,1169,0,ok
8,8,4129,deepK,bf16,127.7100,1.2089,12869,0,ok
1594,1,8,random,bf16,127.9500,1.1005,1975,0,ok
257,2,2,grid,bf16,126.5200,0.5081,638,0,ok
8,8,264,deepK,bf16,127.3400,1.6161,1169,0,ok
72,1952,6613,random,bf16,138.2700,26.2079,377727,0,ok
1598,19,237,random,bf16,127.6000,1.8312,3959,0,ok
1,1,264,deepK,bf16,125.0000,1.9622,1148,0,ok
1,545,1,fat,bf16,128.4310,1.4323,1914,0,ok
2048,192,4096,grid,bf16,138.3700,15.9639,155519,0,ok
512,8,96,grid,bf16,127.5700,1.1566,893,0,ok
2048,1536,128,grid,bf16,133.6500,4.2737,29159,0,ok
8,2,4096,grid,bf16,127.5200,1.1583,12479,0,ok
5405,35,65,random,bf16,131.0300,2.5301,5786,0,ok
1536,192,768,grid,bf16,134.3900,3.6898,23015,0,ok
2,2048,127,grid,bf16,126.6310,1.6050,6143,0,ok
1024,64,384,grid,bf16,130.9500,1.9656,4217,0,ok
64,4097,64,fat,bf16,129.8100,1.7847,14717,0,ok
2048,2,384,grid,bf16,131.7500,2.6399,7289,0,ok
2,1096,13,random,bf16,126.8800,1.0959,3455,0,ok
256,127,129,grid,bf16,127.8900,1.2945,1275,0,ok
1,258,308,random,bf16,133.4000,1.3322,3446,0,ok
32,3,600,random,bf16,126.6700,1.7229,2069,0,ok
128,2,256,grid,bf16,126.3300,1.1623,1019,0,ok
1024,4096,2048,grid,bf16,150.8000,30.1673,719871,0,ok
1,2056,1,fat,bf16,130.1600,1.5021,6510,0,ok
6485,5,2548,random,bf16,137.5900,31.7151,137339,0,ok
585,8104,222,random,bf16,136.9300,6.8532,123775,0,ok
768,1024,2048,grid,bf16,136.1500,10.1962,147199,0,ok
257,32,257,grid,bf16,127.8500,1.3760,1916,0,ok
639,1,1,tall,bf16,132.0500,1.4936,1020,0,ok
64,384,2048,grid,bf16,131.6600,2.7311,21407,0,ok
768,129,96,grid,bf16,129.8000,1.3138,2299,0,ok
1024,64,2048,grid,bf16,135.3300,5.3774,22495,0,ok
768,1536,32,grid,bf16,133.5400,2.1200,13799,0,ok
8,512,8,grid,bf16,127.8400,1.0532,1559,0,ok
1,129,32,grid,bf16,130.3700,1.0532,765,0,ok
96,64,384,grid,bf16,126.9000,1.2501,1433,0,ok
1,256,4096,grid,bf16,131.3800,3.5720,24511,0,ok
1536,32,257,grid,bf16,131.1500,1.8872,5753,0,ok
2,1360,25,random,bf16,127.8700,1.1619,4223,0,ok
96,256,1024,grid,bf16,132.8900,1.7744,7647,0,ok
1,8193,8,gemv_wideN,bf16,128.5600,1.2958,24894,0,ok
2048,64,512,grid,bf16,137.2600,3.2381,9719,0,ok
2048,32,1024,grid,bf16,134.9200,5.2476,19439,0,ok
32,8,257,grid,bf16,129.5500,1.6351,1241,0,ok
1024,1,127,grid,bf16,129.6900,1.4698,1405,0,ok
2048,4,256,grid,bf16,131.1700,2.1516,4859,0,ok
8,1024,2,grid,bf16,127.6000,1.1062,3119,0,ok
1024,2048,1024,grid,bf16,136.2700,10.0096,179967,0,ok
1088,1,1,tall,bf16,131.7600,0.9726,1469,0,ok
257,192,192,grid,bf16,127.9100,1.3681,2555,0,ok
64,64,2081,deepK,bf16,130.1300,1.6233,7581,0,ok
24,62,297,random,bf16,128.0600,1.1575,1217,0,ok
487,65,1,random,bf16,126.7500,1.1053,868,0,ok
384,257,2048,grid,bf16,135.1300,3.6622,36767,0,ok
96,128,127,grid,bf16,131.1500,1.1642,477,0,ok
129,1,1,grid,bf16,128.7800,0.9762,510,0,ok
1,2144,8,gemv_wideN,bf16,129.0300,1.0954,6510,0,ok
128,96,96,grid,bf16,127.7400,1.1993,509,0,ok
2,16,2048,grid,bf16,127.3700,1.7182,6143,0,ok
96,257,1,grid,bf16,125.2600,0.4718,1433,0,ok
8,128,256,grid,bf16,128.0700,1.6892,779,0,ok
384,129,64,grid,bf16,128.5700,1.2979,1531,0,ok
1,2056,128,gemv_wideN,bf16,128.3200,1.8480,6510,0,ok
127,257,64,grid,bf16,128.9200,1.2480,1526,0,ok
64,64,8193,deepK,bf16,136.3600,2.8907,28989,0,ok
1,4223,8,gemv_wideN,bf16,129.6300,1.1529,12638,0,ok
512,1536,16,grid,bf16,129.1700,1.6299,10727,0,ok
128,128,2056,deepK,bf16,131.4600,2.1087,8669,0,ok
1,1057,1,fat,bf16,128.9800,1.4407,3446,0,ok
9,155,2805,random,bf16,131.3400,2.0832,17203,0,ok
1024,2,4096,grid,bf16,132.7600,9.2436,44991,0,ok
2048,96,129,grid,bf16,131.0800,1.7607,4859,0,ok
1,127,1536,grid,bf16,129.6600,2.2966,4595,0,ok
4,129,256,grid,bf16,127.5300,1.6916,1543,0,ok
8,1088,8,fat,bf16,127.3200,1.6279,3509,0,ok
4096,2048,256,grid,bf16,139.8100,11.9576,143295,0,ok
64,129,1024,grid,bf16,128.1800,1.5071,7135,0,ok
4,1536,8,grid,bf16,126.8100,1.1012,4631,0,ok
4,32,163,random,bf16,127.2100,1.6218,771,0,ok
512,192,512,grid,bf16,128.9700,1.8533,7151,0,ok
96,1024,16,grid,bf16,128.6700,1.7894,3823,0,ok
256,64,8,grid,bf16,136.3000,1.1062,637,0,ok
127,16,192,grid,bf16,127.9900,1.7173,1017,0,ok
67,1466,2656,random,bf16,132.4100,9.1861,113147,0,ok
2112,2048,64,thinK,bf16,135.4600,4.8633,39903,0,ok
2048,257,1024,grid,bf16,135.2500,5.7213,58319,0,ok
96,96,1024,grid,bf16,130.8100,1.4962,3823,0,ok
2048,384,4096,grid,bf16,140.0000,19.6578,233279,0,ok
128,639,128,fat,bf16,132.7500,1.4058,2549,0,ok
3,8,87,random,bf16,127.0700,0.9711,384,0,ok
2,64,64,grid,bf16,127.0100,1.0524,383,0,ok
1,1,1025,deepK,bf16,127.2900,2.0191,3446,0,ok
96,1,96,grid,bf16,130.1100,1.0963,477,0,ok
256,128,256,grid,bf16,126.8300,1.3567,1275,0,ok
2,96,1536,grid,bf16,128.5000,2.0062,4607,0,ok
768,129,4096,grid,bf16,131.6000,8.1104,73599,0,ok
1,4096,192,grid,bf16,127.4300,3.1931,24511,0,ok
257,96,1,grid,bf16,125.5400,0.4940,638,0,ok
5160,100,5957,random,bf16,148.4800,60.4822,260473,0,ok
4096,192,512,grid,bf16,137.4600,5.5364,35823,0,ok
576,512,64,thinK,bf16,129.1900,1.4342,3831,0,ok
64,4104,64,fat,bf16,128.3200,1.7749,14717,0,ok
8,8,2048,deepK,bf16,128.9200,1.1574,6239,0,ok
256,256,320,deepK,bf16,151.6500,1.5475,3827,0,ok
3838,49,25,random,bf16,128.8400,2.1069,4219,0,ok
16,1057,64,wide_output,bf16,128.1300,1.8978,3581,0,ok
8192,256,256,tall,bf16,137.1900,5.8904,34295,0,ok
129,257,4,grid,bf16,130.3300,1.1970,1532,0,ok
512,4096,257,grid,bf16,135.0200,5.7390,85823,0,ok
9,16,1684,random,bf16,132.8100,1.1937,5473,0,ok
2,2,512,grid,bf16,126.6500,1.0306,1535,0,ok
1462,3743,23,random,bf16,135.9400,5.9229,55319,0,ok
1,462,153,random,bf16,129.1000,1.2608,3063,0,ok
256,64,4,grid,bf16,130.6000,1.0990,637,0,ok
512,512,127,grid,bf16,133.7300,1.5029,3575,0,ok
2048,2048,1,grid,bf16,135.7700,7.0807,38879,0,ok
383,1,1,tall,bf16,127.3000,0.9636,764,0,ok
512,128,16,grid,bf16,128.0400,1.7526,893,0,ok
5004,17,3489,random,bf16,138.0800,33.5220,150807,0,ok
8,1,2159,random,bf16,130.8100,1.7470,6629,0,ok
257,16,512,grid,bf16,127.8400,1.4283,2555,0,ok
129,64,128,grid,bf16,126.0200,1.1997,510,0,ok
1024,128,256,grid,bf16,131.4700,1.7489,2811,0,ok
129,257,2,grid,bf16,127.9800,0.5629,1532,0,ok
256,128,129,grid,bf16,131.1800,1.3093,1275,0,ok
1024,32,127,grid,bf16,126.7000,1.9882,1405,0,ok
22,1322,14,random,bf16,128.3000,1.7454,4443,0,ok
1024,129,96,grid,bf16,129.7300,1.3827,2811,0,ok
2175,8,8,tall,bf16,127.2000,1.1872,2556,0,ok
1028,22,7241,random,bf16,138.3300,14.2888,80369,0,ok
32,16,128,grid,bf16,127.1400,1.6270,413,0,ok
8,320,8,fat,bf16,128.7700,1.0508,1169,0,ok
8193,64,64,tall,bf16,130.2800,2.3994,8574,0,ok
1647,8,9,random,bf16,127.4800,1.1392,2028,0,ok
2,124,3,random,bf16,132.1500,0.4380,383,0,ok
383,16,16,tall,bf16,126.1100,1.6445,764,0,ok
96,2,4,grid,bf16,126.4700,0.4382,477,0,ok
8,768,257,grid,bf16,127.9900,2.0962,7019,0,ok
127,192,192,grid,bf16,132.1900,1.3128,2035,0,ok
512,127,2,grid,bf16,127.7200,1.1449,893,0,ok
257,64,192,grid,bf16,132.8600,1.3052,1277,0,ok
1,1032,8,gemv_wideN,bf16,127.7600,1.1043,3446,0,ok
256,192,1,grid,bf16,127.0600,1.0222,1275,0,ok
1,1151,64,wide_output,bf16,127.6100,1.2577,3446,0,ok
512,512,512,grid,bf16,129.1700,2.2783,14303,0,ok
1024,32,384,grid,bf16,130.6700,1.9348,4217,0,ok
4,768,257,grid,bf16,128.5500,2.1107,6947,0,ok
4,129,2048,grid,bf16,127.5900,1.6770,12351,0,ok
1114,1215,14,random,bf16,135.5000,2.4770,14959,0,ok
1,4129,8,gemv_wideN,bf16,133.9200,1.1939,12638,0,ok
256,32,127,grid,bf16,127.4100,1.7848,637,0,ok
64,64,4,grid,bf16,129.4700,1.1169,445,0,ok
128,8,192,grid,bf16,126.8600,1.7159,1019,0,ok
1465,6773,63,random,bf16,142.7600,9.5422,97890,0,ok
384,64,1536,grid,bf16,131.6400,2.4457,9191,0,ok
5,9,51,random,bf16,126.6200,1.0358,386,0,ok
128,32,384,grid,bf16,127.0400,1.3041,1529,0,ok
32,192,96,grid,bf16,127.2300,1.6247,827,0,ok
512,192,8,grid,bf16,128.8300,1.7878,1787,0,ok
4,129,1024,grid,bf16,126.9000,1.9910,6175,0,ok
768,2048,512,grid,bf16,135.3890,5.3353,73599,0,ok
4096,1,96,grid,bf16,129.8500,1.9016,4477,0,ok
1024,128,2048,grid,bf16,136.0700,5.6163,22495,0,ok
64,128,32,grid,bf16,128.7600,1.6233,445,0,ok
1,1025,128,gemv_wideN,bf16,136.8400,1.4994,3446,0,ok
176,452,1415,random,bf16,133.2900,2.8585,26783,0,ok
4899,15,40,random,bf16,129.4500,2.0997,5280,0,ok
4,1,256,grid,bf16,129.4400,1.0406,771,0,ok
8,8225,8,fat,bf16,133.2500,1.7962,25349,0,ok
2,1,64,grid,bf16,129.3500,0.4752,383,0,ok
1,1,4104,deepK,bf16,128.7800,2.1453,12638,0,ok
96,512,4096,grid,bf16,135.1300,5.4419,61183,0,ok
96,8,384,grid,bf16,133.1100,1.7906,1433,0,ok
768,768,129,grid,bf16,135.7100,1.8947,13799,0,ok
1024,2048,4,grid,bf16,138.0200,2.7986,22495,0,ok
1,1024,16,gemv_wideN,bf16,132.2700,1.1019,3063,0,ok
4,1024,128,grid,bf16,129.1600,1.3672,3087,0,ok
256,256,129,grid,bf16,132.9500,1.3146,2551,0,ok
192,1,129,grid,bf16,133.5000,1.1603,1147,0,ok
127,2048,128,grid,bf16,131.0400,1.8057,8143,0,ok
1,237,19,random,bf16,132.1200,1.0344,765,0,ok
64,1032,64,fat,bf16,131.5600,1.3058,4013,0,ok
4096,1,4096,grid,bf16,147.8500,31.8664,143295,0,ok
257,256,2048,grid,bf16,133.6200,2.9600,20447,0,ok
4,192,512,grid,bf16,127.4700,1.8940,3087,0,ok
257,768,4,grid,bf16,132.4800,1.2564,3833,0,ok
1536,1536,96,grid,bf16,137.3000,3.3165,23015,0,ok
131,4,1,random,bf16,129.1300,0.4314,512,0,ok
334,71,5,random,bf16,131.3300,1.1434,715,0,ok
1,608,8,gemv_wideN,bf16,129.7700,1.0399,1914,0,ok
127,257,4,grid,bf16,130.4800,1.1690,1526,0,ok
768,384,2048,grid,bf16,130.7500,5.8461,55199,0,ok
512,129,4096,grid,bf16,129.6800,6.0279,57215,0,ok
128,2144,128,fat,bf16,131.6200,1.8475,8669,0,ok
2048,129,1,grid,bf16,164.6000,1.4532,4859,0,ok
127,2048,96,grid,bf16,129.0500,1.7619,8143,0,ok
13,1326,15,random,bf16,129.0500,1.7237,4344,0,ok
8225,64,64,tall,bf16,130.5600,2.4140,8606,0,ok
1,8,512,grid,bf16,129.5900,1.1212,1531,0,ok
192,512,192,grid,bf16,129.6600,1.4469,4591,0,ok
2048,2,4096,grid,bf16,138.4400,15.9754,77759,0,ok
64,64,264,deepK,bf16,130.3600,1.2156,1337,0,ok
2048,768,32,grid,bf16,132.7300,2.5367,14579,0,ok
64,1024,4096,grid,bf16,137.2400,8.9334,114175,0,ok
384,1024,8,grid,bf16,129.4200,2.0640,6127,0,ok
96,129,2048,grid,bf16,132.4800,2.0070,15295,0,ok
128,4096,512,grid,bf16,132.0200,6.0357,65279,0,ok
21,592,2336,random,bf16,129.8600,4.0446,38284,0,ok
32,127,128,grid,bf16,129.1000,1.6540,413,0,ok
127,1024,16,grid,bf16,129.4900,1.8899,4071,0,ok
512,129,384,grid,bf16,133.1400,1.6781,5363,0,ok
128,520,128,fat,bf16,134.1000,1.3699,2549,0,ok
1,8200,128,gemv_wideN,bf16,133.3100,4.6494,24894,0,ok
128,8319,64,wide_output,bf16,132.1400,3.0587,33149,0,ok
8,64,64,grid,bf16,129.9200,1.6356,389,0,ok
8,4097,8,fat,bf16,130.4900,1.7269,12869,0,ok
2,4096,256,grid,bf16,134.7300,2.9550,24575,0,ok
256,8,2,grid,bf16,129.4400,0.5174,637,0,ok
129,96,64,grid,bf16,129.8000,1.2357,510,0,ok
16,1024,32,grid,bf16,131.8700,1.7640,3183,0,ok
4096,128,2,grid,bf16,131.4900,1.5233,4477,0,ok
257,2048,257,grid,bf16,130.6100,2.7832,30671,0,ok
1536,4096,2,grid,bf16,141.2100,5.9326,61375,0,ok
128,256,384,grid,bf16,130.7400,1.5030,3059,0,ok
8,2048,384,grid,bf16,131.3300,2.4903,18719,0,ok
32,129,2048,grid,bf16,131.0900,1.8056,13247,0,ok
5611,4,4114,random,bf16,140.0100,41.6722,197768,0,ok
257,1536,257,grid,bf16,130.5200,2.3754,23003,0,ok
17,33,2,random,bf16,130.2400,0.5250,398,0,ok
1,127,768,grid,bf16,130.1600,2.0002,2297,0,ok
192,1536,1536,grid,bf16,134.7100,6.0388,82655,0,ok
1024,4,127,grid,bf16,129.7700,1.4060,1405,0,ok
96,128,16,grid,bf16,129.8400,1.1090,477,0,ok
512,96,2048,grid,bf16,139.5800,3.4589,14303,0,ok
9,3983,4,random,bf16,129.3800,1.2163,12511,0,ok
8,8,1024,deepK,bf16,129.5900,1.1091,3119,0,ok
256,352,64,wide_output,bf16,131.7300,1.3151,1913,0,ok
1783,5,30,random,bf16,129.6200,1.2096,2164,0,ok
1,64,64,grid,bf16,132.1100,1.0526,382,0,ok
16,257,32,grid,bf16,133.7200,1.6627,1193,0,ok
384,4096,1536,grid,bf16,136.5800,15.5707,294143,0,ok
512,192,1024,grid,bf16,135.6200,2.4996,14303,0,ok
128,128,383,deepK,bf16,129.3700,1.3789,1529,0,ok
257,129,4096,grid,bf16,135.5300,4.3086,40895,0,ok
1954,224,15,random,bf16,131.4300,2.1116,4671,0,ok
129,2048,2048,grid,bf16,129.0700,9.3157,130815,0,ok
3085,17,13,random,bf16,130.6600,1.8854,3466,0,ok
1024,16,512,grid,bf16,129.2500,2.1601,5623,0,ok
257,256,1,grid,bf16,135.0800,0.5249,1277,0,ok
714,1597,5,random,bf16,130.1100,2.3012,14247,0,ok
8,4,256,grid,bf16,128.9200,1.0132,779,0,ok
8319,1,1,tall,bf16,128.8500,1.6398,8700,0,ok
1,2,4,grid,bf16,131.0300,0.4680,382,0,ok
5,6,8,random,bf16,130.9800,1.1157,386,0,ok
1536,384,2048,grid,bf16,140.4400,9.3798,92063,0,ok
8,8192,8,fat,bf16,130.4000,1.7955,24959,0,ok
92,494,3,random,bf16,129.8100,1.1445,1895,0,ok
64,192,512,grid,bf16,152.8900,1.4138,3567,0,ok
257,64,16,grid,bf16,131.9300,1.7500,638,0,ok
256,257,32,grid,bf16,131.5200,1.2242,1913,0,ok
3641,4177,2468,random,bf16,252.3700,136.1106,2655179,0,ok
1825,55,677,random,bf16,131.2100,3.5244,13241,0,ok
32,768,16,grid,bf16,130.8400,1.7667,2483,0,ok
128,768,768,grid,bf16,131.3400,2.5938,18359,0,ok
1,23,329,random,bf16,130.0200,1.1208,1148,0,ok
32,4096,128,grid,bf16,132.6200,2.6876,13247,0,ok
64,64,8200,deepK,bf16,129.0000,2.9399,28989,0,ok
32,16,256,grid,bf16,131.1600,1.6415,827,0,ok
128,2049,128,fat,bf16,132.3700,2.0022,8669,0,ok
2048,128,512,grid,bf16,132.1200,3.3291,9719,0,ok
384,384,129,grid,bf16,133.8400,1.5224,4595,0,ok
256,4096,128,grid,bf16,131.7400,2.7331,20415,0,ok
1536,16,256,grid,bf16,129.5300,2.5153,3835,0,ok
239,1,4656,random,bf16,128.9100,3.8567,22976,0,ok
4,1,16,grid,bf16,131.4100,0.4709,385,0,ok
4442,2336,593,random,bf16,154.3800,29.7830,458279,0,ok
8,8,383,deepK,bf16,128.4500,1.6282,1169,0,ok
512,257,384,grid,bf16,130.7500,1.7968,8045,0,ok
639,256,256,tall,bf16,130.9100,1.6826,4083,0,ok
1,8192,1,fat,bf16,130.0600,1.6284,24511,0,ok
8,129,4096,grid,bf16,128.5000,2.2915,24959,0,ok
4096,512,129,grid,bf16,133.0600,3.7234,35823,0,ok
8,264,8,fat,bf16,125.0600,1.0940,1169,0,ok
32,512,8,grid,bf16,125.8200,1.1070,1655,0,ok
128,384,4,grid,bf16,124.8200,1.1986,1529,0,ok
257,2,384,grid,bf16,126.3900,1.2987,1916,0,ok
2,1,768,grid,bf16,126.1300,1.0910,2303,0,ok
8,4096,384,grid,bf16,129.5800,3.8213,37439,0,ok
384,2048,32,grid,bf16,133.8100,1.9001,12255,0,ok
26,281,18,random,bf16,125.9700,1.7489,1223,0,ok
765,168,2931,random,bf16,131.7200,6.0050,52761,0,ok
768,1,4096,grid,bf16,129.9700,7.4503,36799,0,ok
192,32,192,grid,bf16,128.3800,1.2208,1147,0,ok
1,4,2048,grid,bf16,128.6000,1.1518,6127,0,ok
87,5077,98,random,bf16,131.5900,2.3343,18759,0,ok
4,183,2,random,bf16,126.5100,0.4995,771,0,ok
1024,512,129,grid,bf16,156.8100,1.8942,11247,0,ok
1,1032,16,gemv_wideN,bf16,130.2300,1.1013,3446,0,ok
257,512,4096,grid,bf16,133.9000,6.9207,81791,0,ok
4,6788,2,random,bf16,125.4400,1.2258,20843,0,ok
1,1,320,deepK,bf16,127.2800,1.9777,1148,0,ok
8,185,1,random,bf16,126.5400,0.4136,779,0,ok
128,1120,128,fat,bf16,130.6100,1.5582,4589,0,ok
384,129,192,grid,bf16,127.0300,1.3778,3063,0,ok
128,8,1,grid,bf16,127.4300,0.4064,509,0,ok
192,1024,8,grid,bf16,128.9300,1.7879,4591,0,ok
64,512,1,grid,bf16,127.9400,0.4482,1783,0,ok
2983,452,1,random,bf16,132.3000,4.2559,13459,0,ok
512,8,129,grid,bf16,131.4100,1.7917,1787,0,ok
42,102,293,random,bf16,125.4700,1.2493,1271,0,ok
96,1024,4096,grid,bf16,132.1400,9.2313,122367,0,ok
96,2,2,grid,bf16,124.7900,0.5074,477,0,ok
1536,256,32,grid,bf16,129.0300,1.4797,3835,0,ok
257,257,32,grid,bf16,129.0000,1.3021,1916,0,ok
768,1024,1536,grid,bf16,135.4600,7.9837,110399,0,ok
2231,5,56,random,bf16,124.8500,1.4091,2612,0,ok
1,4,768,grid,bf16,123.9900,1.0948,2297,0,ok
2048,1024,4,grid,bf16,133.9800,2.7955,19439,0,ok
8,1,4096,grid,bf16,129.8700,1.8387,12479,0,ok
8,16,257,grid,bf16,127.3400,1.6316,1169,0,ok
96,127,192,grid,bf16,126.6600,1.2139,955,0,ok
4096,384,96,grid,bf16,133.4700,2.9795,13433,0,ok
256,545,64,wide_output,bf16,129.2200,1.3047,3189,0,ok
768,128,1,grid,bf16,129.4300,1.1883,1149,0,ok
383,128,128,tall,bf16,126.6100,1.2977,764,0,ok
16,2056,64,wide_output,bf16,126.3900,2.0162,6765,0,ok
64,1536,129,grid,bf16,129.8800,1.5921,10703,0,ok
2048,8,128,grid,bf16,127.5700,1.6375,2429,0,ok
2566,2,3556,random,bf16,135.7700,16.3112,82543,0,ok
1450,36,4920,random,bf16,136.0300,13.7448,71447,0,ok
4096,512,32,grid,bf16,135.5600,3.0468,17911,0,ok
127,129,1024,grid,bf16,129.1000,1.6441,8143,0,ok
802,6,14,random,bf16,130.1600,1.0932,1183,0,ok
256,127,512,grid,bf16,128.6300,1.5513,2551,0,ok
1536,1024,384,grid,bf16,135.2500,4.6625,46031,0,ok
16,2,1,grid,bf16,127.5700,0.4062,397,0,ok
1536,96,128,grid,bf16,129.2100,1.6154,1917,0,ok
320,128,128,tall,bf16,128.3790,1.2413,701,0,ok
768,384,128,grid,bf16,130.7900,1.6241,3449,0,ok
768,384,1536,grid,bf16,134.6300,4.6187,41399,0,ok
22,2375,756,random,bf16,156.4400,4.7607,46055,0,ok
1,512,16,gemv_wideN,bf16,129.2500,1.0520,1531,0,ok
32,128,256,grid,bf16,127.2400,1.1608,827,0,ok
1,128,512,grid,bf16,129.0700,1.3071,1531,0,ok
1,2049,16,gemv_wideN,bf16,131.4200,1.1650,6510,0,ok
192,1536,32,grid,bf16,131.8600,1.3960,6887,0,ok
2048,127,257,grid,bf16,134.6000,2.4310,7289,0,ok
128,8,2,grid,bf16,125.4900,0.5149,509,0,ok
4,64,16,grid,bf16,128.1400,1.0419,385,0,ok
1536,2,384,grid,bf16,127.8500,2.2794,5753,0,ok
129,256,256,grid,bf16,130.7800,1.3786,2043,0,ok
1024,16,64,grid,bf16,125.9500,1.7894,1405,0,ok
32,4,2,grid,bf16,129.8200,0.5024,413,0,ok
257,16,96,grid,bf16,126.0100,1.7518,638,0,ok
257,1024,257,grid,bf16,133.2100,2.0459,15335,0,ok
256,512,257,grid,bf16,132.6900,1.6295,7655,0,ok
1,512,1536,grid,bf16,132.4400,3.2561,18383,0,ok
156,1299,2,random,bf16,130.7300,1.2929,5917,0,ok
257,8,2,grid,bf16,125.3300,0.5171,638,0,ok
37,21,38,random,bf16,126.9800,1.6225,418,0,ok
256,384,257,grid,bf16,130.0400,1.5773,5741,0,ok
64,64,4160,deepK,bf16,129.1400,2.0748,14717,0,ok
1,41,2,random,bf16,129.8600,0.4373,382,0,ok
127,512,192,grid,bf16,128.0000,1.4754,4071,0,ok
192,512,96,grid,bf16,132.2300,1.2897,2295,0,ok
32,96,4,grid,bf16,127.8800,1.0550,413,0,ok
72,1217,564,random,bf16,130.0600,2.5456,22699,0,ok
128,8,1024,grid,bf16,126.4600,1.4335,4079,0,ok
1024,8,192,grid,bf16,127.2500,2.0634,2811,0,ok
96,129,257,grid,bf16,127.5900,1.2905,2867,0,ok
256,4,1,grid,bf16,126.5100,0.4326,637,0,ok
16,768,4096,grid,bf16,132.6000,6.6949,76415,0,ok
129,384,16,grid,bf16,128.0000,1.7970,1532,0,ok
7,5847,126,random,bf16,129.6200,2.6107,17893,0,ok
768,64,1024,grid,bf16,130.3900,2.7651,9199,0,ok
46,38,38,random,bf16,126.5300,1.6862,427,0,ok
96,257,128,grid,bf16,124.4500,1.2539,1433,0,ok
2,257,384,grid,bf16,127.9990,1.3515,3455,0,ok
192,1536,129,grid,bf16,131.9100,1.7488,13775,0,ok
1,520,16,gemv_wideN,bf16,127.5700,1.0991,1914,0,ok
512,8,512,grid,bf16,128.3600,2.2694,3575,0,ok
1,257,256,grid,bf16,127.9300,1.2901,2297,0,ok
127,8,4,grid,bf16,129.2500,1.0421,508,0,ok
2048,4096,16,grid,bf16,139.9000,7.9258,77759,0,ok
21,3,2850,random,bf16,124.4100,1.3014,9268,0,ok
1,768,2,random,bf16,130.3300,1.0426,2297,0,ok
8288,128,128,tall,bf16,134.2700,3.8053,8669,0,ok
1024,384,384,grid,bf16,132.2800,2.4480,12653,0,ok
7,804,7168,random,bf16,134.5800,12.3662,152487,0,ok
129,257,384,grid,bf16,128.5400,1.5283,4598,0,ok
1024,192,32,grid,bf16,129.1200,1.2972,2811,0,ok
3258,5021,1406,random,bf16,196.4700,87.0684,1601599,0,ok
3,3,3676,random,bf16,129.5800,1.1659,11164,0,ok
384,127,96,grid,bf16,128.3600,1.3199,765,0,ok
128,576,128,fat,bf16,128.7800,1.3446,2549,0,ok
2,32,129,grid,bf16,127.5900,1.0961,767,0,ok
1501,280,2246,random,bf16,135.3400,9.1832,101681,0,ok
4096,64,1024,grid,bf16,131.7100,9.4117,35823,0,ok
768,768,384,grid,bf16,133.2000,2.7871,20699,0,ok
8,129,2,grid,bf16,124.9200,0.5101,779,0,ok
2048,16,16,tall,bf16,127.7200,1.7820,2429,0,ok
16,4223,64,wide_output,bf16,126.6100,2.2724,13133,0,ok
8,384,768,grid,bf16,125.9300,1.7187,7019,0,ok
16,1024,192,grid,bf16,125.7900,2.1408,6367,0,ok
64,1536,768,grid,bf16,130.2000,3.2842,32111,0,ok
2,64,4,grid,bf16,124.5700,0.4311,383,0,ok
7,5,17,random,bf16,126.8800,0.9991,388,0,ok
1024,512,128,grid,bf16,130.3800,1.8831,5623,0,ok
744,310,3350,random,bf16,133.9200,8.1901,91205,0,ok
512,1,2048,grid,bf16,129.5500,3.6359,14303,0,ok
4,2048,192,grid,bf16,128.7100,2.3621,12351,0,ok
196,324,1,random,bf16,126.9300,0.5031,1733,0,ok
1,1,1120,deepK,bf16,128.6100,1.9988,3446,0,ok
2048,4,1024,grid,bf16,130.9000,5.1927,19439,0,ok
127,257,1024,grid,bf16,130.7000,1.9400,12215,0,ok
128,127,2,grid,bf16,128.6100,0.5759,509,0,ok
4,127,2,grid,bf16,129.6000,0.5028,385,0,ok
257,257,4,grid,bf16,128.9500,1.2566,1916,0,ok
1,1024,96,grid,bf16,130.9590,1.3125,3063,0,ok
129,1536,192,grid,bf16,131.7400,1.7648,12263,0,ok
768,2048,1,grid,bf16,131.7700,2.9553,18399,0,ok
256,512,96,grid,bf16,129.5300,1.3772,2551,0,ok
256,768,4,grid,bf16,130.2500,1.2467,3827,0,ok
32,8,128,grid,bf16,125.9900,1.0471,413,0,ok
128,127,127,grid,bf16,127.7200,1.2276,509,0,ok
1,5,96,random,bf16,129.2500,0.4528,382,0,ok
127,127,16,grid,bf16,126.0200,1.1317,508,0,ok
1536,1024,127,grid,bf16,131.3700,2.8221,15343,0,ok
64,1536,8,grid,bf16,127.8000,1.7933,5351,0,ok
513,8,8,tall,bf16,125.5500,1.0999,894,0,ok
8,512,4,grid,bf16,126.2400,1.1053,1559,0,ok
64,96,4,grid,bf16,127.5300,1.1113,445,0,ok
8288,1,1,tall,bf16,133.3390,1.6482,8669,0,ok
5,8,2,random,bf16,129.4200,0.5201,386,0,ok
1481,3393,16,random,bf16,141.2600,5.9007,50300,0,ok
129,64,257,grid,bf16,132.2300,1.3113,1532,0,ok
16,16,4223,deepK,bf16,132.1000,1.4130,13133,0,ok
4,1024,257,grid,bf16,130.5900,2.3024,9263,0,ok
128,289,64,wide_output,bf16,132.3000,1.3124,1529,0,ok
768,1,1536,grid,bf16,129.7100,3.8538,13799,0,ok
96,2,32,grid,bf16,132.0800,1.0439,477,0,ok
1,4223,128,gemv_wideN,bf16,126.3500,2.2115,12638,0,ok
1,8256,64,wide_output,bf16,131.3000,2.2736,24894,0,ok
64,1024,127,grid,bf16,126.6500,1.4049,3567,0,ok
569,556,2,random,bf16,126.1200,1.3731,4754,0,ok
16,192,129,grid,bf16,126.9800,1.7155,1591,0,ok
4096,256,1024,grid,bf16,136.7200,10.0802,71647,0,ok
1,1088,8,gemv_wideN,bf16,125.8200,1.0988,3446,0,ok
16,2048,256,grid,bf16,127.7700,2.6669,12735,0,ok
1915,836,77,random,bf16,132.8600,2.9094,16078,0,ok
1,4192,8,gemv_wideN,bf16,127.6600,1.1590,12638,0,ok
512,32,16,grid,bf16,131.9700,1.7291,893,0,ok
192,384,256,grid,bf16,134.7200,1.4782,3443,0,ok
1,129,512,grid,bf16,133.8200,1.3147,3063,0,ok
2048,4096,8,grid,bf16,139.7100,7.9181,77759,0,ok
8,1,4,grid,bf16,132.4300,0.4398,389,0,ok
512,96,129,grid,bf16,137.3700,1.3683,1787,0,ok
1,4096,4096,grid,bf16,151.5300,31.6445,392191,0,ok
256,2048,2,grid,bf16,129.0600,1.5081,10207,0,ok
257,4096,4,grid,bf16,131.0800,1.9961,20447,0,ok
96,192,8,grid,bf16,132.8100,1.1980,955,0,ok
1,96,16,grid,bf16,131.9500,1.0204,382,0,ok
64,32,128,grid,bf16,129.8900,1.6438,445,0,ok
8,16,129,grid,bf16,131.7000,1.6392,779,0,ok
768,64,512,grid,bf16,129.3400,1.9798,4599,0,ok
96,1,1024,grid,bf16,132.1300,1.9015,3823,0,ok
5210,186,58,random,bf16,129.4800,2.5986,11183,0,ok
16,192,192,grid,bf16,131.7200,1.8017,1591,0,ok
620,2213,21,random,bf16,131.9100,2.7073,18035,0,ok
666,1,4147,random,bf16,137.5200,6.8733,34583,0,ok
768,16,16,grid,bf16,130.3600,1.7561,1149,0,ok
129,1,129,grid,bf16,130.4300,1.1974,1021,0,ok
96,1,16,grid,bf16,132.6200,1.0228,477,0,ok
17,1358,5,random,bf16,131.1200,1.7606,4388,0,ok
64,128,192,grid,bf16,135.5700,1.2284,891,0,ok
1,608,1,fat,bf16,129.2800,1.4569,1914,0,ok
16,4,8,grid,bf16,132.7700,1.0260,397,0,ok
1,4104,8,gemv_wideN,bf16,131.3300,1.1997,12638,0,ok
1502,1,7540,random,bf16,148.2100,22.0974,111155,0,ok
43,1242,2,random,bf16,128.0200,1.1943,4249,0,ok
64,129,256,grid,bf16,124.9600,1.2181,1783,0,ok
7028,4,39,random,bf16,126.8400,1.6500,7409,0,ok
4096,16,257,grid,bf16,129.9200,3.0049,13433,0,ok
384,257,4096,grid,bf16,133.9300,6.2643,73535,0,ok
4,1536,4096,grid,bf16,135.4700,12.0373,148223,0,ok
4096,96,192,grid,bf16,133.2800,2.6227,8955,0,ok
2,32,4096,grid,bf16,125.9400,1.4182,12287,0,ok
64,127,1024,grid,bf16,126.2000,1.5344,3567,0,ok
256,8193,256,fat,bf16,138.1900,6.2141,82939,0,ok
192,64,8,grid,bf16,125.3200,1.1023,573,0,ok
192,1024,1,grid,bf16,135.4700,1.1099,4591,0,ok
697,5801,22,random,bf16,139.1000,4.4405,49633,0,ok
8,20,86,random,bf16,127.2600,1.0681,389,0,ok
545,256,256,tall,bf16,132.2600,1.5995,3707,0,ok
257,64,512,grid,bf16,130.2300,1.4925,2555,0,ok
1024,1024,32,grid,bf16,135.5700,2.0554,11247,0,ok
1,16,192,grid,bf16,131.0600,1.1077,765,0,ok
64,64,1025,deepK,bf16,129.3800,1.4241,4013,0,ok
129,256,127,grid,bf16,128.9700,1.2390,1021,0,ok
192,257,32,grid,bf16,130.0400,1.2317,1721,0,ok
4096,1024,32,grid,bf16,138.8400,4.6960,35823,0,ok
384,96,2,grid,bf16,134.6400,0.6065,765,0,ok
256,256,8225,deepK,bf16,138.4200,8.5471,82939,0,ok
1,256,1024,grid,bf16,139.5300,2.2881,6127,0,ok
407,27,5906,random,bf16,138.8400,6.2084,37082,0,ok
3,920,20,random,bf16,127.2300,1.1162,3079,0,ok
2048,4096,1536,grid,bf16,164.9700,39.0138,933119,0,ok
1536,256,768,grid,bf16,136.4000,3.8324,23015,0,ok
4,512,1536,grid,bf16,131.6700,2.5028,18527,0,ok
1536,32,32,grid,bf16,132.2600,1.8463,1917,0,ok
384,768,192,grid,bf16,134.1200,1.8373,9191,0,ok
96,127,256,grid,bf16,131.2500,1.2475,955,0,ok
127,128,256,grid,bf16,128.3600,1.3159,1017,0,ok
16,576,64,wide_output,bf16,134.7300,1.8036,1989,0,ok
4,512,192,grid,bf16,133.4700,1.8961,3087,0,ok
16,768,129,grid,bf16,135.1200,1.9047,4775,0,ok
4223,4096,64,thinK,bf16,160.0300,16.9791,147359,0,ok
1024,1,128,grid,bf16,138.3900,1.4595,1405,0,ok
257,768,1536,grid,bf16,137.9700,4.1533,46007,0,ok
192,1536,768,grid,bf16,132.6800,3.6217,41327,0,ok
16,1,128,grid,bf16,128.5700,1.0396,397,0,ok
4,1024,192,grid,bf16,128.4800,2.0266,6175,0,ok
2,16,96,grid,bf16,126.8500,1.0382,383,0,ok
256,16,2,grid,bf16,128.5200,0.5075,637,0,ok
8,477,2361,random,bf16,132.7900,3.4233,29639,0,ok
8,4,192,grid,bf16,128.6300,1.0413,779,0,ok
127,1024,256,grid,bf16,130.4500,1.8202,8143,0,ok
4,280,453,random,bf16,128.7000,1.9912,4631,0,ok
1,256,64,wide_output,bf16,129.9500,1.1091,765,0,ok
512,129,512,grid,bf16,129.5700,1.8254,7151,0,ok
381,801,104,random,bf16,130.7600,1.6927,5340,0,ok
96,4096,4096,grid,bf16,137.1300,32.3431,489471,0,ok
64,1025,64,fat,bf16,132.7600,1.3024,4013,0,ok
247,72,8,random,bf16,130.3900,1.1047,628,0,ok
1707,3391,120,random,bf16,137.8800,6.7620,56402,0,ok
1,64,4,grid,bf16,132.0600,0.4347,382,0,ok
4,1536,2048,grid,bf16,134.4400,6.5404,74111,0,ok
8,217,55,random,bf16,130.7500,1.6267,779,0,ok
320,256,64,thinK,bf16,130.3700,1.2972,1403,0,ok
35,90,26,random,bf16,131.4000,1.6284,416,0,ok
192,32,129,grid,bf16,128.2200,1.1417,1147,0,ok
512,32,4096,grid,bf16,132.8600,5.3588,28607,0,ok
127,1,1,grid,bf16,132.3000,0.9397,508,0,ok
2048,384,384,grid,bf16,138.5200,3.6222,21869,0,ok
64,1024,512,grid,bf16,132.7700,2.1621,14271,0,ok
768,128,256,grid,bf16,130.0800,1.6375,2299,0,ok
64,64,383,deepK,bf16,129.1700,1.2302,1337,0,ok
256,129,1,grid,bf16,131.4900,1.0322,1275,0,ok
1,8200,1,fat,bf16,131.1500,1.6223,24894,0,ok
4096,192,384,grid,bf16,131.5800,4.6397,26867,0,ok
16,96,1536,grid,bf16,130.3000,1.4454,4775,0,ok
32,1024,256,grid,bf16,130.4100,1.6216,6623,0,ok
695,3110,4,random,bf16,134.2000,3.2958,26924,0,ok
256,8256,64,wide_output,bf16,136.5600,3.5173,41469,0,ok
1024,64,32,grid,bf16,131.7500,1.8353,1405,0,ok
768,128,768,grid,bf16,132.2700,2.5123,6899,0,ok
16,264,64,wide_output,bf16,127.0100,1.7078,1193,0,ok
96,257,1536,grid,bf16,133.0300,2.2776,17207,0,ok
257,257,1,grid,bf16,127.7000,1.0941,1916,0,ok
1536,127,16,grid,bf16,131.3900,1.8987,1917,0,ok
1024,512,1,grid,bf16,133.4300,1.4393,5623,0,ok
512,1536,1,grid,bf16,135.3700,2.2821,10727,0,ok
1025,16,16,tall,bf16,131.0300,1.7558,1406,0,ok
4,96,96,grid,bf16,126.8000,1.0994,385,0,ok
1299,56,36,random,bf16,130.5900,1.8914,1680,0,ok
128,768,256,grid,bf16,131.0900,1.6666,6119,0,ok
256,127,1,grid,bf16,128.4400,0.4993,637,0,ok
256,1024,128,grid,bf16,133.3700,1.5782,5103,0,ok
1536,2,257,grid,bf16,130.8100,1.8533,5753,0,ok
665,38,87,random,bf16,126.5800,1.8899,1046,0,ok
32,4096,8,grid,bf16,127.5300,1.8403,13247,0,ok
16,32,96,grid,bf16,128.1600,1.6228,397,0,ok
17,7,641,random,bf16,128.0500,1.1142,2393,0,ok
128,128,4097,deepK,bf16,134.6890,2.9516,16829,0,ok
8,256,768,grid,bf16,127.4400,1.4932,4679,0,ok
2,2048,384,grid,bf16,127.9500,2.5059,18431,0,ok
1024,257,64,grid,bf16,132.3200,1.4397,4217,0,ok
390,2,55,random,bf16,129.7300,1.1218,771,0,ok
4,32,128,grid,bf16,132.1700,1.0438,385,0,ok
1,64,1024,grid,bf16,132.3300,1.9175,3063,0,ok
16,512,2,grid,bf16,134.0800,0.5340,1591,0,ok
32,127,4096,grid,bf16,138.2000,2.3005,13247,0,ok
32,1,4096,grid,bf16,133.3600,2.0559,13247,0,ok
512,129,8,grid,bf16,134.7900,1.7630,1787,0,ok
256,1024,768,grid,bf16,141.5000,3.1474,30623,0,ok
129,1024,1536,grid,bf16,139.7100,4.3374,49055,0,ok
384,384,32,grid,bf16,137.2500,1.3116,2297,0,ok
256,96,16,grid,bf16,130.7800,1.7312,637,0,ok
129,2,2,grid,bf16,133.3300,0.5249,510,0,ok
59,193,10,random,bf16,131.5700,1.7141,881,0,ok
1024,256,384,grid,bf16,139.9600,2.3005,8435,0,ok
12,6664,242,random,bf16,139.7600,4.1979,41763,0,ok
256,2049,64,wide_output,bf16,136.2300,1.7475,10845,0,ok
384,1024,128,grid,bf16,136.2800,1.7403,6127,0,ok
32,4096,384,grid,bf16,133.6000,3.9178,39743,0,ok
257,96,768,grid,bf16,135.5900,1.7172,3833,0,ok
3,329,126,random,bf16,132.0700,1.2029,1154,0,ok
128,2056,128,fat,bf16,137.5500,2.0129,8669,0,ok
64,256,512,grid,bf16,134.7300,1.4506,3567,0,ok
96,96,384,grid,bf16,132.9100,1.3062,1433,0,ok
32,512,96,grid,bf16,130.8000,1.8215,1655,0,ok
4,256,1024,grid,bf16,130.2000,2.2787,6175,0,ok
16,64,1536,grid,bf16,129.9000,1.3659,4775,0,ok
192,257,768,grid,bf16,136.6000,1.8311,10331,0,ok
17,2416,97,random,bf16,133.4700,2.2912,7580,0,ok
4096,1536,16,grid,bf16,141.3000,5.9872,53735,0,ok
2048,1536,127,grid,bf16,142.5500,4.2806,29159,0,ok
127,768,4096,grid,bf16,140.3400,8.2557,97727,0,ok
257,128,4,grid,bf16,131.9300,1.1771,638,0,ok
128,545,128,fat,bf16,133.5600,1.4149,2549,0,ok
2,16,256,grid,bf16,131.6800,1.0563,767,0,ok
4223,16,16,tall,bf16,131.3000,1.9011,4604,0,ok
128,8319,128,fat,bf16,142.8400,3.9318,33149,0,ok
16,16,576,deepK,bf16,132.5000,1.1302,1989,0,ok
128,128,2081,deepK,bf16,132.9900,2.1347,8669,0,ok
8,2,192,grid,bf16,130.0300,1.0536,779,0,ok
2,2048,192,grid,bf16,131.0200,1.8235,12287,0,ok
16,2048,64,grid,bf16,133.5000,1.9583,6367,0,ok
2,77,21,random,bf16,132.4200,1.0485,383,0,ok
1057,1024,64,thinK,bf16,133.0900,2.2995,11511,0,ok
4,32,4,grid,bf16,133.0100,0.9836,385,0,ok
128,8256,128,fat,bf16,141.7900,3.8149,33149,0,ok
129,768,1024,grid,bf16,136.7600,2.7908,24527,0,ok
7251,152,59,random,bf16,138.2400,2.9535,15265,0,ok
128,128,520,deepK,bf16,133.2300,1.4627,2549,0,ok
1,1536,8,grid,bf16,136.5500,1.1207,4595,0,ok
128,4129,128,fat,bf16,140.9300,2.8489,16829,0,ok
192,1024,257,grid,bf16,137.5400,1.9283,13775,0,ok
1523,6,11,random,bf16,131.6700,1.1096,1904,0,ok
1,4,1536,grid,bf16,133.9100,1.1096,4595,0,ok
2,3,347,random,bf16,132.3000,1.0414,1151,0,ok
257,16,16,tall,bf16,131.8900,1.6458,638,0,ok
64,64,1,grid,bf16,134.4000,0.4523,445,0,ok
1,1057,64,wide_output,bf16,132.6000,1.2822,3446,0,ok
16,1536,96,grid,bf16,131.6500,2.0062,4775,0,ok
1024,257,1024,grid,bf16,135.0300,3.6187,33743,0,ok
96,1,257,grid,bf16,134.0300,1.1684,1433,0,ok
192,96,128,grid,bf16,132.2700,1.2354,573,0,ok
1122,541,44,random,bf16,140.3800,1.8214,7519,0,ok
127,128,257,grid,bf16,133.1400,1.3363,1526,0,ok
256,128,16,grid,bf16,134.0400,1.7441,637,0,ok
64,96,129,grid,bf16,142.5000,1.1976,891,0,ok
64,4,257,grid,bf16,134.8600,1.6532,1337,0,ok
4096,768,257,grid,bf16,141.2200,7.4491,80603,0,ok
20,320,122,random,bf16,133.7800,1.7970,1205,0,ok
13,4,1934,random,bf16,132.9700,1.2164,6319,0,ok
8,4096,1024,grid,bf16,135.1400,8.3798,99839,0,ok
96,2,768,grid,bf16,133.3500,1.8975,2867,0,ok
256,256,2049,deepK,bf16,140.4590,3.0619,21691,0,ok
16,4,384,grid,bf16,133.7900,1.6359,1193,0,ok
2,64,96,grid,bf16,133.6500,1.0853,383,0,ok
101,7303,2351,random,bf16,141.1400,33.3061,532265,0,ok
8,8192,64,wide_output,bf16,133.6800,2.6537,24959,0,ok
1,1057,16,gemv_wideN,bf16,137.3600,1.1178,3446,0,ok
256,256,264,deepK,bf16,135.6500,1.5336,3827,0,ok
1,289,1,fat,bf16,133.6700,0.9112,1148,0,ok
24,39,725,random,bf16,135.6800,1.2034,2435,0,ok
64,768,32,grid,bf16,132.7700,1.8040,2675,0,ok
129,256,129,grid,bf16,135.2600,1.2780,2043,0,ok
256,1024,384,grid,bf16,140.6400,2.2952,15311,0,ok
64,384,4096,grid,bf16,138.6300,4.2907,42815,0,ok
64,256,96,grid,bf16,132.8600,1.1742,891,0,ok
2,129,16,grid,bf16,134.1300,1.0712,767,0,ok
4097,4096,64,thinK,bf16,155.8200,15.0985,143327,0,ok
3,1,4,random,bf16,135.6600,0.5104,384,0,ok
4096,8,64,grid,bf16,132.6100,1.6013,4477,0,ok
80,14,4779,random,bf16,137.5500,2.0313,17555,0,ok
9,13,760,random,bf16,134.0200,1.1196,2345,0,ok
129,129,128,grid,bf16,134.1400,1.2341,1021,0,ok
2397,2536,4117,random,bf16,214.1300,85.1947,1834139,0,ok
257,127,32,grid,bf16,133.8200,1.8177,638,0,ok
127,1536,64,grid,bf16,133.3900,1.5330,6107,0,ok
384,768,256,grid,bf16,134.6700,1.9593,9191,0,ok
16,127,96,grid,bf16,132.8700,1.6547,397,0,ok
768,384,192,grid,bf16,131.4100,1.6983,6899,0,ok
128,768,1,grid,bf16,135.1200,1.0698,3059,0,ok
1,8192,64,wide_output,bf16,136.9000,2.2444,24511,0,ok
4,4096,1536,grid,bf16,139.4200,12.1122,148223,0,ok
2016,925,44,random,bf16,134.9500,2.8963,19183,0,ok
576,12,1500,random,bf16,136.2700,2.9047,11495,0,ok
6794,2,592,random,bf16,136.7600,7.9133,35879,0,ok
1,1,2112,deepK,bf16,135.2100,2.1183,6510,0,ok
96,32,1536,grid,bf16,133.5200,1.5345,5735,0,ok
8,20,30,random,bf16,134.2100,1.0708,389,0,ok
1,2081,8,gemv_wideN,bf16,134.9800,1.1253,6510,0,ok
1,1032,64,wide_output,bf16,138.0000,1.2512,3446,0,ok
1,1024,256,grid,bf16,131.4200,1.6633,6127,0,ok
32,16,257,grid,bf16,132.8600,1.1172,1241,0,ok
71,110,1,random,bf16,132.6200,0.4317,452,0,ok
16,16,2112,deepK,bf16,131.6100,1.2494,6765,0,ok
4096,4,256,grid,bf16,135.8500,3.1553,8955,0,ok
1024,64,257,grid,bf16,137.5500,1.7166,4217,0,ok
23,8,2635,random,bf16,134.3300,1.3229,8504,0,ok
192,384,2,grid,bf16,131.5600,0.6159,1721,0,ok
129,192,64,grid,bf16,137.6100,1.2400,1021,0,ok
313,31,184,random,bf16,135.2300,1.3095,1389,0,ok
128,1088,64,wide_output,bf16,134.3900,1.4594,4589,0,ok
5868,1718,23,random,bf16,148.0800,11.4302,87499,0,ok
512,4096,384,grid,bf16,162.6600,6.5150,85823,0,ok
4096,384,1024,grid,bf16,143.6900,9.4775,107471,0,ok
256,127,384,grid,bf16,136.0000,1.4719,1913,0,ok
1024,2,129,grid,bf16,133.8300,1.3710,2811,0,ok
512,127,192,grid,bf16,134.7700,1.4162,1787,0,ok
1,2144,1,fat,bf16,133.0300,1.5169,6510,0,ok
129,384,129,grid,bf16,136.5400,1.3356,3065,0,ok
128,128,320,deepK,bf16,133.6300,1.3267,1529,0,ok
96,127,128,grid,bf16,131.9300,1.1779,477,0,ok
32,4096,2,grid,bf16,136.4500,1.2449,13247,0,ok
256,64,2,grid,bf16,134.1100,0.5573,637,0,ok
1024,96,1,grid,bf16,138.3800,1.2420,1405,0,ok
2,129,768,grid,bf16,134.1400,1.9155,4607,0,ok
384,2048,128,grid,bf16,141.2900,2.2998,12255,0,ok
61,351,2,random,bf16,133.6600,0.5849,1328,0,ok
384,1024,2048,grid,bf16,138.8100,7.9546,98047,0,ok
16,520,16,fat,bf16,137.1600,1.6523,1989,0,ok
8,257,129,grid,bf16,130.9600,1.8049,2339,0,ok
768,192,1536,grid,bf16,141.2900,3.9012,27599,0,ok
512,256,1536,grid,bf16,139.2400,3.2738,21455,0,ok
1,4096,127,grid,bf16,138.9700,2.1985,12255,0,ok
96,1536,16,grid,bf16,133.3700,1.8333,5735,0,ok
5437,159,14,random,bf16,139.7500,2.0987,11637,0,ok
2048,1536,257,grid,bf16,140.6400,6.9979,87479,0,ok
4096,32,8,grid,bf16,132.9700,1.3137,4477,0,ok
16,608,64,wide_output,bf16,134.2200,1.7425,1989,0,ok
1,384,384,grid,bf16,133.3300,1.4274,3446,0,ok
127,256,128,grid,bf16,134.5600,1.3219,1017,0,ok
1,2048,64,grid,bf16,130.4000,1.3617,6127,0,ok
1536,129,4,grid,bf16,136.5300,1.2627,3835,0,ok
384,1,1,grid,bf16,133.6400,0.9930,765,0,ok
14,274,271,random,bf16,133.7600,1.3438,3563,0,ok
128,8193,64,wide_output,bf16,133.6400,3.7505,33149,0,ok
10,126,85,random,bf16,136.0700,1.6468,391,0,ok
2175,16,16,tall,bf16,132.9100,1.8110,2556,0,ok
8200,16,16,tall,bf16,133.9500,2.0825,8581,0,ok
127,257,129,grid,bf16,132.9900,1.3689,3053,0,ok
192,512,2,grid,bf16,134.6300,1.1479,2295,0,ok
128,608,64,wide_output,bf16,134.5600,1.3175,2549,0,ok
127,256,4096,grid,bf16,136.6900,4.0260,32575,0,ok
96,32,96,grid,bf16,133.0700,1.6501,477,0,ok
129,4,2048,grid,bf16,132.4800,1.7084,8175,0,ok
8,2175,64,wide_output,bf16,131.2900,1.9236,6629,0,ok
16,4,32,grid,bf16,134.4400,1.0589,397,0,ok
4,257,128,grid,bf16,135.0700,1.1676,1157,0,ok
64,129,32,grid,bf16,132.8800,1.7205,891,0,ok
256,256,1120,deepK,bf16,140.8400,2.2427,11483,0,ok
6,1273,30,random,bf16,135.0900,1.7398,3879,0,ok
1024,129,512,grid,bf16,136.2700,2.3162,11247,0,ok
129,32,64,grid,bf16,133.3300,1.6523,510,0,ok
7,2,3495,random,bf16,132.5300,1.1591,10891,0,ok
128,2112,64,wide_output,bf16,138.9400,1.6653,8669,0,ok
768,2048,384,grid,bf16,143.0000,4.7195,55199,0,ok
512,4096,16,grid,bf16,132.5700,2.8068,28607,0,ok
1536,512,1,grid,bf16,131.8200,2.3111,7671,0,ok
64,2048,4,grid,bf16,131.7300,1.2236,7135,0,ok
8,128,257,grid,bf16,133.5400,1.7599,1169,0,ok
127,128,64,grid,bf16,133.3400,1.2080,508,0,ok
8193,256,256,tall,bf16,138.8100,5.7459,34299,0,ok
1024,768,512,grid,bf16,137.4000,3.6258,33743,0,ok
129,1024,32,grid,bf16,134.0000,1.3194,4087,0,ok
128,2048,768,grid,bf16,139.2000,4.7973,48959,0,ok
3,48,1,random,bf16,130.3200,0.4131,384,0,ok
8,8288,8,fat,bf16,131.1000,1.8050,25349,0,ok
4096,192,32,grid,bf16,129.4900,1.9422,8955,0,ok
257,2048,128,grid,bf16,133.1100,1.9516,10223,0,ok
4,4515,6,random,bf16,130.8200,1.1821,13895,0,ok
16,256,4,grid,bf16,130.2300,1.0512,795,0,ok
4096,2048,1024,grid,bf16,153.5900,35.9437,573183,0,ok
45,3214,125,random,bf16,131.4000,2.0409,11101,0,ok
2564,4538,18,random,bf16,148.5700,10.3091,106055,0,ok
512,384,128,grid,bf16,130.8900,1.4961,2681,0,ok
32,96,96,grid,bf16,130.6000,1.6439,413,0,ok
1,1,2081,deepK,bf16,130.7300,2.0729,6510,0,ok
512,1,4,grid,bf16,130.2300,1.0182,893,0,ok
4,8,2048,grid,bf16,134.2700,1.1682,6175,0,ok
3244,51,56,random,bf16,130.9400,1.6373,3625,0,ok
96,768,8,grid,bf16,129.9200,1.7728,2867,0,ok
1,2,39,random,bf16,132.6600,0.4766,382,0,ok
127,1024,96,grid,bf16,133.4700,1.4932,4071,0,ok
768,16,129,grid,bf16,131.9300,1.9129,2299,0,ok
768,1536,512,grid,bf16,134.4200,4.2874,55199,0,ok
4096,4,128,grid,bf16,132.4300,2.2112,4477,0,ok
768,2048,16,grid,bf16,129.9600,2.4031,18399,0,ok
1,8256,16,gemv_wideN,bf16,132.0600,1.4814,24894,0,ok
256,256,8319,deepK,bf16,141.2500,8.4868,82939,0,ok
1,8,1,grid,bf16,129.5700,0.8930,382,0,ok
127,384,32,grid,bf16,130.0700,1.8037,1526,0,ok
180,230,225,random,bf16,130.1900,1.3766,2247,0,ok
1536,384,64,grid,bf16,132.9000,1.7247,5753,0,ok
1,256,128,grid,bf16,131.8500,1.1454,765,0,ok
16,16,4096,deepK,bf16,131.8200,1.3891,12735,0,ok
512,1,32,grid,bf16,130.2300,1.1173,893,0,ok
1,2081,1,fat,bf16,129.1500,1.5083,6510,0,ok
192,1536,1,grid,bf16,129.7000,1.2227,6887,0,ok
5,83,3,random,bf16,130.9700,1.0640,386,0,ok
64,2,1024,grid,bf16,131.0800,1.8000,3567,0,ok
129,4,1024,grid,bf16,131.2700,2.0160,4087,0,ok
1,4129,128,gemv_wideN,bf16,131.6600,2.5653,12638,0,ok
543,1,1860,random,bf16,132.1300,3.6089,13874,0,ok
192,512,257,grid,bf16,129.3000,1.6363,6887,0,ok
2048,2048,2048,grid,bf16,155.8900,36.7232,622079,0,ok
202,66,10,random,bf16,129.0900,1.6818,583,0,ok
1003,4,311,random,bf16,131.4000,2.3010,4154,0,ok
192,256,1536,grid,bf16,138.0800,2.3547,13775,0,ok
1851,294,2326,random,bf16,132.9300,12.1351,127280,0,ok
16,32,32,grid,bf16,127.6200,1.6257,397,0,ok
4096,32,384,grid,bf16,131.7600,4.2530,13433,0,ok
191,568,1725,random,bf16,136.4700,3.7598,40109,0,ok
512,127,768,grid,bf16,128.7300,2.1443,5363,0,ok
96,127,4096,grid,bf16,131.5000,2.6645,15295,0,ok
64,1,2048,grid,bf16,128.6900,1.9996,7135,0,ok
768,16,4,grid,bf16,126.4200,1.1080,1149,0,ok
257,128,129,grid,bf16,128.7900,1.3810,1277,0,ok
4,4096,32,grid,bf16,126.0500,1.3859,12351,0,ok
152,1,20,random,bf16,127.1900,1.0678,533,0,ok
384,8,32,grid,bf16,126.9700,1.0832,765,0,ok
128,2,1,grid,bf16,125.9900,0.4017,509,0,ok
127,96,127,grid,bf16,125.5700,1.1602,508,0,ok
4,64,129,grid,bf16,124.9100,1.6168,771,0,ok
1024,2,256,grid,bf16,124.4400,1.6189,2811,0,ok
4,128,16,grid,bf16,127.3800,1.0303,385,0,ok
8,8,289,deepK,bf16,127.3100,1.6213,1169,0,ok
4,2048,16,grid,bf16,125.8700,1.1442,6175,0,ok
512,64,64,tall,bf16,128.6500,1.2196,893,0,ok
4096,127,512,grid,bf16,130.7400,5.3723,17911,0,ok
115,2,2474,random,bf16,125.8700,2.2911,9939,0,ok
4096,512,1,grid,bf16,130.9400,3.2774,17911,0,ok
44,2642,11,random,bf16,126.6600,1.9009,8945,0,ok
32,512,1,grid,bf16,125.2400,0.4110,1655,0,ok
1536,16,96,grid,bf16,126.4600,1.9406,1917,0,ok
128,4,2048,grid,bf16,130.8600,1.6422,8159,0,ok
256,4096,192,grid,bf16,128.9900,3.3047,40831,0,ok
512,129,256,grid,bf16,131.6900,1.5033,3575,0,ok
128,128,192,grid,bf16,129.3300,1.2706,1019,0,ok
2048,128,1,grid,bf16,129.8100,1.4444,2429,0,ok
256,512,128,grid,bf16,131.6600,1.4076,2551,0,ok
16,8,96,grid,bf16,132.6800,1.0443,397,0,ok
512,16,128,grid,bf16,132.2100,1.8088,893,0,ok
4096,32,768,grid,bf16,136.1300,7.2450,26867,0,ok
257,4096,128,grid,bf16,128.4800,2.8058,20447,0,ok
4,768,2048,grid,bf16,134.4700,3.8256,37055,0,ok
256,192,8,grid,bf16,130.1300,1.1997,1275,0,ok
32,1536,2,grid,bf16,131.1000,1.1554,4967,0,ok
41,22,36,random,bf16,129.3400,1.6381,422,0,ok
128,128,4129,deepK,bf16,133.5300,2.9533,16829,0,ok
1,8319,64,wide_output,bf16,133.8000,2.2709,24894,0,ok
8,32,128,grid,bf16,131.7800,1.0863,389,0,ok
17,32,38,random,bf16,132.8700,1.6450,398,0,ok
256,384,256,grid,bf16,131.5300,1.5217,3827,0,ok
4,32,13,random,bf16,128.3800,1.0317,385,0,ok
80,3359,4981,random,bf16,143.9400,32.5566,486485,0,ok
256,639,256,fat,bf16,135.2300,1.6452,6379,0,ok
64,32,1536,grid,bf16,130.3900,1.4161,5351,0,ok
32,4,4,grid,bf16,132.1500,1.0667,413,0,ok
2048,1,257,grid,bf16,134.8100,2.7280,7289,0,ok
2048,2048,1024,grid,bf16,145.5900,17.5077,311039,0,ok
2,128,2048,grid,bf16,131.5800,2.2386,6143,0,ok
384,64,257,grid,bf16,130.4000,1.3742,2297,0,ok
10,100,38,random,bf16,130.6200,1.6410,391,0,ok
768,96,257,grid,bf16,137.5300,1.6363,3449,0,ok
32,1536,192,grid,bf16,130.1700,1.6611,9935,0,ok
8193,8,8,tall,bf16,129.3300,1.2983,8574,0,ok
2048,2,257,grid,bf16,126.4800,2.1208,7289,0,ok
1536,127,2,grid,bf16,128.1700,1.2511,1917,0,ok
2,6901,673,random,bf16,134.3900,9.3217,124415,0,ok
129,8,32,grid,bf16,129.1600,1.0413,510,0,ok
127,1536,2,grid,bf16,127.9000,1.3098,6107,0,ok
1024,192,4096,grid,bf16,134.7000,10.4738,89983,0,ok
320,16,16,tall,bf16,127.6900,1.7323,701,0,ok
256,256,8192,deepK,bf16,136.9900,8.3617,81663,0,ok
127,2048,2048,grid,bf16,134.7000,10.5204,130303,0,ok
2110,3182,203,random,bf16,137.6800,8.3381,124599,0,ok
1,1,129,grid,bf16,126.0900,1.4133,765,0,ok
2048,1024,1024,grid,bf16,164.3600,9.8849,155519,0,ok
768,16,32,grid,bf16,128.8400,1.7101,1149,0,ok
32,96,32,grid,bf16,126.0200,1.6263,413,0,ok
4,64,257,grid,bf16,126.4000,1.6344,1157,0,ok
4096,4096,96,grid,bf16,147.4700,15.4434,143295,0,ok
2048,32,256,grid,bf16,130.1600,2.1736,4859,0,ok
32,768,2,grid,bf16,125.4300,1.1084,2483,0,ok
128,16,192,grid,bf16,127.9400,1.7038,1019,0,ok
256,4096,257,grid,bf16,132.6600,4.2360,61247,0,ok
16,512,128,grid,bf16,125.7900,1.7801,1591,0,ok
192,2048,64,grid,bf16,127.7400,1.6296,9183,0,ok
768,256,512,grid,bf16,128.4400,2.2124,9199,0,ok
2,512,4,grid,bf16,125.8900,1.0209,1535,0,ok
179,34,28,random,bf16,126.8100,1.7106,560,0,ok
1536,192,2048,grid,bf16,133.4700,7.8882,61375,0,ok
1024,127,128,grid,bf16,129.4700,1.4534,1405,0,ok
128,384,96,grid,bf16,128.0300,1.3028,1529,0,ok
2048,4,4096,grid,bf16,136.2400,15.5161,77759,0,ok
384,768,1536,grid,bf16,137.4800,5.0848,55151,0,ok
256,4192,64,wide_output,bf16,136.0700,2.3528,21053,0,ok
64,4,256,grid,bf16,125.5700,1.1022,891,0,ok
512,64,96,grid,bf16,125.5700,1.2188,893,0,ok
4,4,1024,grid,bf16,126.3200,1.6270,3087,0,ok
64,1,128,grid,bf16,127.3000,1.0976,445,0,ok
16,32,2048,grid,bf16,125.0000,1.2924,6367,0,ok
1,4,1,random,bf16,126.4800,0.8849,382,0,ok
129,1024,1024,grid,bf16,130.4500,3.2563,32703,0,ok
451,63,10,random,bf16,125.3200,1.7443,832,0,ok
129,64,512,grid,bf16,125.9700,1.3097,2043,0,ok
1024,4,2048,grid,bf16,128.9300,5.1642,22495,0,ok
1,1,576,deepK,bf16,125.1500,1.9148,1914,0,ok
53,2,874,random,bf16,126.5700,1.7513,3044,0,ok
14,31,810,random,bf16,125.5500,1.1866,2771,0,ok
192,127,32,grid,bf16,126.5400,1.7421,573,0,ok
2,129,256,grid,bf16,125.7000,1.1585,1535,0,ok
512,256,128,grid,bf16,127.9400,1.3758,1787,0,ok
512,127,64,grid,bf16,127.7800,1.2505,893,0,ok
129,1536,127,grid,bf16,128.8500,1.6244,6131,0,ok
96,129,16,grid,bf16,126.6600,1.7124,955,0,ok
6701,2931,17,random,bf16,151.2700,18.5554,162908,0,ok
256,256,639,deepK,bf16,126.4000,1.8439,6379,0,ok
82,78,3,random,bf16,127.2000,1.1060,463,0,ok
129,129,32,grid,bf16,127.1500,1.1936,1021,0,ok
16,8256,64,wide_output,bf16,126.3700,2.1004,25869,0,ok
8,352,64,wide_output,bf16,127.7700,1.6263,1169,0,ok
128,1536,64,grid,bf16,133.6600,1.5044,6119,0,ok
128,257,512,grid,bf16,131.8800,1.5616,6119,0,ok
8,2048,2048,grid,bf16,133.0200,8.3587,99839,0,ok
127,4096,32,grid,bf16,130.5900,2.4930,16287,0,ok
129,16,129,grid,bf16,127.3400,1.7476,1021,0,ok
1024,32,128,grid,bf16,125.9400,1.9923,1405,0,ok
8,2,256,grid,bf16,126.2400,1.0369,779,0,ok
768,4096,8,grid,bf16,134.6500,3.4782,36799,0,ok
4096,4096,256,grid,bf16,150.1800,22.3900,286591,0,ok
257,127,127,grid,bf16,125.7100,1.2866,638,0,ok
4,2,192,grid,bf16,128.8700,1.0103,771,0,ok
32,257,16,grid,bf16,124.9890,1.7235,1241,0,ok
3,2407,1662,random,bf16,128.4900,8.9183,95094,0,ok
8,2049,8,fat,bf16,125.4200,1.6313,6629,0,ok
2,384,16,grid,bf16,124.8300,1.0624,1151,0,ok
2048,128,768,grid,bf16,131.5800,4.3815,14579,0,ok
4096,768,127,grid,bf16,134.8000,4.4953,26867,0,ok
114,1603,25,random,bf16,126.4200,1.9941,6447,0,ok
14,53,5607,random,bf16,128.7400,1.8732,17423,0,ok
129,1,257,grid,bf16,127.6300,1.1971,1532,0,ok
64,257,128,grid,bf16,127.6300,1.2041,1337,0,ok
1151,16,16,tall,bf16,127.3100,1.7887,1532,0,ok
128,129,256,grid,bf16,128.0600,1.2737,2039,0,ok
1,4,127,grid,bf16,126.5500,0.4398,382,0,ok
128,96,4096,grid,bf16,132.2500,2.7021,16319,0,ok
127,4,4096,grid,bf16,125.6500,2.1557,16287,0,ok
1,4096,768,grid,bf16,133.1500,8.5132,73535,0,ok
256,352,256,fat,bf16,129.1500,1.4749,3827,0,ok
1536,1536,128,grid,bf16,135.6800,3.4642,23015,0,ok
103,735,4,random,bf16,126.8000,1.1543,2909,0,ok
512,128,64,grid,bf16,130.7300,1.2665,893,0,ok
129,8,64,grid,bf16,127.6200,1.1018,510,0,ok
16,8288,16,fat,bf16,127.0500,2.0146,25869,0,ok
2,128,127,grid,bf16,126.5500,1.0975,383,0,ok
96,128,32,grid,bf16,129.0400,1.6299,477,0,ok
512,256,2,grid,bf16,127.3000,1.1628,1787,0,ok
63,2,2,random,bf16,127.5600,0.5011,444,0,ok
128,257,2048,grid,bf16,134.6300,2.5898,24479,0,ok
384,8,127,grid,bf16,125.5500,1.1950,765,0,ok
5,19,7273,random,bf16,125.3800,1.6220,22058,0,ok
1536,8,4096,grid,bf16,136.2200,11.7824,61375,0,ok
128,129,128,grid,bf16,126.4400,1.2249,1019,0,ok
257,8,8,grid,bf16,124.4200,1.1024,638,0,ok
64,2,8,grid,bf16,126.8800,1.0162,445,0,ok
128,256,1024,grid,bf16,129.5900,1.9499,8159,0,ok
4,512,129,grid,bf16,127.4200,1.8048,3087,0,ok
2,4,258,random,bf16,127.8800,1.0324,1151,0,ok
1024,32,8,grid,bf16,129.2500,1.1612,1405,0,ok
2,25,1,random,bf16,125.4200,0.4024,383,0,ok
2305,12,16,random,bf16,127.3400,1.7998,2686,0,ok
1,128,384,grid,bf16,128.6700,1.1905,1148,0,ok
384,192,96,grid,bf16,129.9200,1.2876,1531,0,ok
4,512,257,grid,bf16,126.2400,1.9537,4631,0,ok
1,1120,256,gemv_wideN,bf16,130.8800,1.7508,6893,0,ok
768,1,96,grid,bf16,130.5000,1.2454,1149,0,ok
128,256,192,grid,bf16,123.6100,1.3491,2039,0,ok
3654,55,1227,random,bf16,134.7000,8.9176,40359,0,ok
3505,6,125,random,bf16,129.1100,2.0104,3886,0,ok
5496,7160,2,random,bf16,177.4000,33.0975,329167,0,ok
1536,384,512,grid,bf16,132.4000,3.2733,23015,0,ok
16,1024,16,fat,bf16,126.7600,1.6312,3183,0,ok
16,2081,64,wide_output,bf16,126.7500,1.9712,6765,0,ok
256,4,1024,grid,bf16,125.3900,2.2835,5103,0,ok
64,129,4,grid,bf16,126.7100,1.1064,891,0,ok
16,127,1536,grid,bf16,125.4200,1.5304,4775,0,ok
4,129,384,grid,bf16,126.1300,1.7576,2315,0,ok
8200,256,256,tall,bf16,134.9600,5.7424,34327,0,ok
127,8,8,grid,bf16,124.2100,1.0961,508,0,ok
8,8,128,grid,bf16,126.1100,1.0063,389,0,ok
64,64,513,deepK,bf16,125.2100,1.2899,2229,0,ok
311,2,55,random,bf16,126.9500,1.0968,692,0,ok
256,608,64,wide_output,bf16,127.1300,1.3223,3189,0,ok
3,1,45,random,bf16,127.1600,0.4710,384,0,ok
4096,128,2048,grid,bf16,135.6700,16.1322,71647,0,ok
384,16,512,grid,bf16,128.6600,1.5688,3063,0,ok
8,1536,2048,grid,bf16,134.7000,6.5843,74879,0,ok
64,1024,129,grid,bf16,133.4000,1.4671,7135,0,ok
512,192,128,grid,bf16,130.8800,1.3506,1787,0,ok
257,32,16,grid,bf16,130.3400,1.7194,638,0,ok
2048,64,1536,grid,bf16,138.4500,7.4050,29159,0,ok
46,9,275,random,bf16,127.2200,1.1027,1283,0,ok
192,1,96,grid,bf16,132.2600,1.1101,573,0,ok
2525,6836,7,random,bf16,156.4600,15.2182,156977,0,ok
96,1024,127,grid,bf16,132.5300,1.4062,3823,0,ok
16,2,1536,grid,bf16,131.8800,1.6929,4775,0,ok
1,259,1799,random,bf16,130.2400,2.7580,17234,0,ok
5059,4704,3636,random,bf16,432.9100,301.5400,5838192,0,ok
27,2,81,random,bf16,126.4600,1.0965,408,0,ok
1024,128,512,grid,bf16,135.2600,2.2714,5623,0,ok
96,2,1,grid,bf16,130.4500,0.4132,477,0,ok
192,8,32,grid,bf16,129.2300,1.0389,573,0,ok
4,2,384,grid,bf16,128.3700,1.0347,1157,0,ok
129,129,384,grid,bf16,132.1400,1.3817,3065,0,ok
8,3960,27,random,bf16,128.8600,1.9045,12089,0,ok
5,6,429,random,bf16,128.4600,1.6230,1547,0,ok
16,513,16,fat,bf16,131.5900,1.6281,1989,0,ok
384,384,96,grid,bf16,131.4900,1.4160,2297,0,ok
1,248,14,random,bf16,130.4900,1.0369,765,0,ok
778,114,8036,random,bf16,138.6600,13.1775,73079,0,ok
102,6844,6637,random,bf16,153.0100,87.9016,1359071,0,ok
49,4,219,random,bf16,128.4400,1.1049,861,0,ok
1,2,7368,random,bf16,132.0300,1.2958,22213,0,ok
1536,128,64,grid,bf16,131.2500,1.4708,1917,0,ok
4,127,768,grid,bf16,128.0600,1.8964,2315,0,ok
1316,8029,62,random,bf16,141.8200,10.1596,106973,0,ok
4096,127,1024,grid,bf16,135.1800,9.6066,35823,0,ok
639,512,64,thinK,bf16,131.7300,1.5378,4083,0,ok
14,4649,5618,random,bf16,140.3800,49.6250,644687,0,ok
1,1,1151,deepK,bf16,130.2700,2.0014,3446,0,ok
16,2,1024,grid,bf16,127.7600,1.6332,3183,0,ok
5,192,14,random,bf16,127.8900,1.1015,773,0,ok
384,96,127,grid,bf16,127.2600,1.2707,765,0,ok
2,1,4531,random,bf16,128.6000,1.2399,13823,0,ok
96,4096,16,grid,bf16,133.1500,2.0802,15295,0,ok
16,383,64,wide_output,bf16,128.7300,1.6876,1193,0,ok
1,7,55,random,bf16,130.7700,0.4625,382,0,ok
8,513,8,fat,bf16,127.9800,1.6314,1949,0,ok
96,8,4096,grid,bf16,129.5600,1.9298,15295,0,ok
96,2,256,grid,bf16,128.4600,1.1012,955,0,ok
1,289,128,gemv_wideN,bf16,133.3300,1.1945,1148,0,ok
892,114,3,random,bf16,129.3100,1.1915,1273,0,ok
96,384,32,grid,bf16,128.4400,1.7990,1433,0,ok
4,96,2,grid,bf16,128.7900,0.5229,385,0,ok
2,1,1693,random,bf16,127.6500,1.1057,5375,0,ok
96,96,2048,grid,bf16,131.6600,1.8466,7647,0,ok
2,32,256,grid,bf16,133.3100,1.1005,767,0,ok
21,7,10,random,bf16,127.3500,1.0273,402,0,ok
1032,128,128,tall,bf16,130.0700,1.6210,1413,0,ok
64,608,64,fat,bf16,127.2000,1.2492,2229,0,ok
192,1536,384,grid,bf16,134.0300,2.4838,20663,0,ok
1,320,8,gemv_wideN,bf16,130.9800,1.0119,1148,0,ok
128,129,192,grid,bf16,129.4400,1.2468,2039,0,ok
768,1536,1536,grid,bf16,136.6600,9.3823,165599,0,ok
128,1151,64,wide_output,bf16,130.2300,1.4407,4589,0,ok
129,16,2048,grid,bf16,129.3300,1.7289,8175,0,ok
1,352,1,fat,bf16,126.3400,0.8836,1148,0,ok
1475,146,19,random,bf16,131.3900,1.3432,3713,0,ok
8,8,64,grid,bf16,131.3200,1.0576,389,0,ok
128,128,4223,deepK,bf16,128.3400,3.0262,16829,0,ok
2,2048,1024,grid,bf16,131.6700,4.7365,49151,0,ok
7068,12,398,random,bf16,132.5200,5.8606,29799,0,ok
128,128,8200,deepK,bf16,136.8000,4.7063,33149,0,ok
2056,256,256,tall,bf16,132.9900,2.3791,9751,0,ok
2,128,8,grid,bf16,127.4000,0.4347,383,0,ok
128,257,1536,grid,bf16,130.8400,2.2846,18359,0,ok
257,361,1,random,bf16,126.8800,1.1135,1916,0,ok
128,512,1024,grid,bf16,133.4500,2.4466,16319,0,ok
6,3,422,random,bf16,127.3700,1.6369,1551,0,ok
4,4,127,grid,bf16,128.0700,0.9767,385,0,ok
64,32,512,grid,bf16,126.9100,1.1895,1783,0,ok
256,2,96,grid,bf16,126.6700,1.1024,637,0,ok
128,256,512,grid,bf16,130.2700,1.6188,4079,0,ok
256,256,1032,deepK,bf16,128.5000,2.1854,11483,0,ok
4096,128,192,grid,bf16,135.8000,2.7364,8955,0,ok
2048,768,128,grid,bf16,137.4200,2.9470,14579,0,ok
512,16,192,grid,bf16,126.6100,1.8891,1787,0,ok
2,768,1,grid,bf16,134.0000,0.4213,2303,0,ok
16,289,16,fat,bf16,126.0300,1.6138,1193,0,ok
16,16,4104,deepK,bf16,127.7800,1.3758,13133,0,ok
257,1536,768,grid,bf16,137.0500,3.8673,46007,0,ok
257,768,384,grid,bf16,131.7400,1.9774,11501,0,ok
768,4,1536,grid,bf16,137.3900,3.4360,13799,0,ok
256,192,127,grid,bf16,133.5800,1.2634,1275,0,ok
4104,64,64,tall,bf16,133.6000,1.8208,4485,0,ok
24,29,1,random,bf16,132.3200,0.4096,405,0,ok
192,129,4096,grid,bf16,139.0000,3.4894,36735,0,ok
1,768,1,grid,bf16,137.7000,1.5010,2297,0,ok
1,1057,128,gemv_wideN,bf16,130.7200,1.5096,3446,0,ok
2,8,1024,grid,bf16,131.8000,1.6517,3071,0,ok
512,127,257,grid,bf16,136.2600,1.5461,2681,0,ok
96,192,16,grid,bf16,132.1200,1.7332,955,0,ok
129,256,96,grid,bf16,134.6000,1.2191,1021,0,ok
4096,8,127,grid,bf16,135.0100,2.1636,4477,0,ok
1536,512,4096,grid,bf16,141.8300,16.2212,245503,0,ok
114,7,2,random,bf16,131.9200,0.5232,495,0,ok
129,8,2,grid,bf16,134.3400,0.5295,510,0,ok
127,512,8,grid,bf16,130.6500,1.2766,2035,0,ok
1,576,256,gemv_wideN,bf16,135.0200,1.4719,3829,0,ok
8,4160,8,fat,bf16,130.2400,1.7108,12869,0,ok
2301,3,335,random,bf16,133.6700,2.4505,8048,0,ok
4,96,32,grid,bf16,132.4100,1.0520,385,0,ok
8319,8192,64,thinK,bf16,222.8900,239.5766,556863,0,ok
1536,96,64,grid,bf16,134.9500,1.4362,1917,0,ok
50,5,617,random,bf16,131.3700,1.7720,2159,0,ok
127,192,2048,grid,bf16,137.8800,2.3036,16287,0,ok
4,192,2048,grid,bf16,133.3900,1.9288,12351,0,ok
57,6,348,random,bf16,131.5200,1.7181,1316,0,ok
512,1,4096,grid,bf16,140.3800,5.5427,28607,0,ok
1024,384,256,grid,bf16,138.1800,1.9897,8435,0,ok
768,512,2048,grid,bf16,130.3900,6.7003,73599,0,ok
2599,7,18,random,bf16,131.0400,1.2496,2980,0,ok
520,64,64,tall,bf16,130.7400,1.3188,901,0,ok
73,20,930,random,bf16,132.1900,1.3568,3639,0,ok
512,128,2,grid,bf16,130.2100,1.1458,893,0,ok
384,7920,3876,random,bf16,179.1800,62.6776,1472251,0,ok
145,4,87,random,bf16,133.0600,1.1335,526,0,ok
1024,16,8,grid,bf16,130.9700,1.1388,1405,0,ok
4097,256,256,tall,bf16,137.7100,3.5086,17915,0,ok
1,4129,64,wide_output,bf16,137.8900,1.6445,12638,0,ok
4,1,1024,grid,bf16,130.9100,1.1104,3087,0,ok
192,384,8,grid,bf16,131.0700,1.2292,1721,0,ok
2048,64,256,grid,bf16,136.6800,2.2663,4859,0,ok
2048,32,4096,grid,bf16,139.8900,16.2905,77759,0,ok
127,127,1024,grid,bf16,134.4200,1.6784,4071,0,ok
10,4,116,random,bf16,131.7600,1.0170,391,0,ok
96,4,512,grid,bf16,134.1300,1.7645,1911,0,ok
4096,257,2048,grid,bf16,142.5700,16.5701,214943,0,ok
257,4,1,grid,bf16,131.5700,0.4313,638,0,ok
1024,8,384,grid,bf16,134.3000,2.5080,4217,0,ok
3,45,410,random,bf16,133.8400,1.6742,1539,0,ok
64,512,2048,grid,bf16,134.4600,3.1848,28543,0,ok
512,96,16,grid,bf16,130.5300,1.7614,893,0,ok
4,512,4096,grid,bf16,137.2100,4.7755,49407,0,ok
431,5045,4,random,bf16,139.0800,2.9552,32519,0,ok
384,127,512,grid,bf16,135.3100,1.6802,3063,0,ok
1,384,4,grid,bf16,131.5500,1.0414,1148,0,ok
1,128,128,grid,bf16,129.9100,1.1115,382,0,ok
4129,4096,64,thinK,bf16,154.1200,15.2077,144351,0,ok
2048,96,2,grid,bf16,130.4300,1.2483,2429,0,ok
171,109,2346,random,bf16,139.3500,2.3973,10506,0,ok
4096,2048,16,grid,bf16,140.8600,9.9197,71647,0,ok
1,1220,1671,random,bf16,138.4900,5.8981,53619,0,ok
129,384,1536,grid,bf16,133.1000,2.5607,18395,0,ok
127,192,1,grid,bf16,130.5300,0.4660,1017,0,ok
138,57,265,random,bf16,130.7900,1.3060,1559,0,ok
384,1536,384,grid,bf16,131.7000,3.1870,27575,0,ok
1,512,4096,grid,bf16,132.9600,5.2591,49023,0,ok
128,128,264,deepK,bf16,130.6300,1.3145,1529,0,ok
96,127,4,grid,bf16,130.1700,1.1219,477,0,ok
8,1,96,grid,bf16,131.0300,1.0508,389,0,ok
1024,4,256,grid,bf16,131.2800,1.6368,2811,0,ok
768,127,257,grid,bf16,129.6400,1.6344,3449,0,ok
2,96,8,grid,bf16,133.8800,0.4449,383,0,ok
1024,1024,768,grid,bf16,139.7100,5.5859,67487,0,ok
384,256,2,grid,bf16,132.9400,0.6572,1531,0,ok
192,384,2048,grid,bf16,132.9300,3.2716,27551,0,ok
4,7580,3663,random,bf16,141.5200,54.4131,671639,0,ok
128,129,4096,grid,bf16,129.7800,3.0380,32639,0,ok
192,64,257,grid,bf16,132.8900,1.3160,1721,0,ok
1,513,256,gemv_wideN,bf16,136.5000,1.4449,3829,0,ok
1,2383,20,random,bf16,129.8900,1.2179,7276,0,ok
64,4192,64,fat,bf16,132.8100,1.7720,14717,0,ok
1174,6,4,random,bf16,132.6200,1.1134,1555,0,ok
35,335,36,random,bf16,135.3000,1.7446,1250,0,ok
16,1088,64,wide_output,bf16,133.9100,1.8151,3581,0,ok
4,227,10,random,bf16,135.5300,1.0362,771,0,ok
512,512,2,grid,bf16,137.6900,1.2755,3575,0,ok
8,32,256,grid,bf16,131.7400,1.6490,779,0,ok
8151,1728,764,random,bf16,163.5100,32.4356,716771,0,ok
127,128,8,grid,bf16,134.1300,1.1684,508,0,ok
127,128,128,grid,bf16,131.9500,1.2467,508,0,ok
128,96,8,grid,bf16,129.6800,1.1446,509,0,ok
2048,8,32,grid,bf16,134.2900,1.2369,2429,0,ok
64,8,1536,grid,bf16,132.7600,1.3135,5351,0,ok
32,2,1536,grid,bf16,132.2000,1.8046,4967,0,ok
192,768,64,grid,bf16,138.1400,1.3760,3443,0,ok
1,8225,8,gemv_wideN,bf16,138.9100,1.3270,24894,0,ok
6102,74,5273,random,bf16,143.7800,62.1868,272327,0,ok
23,3,251,random,bf16,133.9000,1.0521,809,0,ok
257,1024,128,grid,bf16,135.8200,1.5696,5111,0,ok
256,2,4,grid,bf16,131.4600,1.0175,637,0,ok
4096,8,2,grid,bf16,131.3300,1.1810,4477,0,ok
8,1032,8,fat,bf16,132.8400,1.6422,3509,0,ok
1536,8,257,grid,bf16,131.9600,2.4825,5753,0,ok
1,1,8,random,bf16,134.1800,1.3544,382,0,ok
608,128,128,tall,bf16,131.1000,1.3770,989,0,ok
1,128,257,grid,bf16,136.0000,1.2088,1148,0,ok
16,576,16,fat,bf16,132.2500,1.6517,1989,0,ok
383,256,256,tall,bf16,135.7000,1.5773,3059,0,ok
384,512,1536,grid,bf16,139.4200,4.1740,36767,0,ok
4096,257,768,grid,bf16,141.8100,7.9758,80603,0,ok
192,96,129,grid,bf16,133.3600,1.3269,1147,0,ok
128,129,1536,grid,bf16,136.9100,1.9167,12239,0,ok
384,127,2048,grid,bf16,139.1600,3.0918,12255,0,ok
256,1024,127,grid,bf16,136.2700,1.6143,5103,0,ok
41,20,11,random,bf16,132.8000,1.1152,422,0,ok
16,1,4,grid,bf16,136.5200,0.4411,397,0,ok
1536,384,256,grid,bf16,137.6800,2.3019,11507,0,ok
128,513,64,wide_output,bf16,132.7600,1.3289,2549,0,ok
2048,4096,2,grid,bf16,142.0600,7.9520,77759,0,ok
2,16,32,grid,bf16,131.0400,1.0437,383,0,ok
384,129,8,grid,bf16,135.6500,1.2133,1531,0,ok
1536,1024,2,grid,bf16,132.0500,2.3075,15343,0,ok
256,128,2048,grid,bf16,133.6700,2.5696,10207,0,ok
4096,16,192,grid,bf16,137.6200,2.4423,8955,0,ok
2,370,387,random,bf16,131.6200,1.9836,4607,0,ok
4129,1,1,tall,bf16,136.5800,1.6483,4510,0,ok
1,450,64,random,bf16,133.8200,1.1241,1531,0,ok
212,379,198,random,bf16,138.6100,1.4629,3563,0,ok
256,384,4,grid,bf16,134.0900,1.2057,1913,0,ok
127,96,2048,grid,bf16,136.2900,1.9902,8143,0,ok
250,138,379,random,bf16,135.5800,1.4558,3791,0,ok
113,7,37,random,bf16,132.3400,1.0526,494,0,ok
129,1024,16,grid,bf16,134.7200,1.8456,4087,0,ok
598,677,7613,random,bf16,145.1400,19.4022,352799,0,ok
7,50,25,random,bf16,131.7700,1.1159,388,0,ok
8,8,4160,deepK,bf16,131.9700,1.2538,12869,0,ok
64,2048,2,grid,bf16,131.2400,1.2060,7135,0,ok
2268,89,1261,random,bf16,136.8700,7.0057,26499,0,ok
1536,1536,1,grid,bf16,142.4100,3.5633,23015,0,ok
1,64,1,grid,bf16,136.6900,0.8924,382,0,ok
64,2,4096,grid,bf16,133.2100,1.7621,14271,0,ok
1,768,257,grid,bf16,137.4500,1.6119,6893,0,ok
4096,16,2048,grid,bf16,140.2400,15.5014,71647,0,ok
16,129,1024,grid,bf16,132.5800,1.4335,6367,0,ok
2048,1536,384,grid,bf16,142.0700,7.1662,87479,0,ok
4096,1024,1536,grid,bf16,152.9300,22.2236,429887,0,ok
256,127,1536,grid,bf16,137.8200,2.2709,7655,0,ok
2419,88,17,random,bf16,138.3700,2.0182,2800,0,ok
1,8256,8,gemv_wideN,bf16,135.9000,1.3151,24894,0,ok
167,167,1145,random,bf16,131.5800,1.9039,9881,0,ok
1024,127,768,grid,bf16,135.4600,2.8707,8435,0,ok
4096,4096,8,grid,bf16,151.2700,14.7962,143295,0,ok
51,3764,20,random,bf16,130.6500,2.0204,12989,0,ok
340,38,3118,random,bf16,133.6400,3.4826,18049,0,ok
127,32,96,grid,bf16,131.5900,1.6592,508,0,ok
8,8,4,grid,bf16,133.6100,1.0649,389,0,ok
2048,192,64,grid,bf16,133.7400,1.6665,4859,0,ok
384,256,256,grid,bf16,132.4800,1.5736,3063,0,ok
25,756,2518,random,bf16,134.3700,4.6374,48839,0,ok
2101,129,500,random,bf16,133.0600,3.5372,19863,0,ok
256,256,2175,deepK,bf16,131.6100,3.1593,21691,0,ok
1,513,8,gemv_wideN,bf16,135.9900,1.0445,1914,0,ok
64,384,8,grid,bf16,130.6600,1.1739,1337,0,ok
64,192,2048,grid,bf16,136.3500,2.1120,14271,0,ok
1536,127,96,grid,bf16,136.5500,1.5808,1917,0,ok
1024,96,2048,grid,bf16,137.2700,5.5200,22495,0,ok
82,55,242,random,bf16,130.7500,1.2105,927,0,ok
1,6,20,random,bf16,132.6800,0.4712,382,0,ok
4129,64,64,tall,bf16,130.1900,1.8964,4510,0,ok
384,1024,32,grid,bf16,136.3600,1.5463,6127,0,ok
256,4096,8,grid,bf16,129.9600,1.9781,20415,0,ok
13,38,1,random,bf16,130.9000,0.4152,394,0,ok
768,32,512,grid,bf16,132.0800,1.9819,4599,0,ok
512,129,1536,grid,bf16,130.0100,3.0021,21455,0,ok
192,4096,4,grid,bf16,129.2300,1.7087,18367,0,ok
192,4096,1,grid,bf16,129.6300,2.2995,18367,0,ok
64,384,768,grid,bf16,133.2000,1.8073,8027,0,ok
2202,100,2,random,bf16,132.0100,1.3096,2583,0,ok
192,1024,768,grid,bf16,134.0300,2.9074,27551,0,ok
256,256,4,grid,bf16,130.9200,1.1423,1275,0,ok
128,352,128,fat,bf16,131.1300,1.3112,1529,0,ok
768,384,16,grid,bf16,132.4400,1.3626,3449,0,ok
512,257,1,grid,bf16,130.8200,1.1546,2681,0,ok
128,32,96,grid,bf16,130.4000,1.6404,509,0,ok
257,256,96,grid,bf16,132.3010,1.2698,1277,0,ok
7,6,433,random,bf16,129.9000,1.6397,1555,0,ok
192,256,127,grid,bf16,130.0500,1.2514,1147,0,ok
5810,36,241,random,bf16,130.9400,3.7522,12383,0,ok
3,30,933,random,bf16,132.4500,1.7637,3079,0,ok
8,1,31,random,bf16,134.1700,1.0424,389,0,ok
256,8225,64,wide_output,bf16,138.0900,3.5092,41469,0,ok
96,768,768,grid,bf16,135.4900,2.2948,17207,0,ok
127,16,129,grid,bf16,131.0200,1.6721,1017,0,ok
129,384,192,grid,bf16,131.2800,1.3739,3065,0,ok
11,7,4848,random,bf16,132.9400,1.3767,14933,0,ok
3,29,2114,random,bf16,132.1300,1.3190,6544,0,ok
4129,256,256,tall,bf16,135.4600,3.5946,18043,0,ok
512,4,64,grid,bf16,130.8900,1.1347,893,0,ok
16,16,4097,deepK,bf16,132.2600,1.4073,13133,0,ok
2056,16,16,tall,bf16,132.2000,1.8162,2437,0,ok
4096,1,8,grid,bf16,130.1100,1.2038,4477,0,ok
512,512,4,grid,bf16,132.5400,1.3216,3575,0,ok
16,2,2,grid,bf16,131.5800,0.5325,397,0,ok
4096,2,1536,grid,bf16,135.5400,11.7351,53735,0,ok
127,2048,127,grid,bf16,131.1000,1.9070,8143,0,ok
192,1536,4096,grid,bf16,141.3300,12.7996,220415,0,ok
4096,8,96,grid,bf16,131.7400,1.8292,4477,0,ok
13,10,38,random,bf16,148.2100,1.0446,394,0,ok
768,192,129,grid,bf16,133.2700,1.5284,4599,0,ok
1536,256,1024,grid,bf16,140.3300,4.7117,30687,0,ok
129,127,256,grid,bf16,133.8400,1.3053,1021,0,ok
256,256,4192,deepK,bf16,137.3400,4.9946,42107,0,ok
1,257,1536,grid,bf16,129.9300,2.5765,13787,0,ok
1024,16,2048,grid,bf16,134.1100,5.2089,22495,0,ok
4096,96,384,grid,bf16,130.3500,4.2876,13433,0,ok
4096,2,32,grid,bf16,132.8200,1.4284,4477,0,ok
96,257,192,grid,bf16,132.8500,1.3547,2867,0,ok
9,2,3,random,bf16,131.2800,0.4558,390,0,ok
128,1151,128,fat,bf16,132.9000,1.6415,4589,0,ok
2470,1028,44,random,bf16,139.6500,3.4848,25667,0,ok
2048,64,127,grid,bf16,136.6200,1.7122,2429,0,ok
379,30,175,random,bf16,129.8100,1.3116,1521,0,ok
32,1,1536,grid,bf16,129.5700,1.8082,4967,0,ok
16,64,2048,grid,bf16,131.6900,1.4656,6367,0,ok
101,4,10,random,bf16,133.5100,1.0209,482,0,ok
2,127,256,grid,bf16,131.0300,1.1555,767,0,ok
128,320,128,fat,bf16,130.8600,1.2644,1529,0,ok
16,16,8288,deepK,bf16,131.9300,1.6543,25869,0,ok
768,257,257,grid,bf16,132.0300,1.8792,10349,0,ok
1024,512,16,grid,bf16,137.2800,1.5080,5623,0,ok
377,1,4,random,bf16,136.0900,1.0234,758,0,ok
2048,512,2,grid,bf16,133.8600,1.9350,9719,0,ok
192,256,512,grid,bf16,130.6200,1.5878,4591,0,ok
129,64,96,grid,bf16,129.0800,1.2056,510,0,ok
41,248,33,random,bf16,131.0200,1.7453,845,0,ok
256,129,257,grid,bf16,131.4100,1.4499,3827,0,ok
257,96,64,grid,bf16,132.4800,1.2625,638,0,ok
127,768,96,grid,bf16,129.9000,1.3872,3053,0,ok
2,2048,4,grid,bf16,129.7000,1.1007,6143,0,ok
1,4,2,random,bf16,128.4100,0.4327,382,0,ok
127,128,768,grid,bf16,130.0600,1.5484,3053,0,ok
4096,1536,2,grid,bf16,134.7700,5.9182,53735,0,ok
16,96,192,grid,bf16,126.0900,1.7443,795,0,ok
1536,129,192,grid,bf16,126.4100,1.7390,7671,0,ok
11,8,3,random,bf16,125.7800,1.0522,392,0,ok
2,128,128,grid,bf16,125.9900,1.1167,383,0,ok
1,8225,64,wide_output,bf16,129.0500,2.2023,24894,0,ok
2,129,2048,grid,bf16,131.1200,2.2963,12287,0,ok
512,257,128,grid,bf16,133.9600,1.4500,2681,0,ok
3591,2,2169,random,bf16,139.4700,14.0413,67540,0,ok
257,256,4096,grid,bf16,132.0700,4.8332,40895,0,ok
512,16,16,grid,bf16,129.1500,1.6367,893,0,ok
8,127,127,grid,bf16,130.6100,1.6496,389,0,ok
8,4,2048,grid,bf16,129.9500,1.1536,6239,0,ok
768,2048,96,grid,bf16,138.0100,2.7222,18399,0,ok
1482,107,1186,random,bf16,130.8400,4.5929,18639,0,ok
64,8319,64,fat,bf16,130.9200,2.4284,28989,0,ok
64,8,32,grid,bf16,130.4300,1.0409,445,0,ok
1,576,16,gemv_wideN,bf16,130.2700,1.1100,1914,0,ok
128,520,64,wide_output,bf16,128.3400,1.3193,2549,0,ok
192,2048,128,grid,bf16,130.8300,1.8426,9183,0,ok
1024,8,127,grid,bf16,128.8200,1.3750,1405,0,ok
4096,4096,1024,grid,bf16,177.6800,80.3049,1146367,0,ok
192,16,1024,grid,bf16,130.7300,1.5408,4591,0,ok
4,128,4096,grid,bf16,132.9400,2.0646,12351,0,ok
96,1,192,grid,bf16,131.8500,1.1567,955,0,ok
5784,3439,1,random,bf16,152.4700,26.9172,166481,0,ok
71,42,73,random,bf16,134.3400,1.1695,452,0,ok
192,1,1024,grid,bf16,129.8200,2.0810,4591,0,ok
192,64,129,grid,bf16,130.0700,1.2370,1147,0,ok
257,129,128,grid,bf16,129.9200,1.3069,1277,0,ok
2,2048,4096,grid,bf16,131.6900,15.8563,196607,0,ok
3,2873,1,random,bf16,131.2300,1.1052,8854,0,ok
128,128,4104,deepK,bf16,133.7300,2.9502,16829,0,ok
64,2,1,grid,bf16,131.6700,0.4081,445,0,ok
64,1151,64,fat,bf16,124.1200,1.2873,4013,0,ok
128,4,1024,grid,bf16,126.7500,1.9683,4079,0,ok
64,8,1024,grid,bf16,123.5500,1.2616,3567,0,ok
2,2,32,grid,bf16,125.7100,0.4335,383,0,ok
1151,1024,64,thinK,bf16,132.0700,2.4234,12263,0,ok
256,256,545,deepK,bf16,126.6900,1.7440,6379,0,ok
8,768,8,grid,bf16,124.0200,1.6242,2339,0,ok
64,64,520,deepK,bf16,122.8500,1.2908,2229,0,ok
1,1536,512,grid,bf16,129.1700,3.1716,18383,0,ok
16,1536,4,grid,bf16,126.7400,1.1290,4775,0,ok
1249,1606,12,random,bf16,138.5000,2.7011,21202,0,ok
192,16,16,grid,bf16,129.1500,1.6244,573,0,ok
4,7,3,random,bf16,126.2600,0.9737,385,0,ok
49,35,323,random,bf16,127.1000,1.1641,1292,0,ok
4,257,4096,grid,bf16,132.7100,3.2306,37055,0,ok
4096,32,96,grid,bf16,130.0400,2.4318,4477,0,ok
127,1024,32,grid,bf16,128.6800,1.8981,4071,0,ok
96,512,1536,grid,bf16,131.0500,2.7431,22943,0,ok
41,6,34,random,bf16,126.7200,1.0388,422,0,ok
8256,8192,64,thinK,bf16,215.9800,242.0791,552831,0,ok
7,201,21,random,bf16,126.1300,1.6269,777,0,ok
8,32,512,grid,bf16,128.1900,1.6296,1559,0,ok
32,96,1,grid,bf16,126.7800,0.4042,413,0,ok
1,1024,1,grid,bf16,130.5400,1.4706,3063,0,ok
1,513,64,wide_output,bf16,133.2300,1.1798,1914,0,ok
4096,2048,32,grid,bf16,141.7600,9.9020,71647,0,ok
2048,127,1,grid,bf16,129.4800,1.4405,2429,0,ok
74,2434,10,random,bf16,130.6400,1.8841,9119,0,ok
2,768,96,grid,bf16,129.4800,1.2329,2303,0,ok
1024,1536,768,grid,bf16,137.6300,7.0766,101231,0,ok
97,4472,3,random,bf16,136.6500,1.6520,16764,0,ok
2048,512,4096,grid,bf16,139.0700,20.5303,311039,0,ok
72,38,7,random,bf16,125.9100,1.0934,453,0,ok
64,4096,1536,grid,bf16,135.0200,12.4494,171263,0,ok
32,127,2,grid,bf16,126.6100,0.5257,413,0,ok
8,1,2,grid,bf16,125.4400,0.4382,389,0,ok
4,2048,512,grid,bf16,126.9200,2.9392,24703,0,ok
1,4,225,random,bf16,124.2200,1.0267,765,0,ok
6358,7,164,random,bf16,126.2300,2.9714,13479,0,ok
4198,95,1993,random,bf16,133.8700,15.8552,73279,0,ok
127,2,384,grid,bf16,126.0700,1.1927,1526,0,ok
16,2,192,grid,bf16,129.7500,1.0262,795,0,ok
8,520,64,wide_output,bf16,129.3900,1.7333,1949,0,ok
256,1151,256,fat,bf16,130.1800,1.8965,11483,0,ok
119,452,28,random,bf16,125.6300,1.8360,2003,0,ok
128,2144,64,wide_output,bf16,132.9400,1.6742,8669,0,ok
512,384,64,grid,bf16,138.2000,1.3474,2681,0,ok
129,384,257,grid,bf16,139.7200,1.4837,4598,0,ok
512,1024,192,grid,bf16,138.5000,1.9562,14303,0,ok
1024,257,512,grid,bf16,139.3400,2.4464,16871,0,ok
192,768,1024,grid,bf16,137.9000,2.9348,27551,0,ok
584,2,3,random,bf16,133.9100,1.0753,965,0,ok
384,512,2048,grid,bf16,133.5500,4.9836,49023,0,ok
1024,16,96,grid,bf16,125.9800,1.8871,1405,0,ok
1536,129,8,grid,bf16,129.3700,1.8814,3835,0,ok
1,1024,128,gemv_wideN,bf16,131.4700,1.2992,3063,0,ok
4096,127,64,grid,bf16,129.9600,1.8914,4477,0,ok
96,4096,1536,grid,bf16,136.0400,12.6933,183551,0,ok
64,128,96,grid,bf16,126.6100,1.1031,445,0,ok
257,127,384,grid,bf16,127.9300,1.4774,1916,0,ok
29,6514,316,random,bf16,133.6300,4.9214,62882,0,ok
768,384,4096,grid,bf16,133.8900,10.4594,110399,0,ok
15,4159,924,random,bf16,133.2700,8.0403,104807,0,ok
1,768,384,grid,bf16,133.5800,1.6807,6893,0,ok
1,1024,768,grid,bf16,131.6300,3.1749,18383,0,ok
1,127,96,grid,bf16,127.6000,1.0996,382,0,ok
32,384,384,grid,bf16,124.8600,1.4397,3725,0,ok
8,4,8,grid,bf16,127.1500,1.0092,389,0,ok
4,8,4,grid,bf16,126.3100,0.9785,385,0,ok
96,8,16,grid,bf16,124.4600,1.0009,477,0,ok
512,1024,2048,grid,bf16,136.1000,8.2003,114431,0,ok
4096,129,1,grid,bf16,127.5900,2.5781,8955,0,ok
256,192,1024,grid,bf16,127.9800,2.0192,10207,0,ok
566,39,3097,random,bf16,135.9700,4.8366,23699,0,ok
4,768,2,grid,bf16,131.9300,1.1150,2315,0,ok
25,52,52,random,bf16,134.2000,1.6437,406,0,ok
4,8,384,grid,bf16,130.6000,1.0688,1157,0,ok
2048,1024,4096,grid,bf16,152.9500,27.8369,622079,0,ok
2112,8,8,tall,bf16,130.0500,1.2066,2493,0,ok
129,128,1536,grid,bf16,136.5700,1.8934,6131,0,ok
32,192,1,grid,bf16,131.1600,0.4249,827,0,ok
1,129,257,grid,bf16,131.9200,1.2413,2297,0,ok
2,73,144,random,bf16,131.6000,1.1083,767,0,ok
512,32,1,grid,bf16,130.8700,1.1195,893,0,ok
127,1536,127,grid,bf16,130.6300,1.6466,6107,0,ok
192,4,192,grid,bf16,133.3300,1.2157,1147,0,ok
2,3448,4790,random,bf16,139.8800,31.5685,393983,0,ok
8,1057,8,fat,bf16,134.7200,1.6486,3509,0,ok
768,4096,96,grid,bf16,141.2700,4.2801,36799,0,ok
32,768,1,grid,bf16,131.8400,1.0469,2483,0,ok
64,8,512,grid,bf16,132.7900,1.7561,1783,0,ok
11,68,1129,random,bf16,130.5200,1.3515,3536,0,ok
513,16,16,tall,bf16,134.3400,1.7565,894,0,ok
384,768,127,grid,bf16,136.5300,1.6694,4595,0,ok
4,32,192,grid,bf16,131.5300,1.6538,771,0,ok
8,8200,8,fat,bf16,132.6800,1.9111,25349,0,ok
2,1609,3007,random,bf16,131.5900,10.6968,119807,0,ok
384,2048,16,grid,bf16,136.4100,1.8440,12255,0,ok
256,264,64,wide_output,bf16,129.0400,1.2930,1913,0,ok
768,129,128,grid,bf16,129.7800,1.4448,2299,0,ok
1,1,1024,grid,bf16,126.3700,1.9990,3063,0,ok
1536,384,257,grid,bf16,135.3900,2.6700,17261,0,ok
1024,1024,1536,grid,bf16,132.0700,9.5865,134975,0,ok
1,32,512,grid,bf16,127.0000,1.1005,1531,0,ok
16,16,608,deepK,bf16,127.4000,1.1275,1989,0,ok
1,1,2048,grid,bf16,124.6900,2.0648,6127,0,ok
8192,8192,64,thinK,bf16,215.3100,236.4349,548735,0,ok
128,129,768,grid,bf16,126.0100,1.5134,6119,0,ok
768,256,1536,grid,bf16,129.4200,4.0624,27599,0,ok
128,2,192,grid,bf16,125.5500,1.0963,1019,0,ok
1,34,1371,random,bf16,133.1700,1.8995,4212,0,ok
4,384,257,grid,bf16,124.8800,1.8962,3473,0,ok
1088,1024,64,thinK,bf16,137.5200,2.2909,11759,0,ok
2,127,128,grid,bf16,127.8700,1.0990,383,0,ok
512,128,128,grid,bf16,126.4800,1.3577,893,0,ok
257,2,64,grid,bf16,127.6900,1.1097,638,0,ok
8,4096,2048,grid,bf16,135.4700,15.5776,199679,0,ok
128,128,4192,deepK,bf16,129.2100,2.9523,16829,0,ok
3427,16,28,random,bf16,127.8100,1.8967,3808,0,ok
4096,32,129,grid,bf16,128.7000,2.1156,8955,0,ok
2811,2,1,random,bf16,123.8500,1.0983,3192,0,ok
1,2048,127,grid,bf16,133.5800,1.6176,6127,0,ok
143,126,603,random,bf16,126.9700,1.4744,2624,0,ok
64,96,64,grid,bf16,126.0400,1.0987,445,0,ok
64,768,1536,grid,bf16,132.2400,3.3645,32111,0,ok
192,768,4096,grid,bf16,137.5900,8.1577,110207,0,ok
1,608,256,gemv_wideN,bf16,126.7200,1.4743,3829,0,ok
1,1,4,grid,bf16,126.7100,1.3416,382,0,ok
1536,512,16,grid,bf16,129.7200,1.6541,7671,0,ok
384,257,768,grid,bf16,128.8600,2.1432,13787,0,ok
257,129,2048,grid,bf16,127.9800,2.7358,20447,0,ok
192,192,2048,grid,bf16,128.2400,2.4938,18367,0,ok
256,257,129,grid,bf16,124.6000,1.3768,3827,0,ok
129,16,257,grid,bf16,123.9700,1.2031,1532,0,ok
8,8,512,grid,bf16,124.6700,1.6211,1559,0,ok
1024,16,192,grid,bf16,122.8700,2.0455,2811,0,ok
29,136,1242,random,bf16,123.5800,1.5388,8219,0,ok
1,8192,256,gemv_wideN,bf16,130.9400,5.7308,49023,0,ok
129,16,1,grid,bf16,124.3300,0.4134,510,0,ok
8,96,129,grid,bf16,127.6400,1.6237,779,0,ok
1,1151,128,gemv_wideN,bf16,124.1500,1.3673,3446,0,ok
1024,129,2048,grid,bf16,133.7500,5.5833,44991,0,ok
746,353,3,random,bf16,129.4300,1.3165,3383,0,ok
2048,8,2,grid,bf16,125.4500,1.1036,2429,0,ok
128,192,64,grid,bf16,126.7500,1.2275,1019,0,ok
257,512,16,grid,bf16,129.2200,1.2177,2555,0,ok
1024,16,1024,grid,bf16,128.9100,3.1355,11247,0,ok
128,2,768,grid,bf16,127.2000,1.9007,3059,0,ok
1,365,4,random,bf16,128.9100,1.0433,1148,0,ok
4096,129,64,grid,bf16,132.1400,1.9210,8955,0,ok
257,512,256,grid,bf16,131.3200,1.5594,5111,0,ok
768,127,2048,grid,bf16,133.0200,4.5946,18399,0,ok
1024,256,32,grid,bf16,132.7300,1.3929,2811,0,ok
127,16,2048,grid,bf16,130.0100,1.6855,8143,0,ok
129,64,8,grid,bf16,131.1600,1.1109,510,0,ok
512,256,129,grid,bf16,132.8500,1.4618,3575,0,ok
16,128,8,grid,bf16,130.5700,1.1055,397,0,ok
16,1151,64,wide_output,bf16,131.2000,1.8576,3581,0,ok
8,8,2175,deepK,bf16,130.5900,1.1704,6629,0,ok
64,8193,64,fat,bf16,131.2900,2.4166,28989,0,ok
1024,4,192,grid,bf16,129.3900,1.4793,2811,0,ok
9,7,15,random,bf16,131.1200,1.0323,390,0,ok
384,32,1024,grid,bf16,132.6600,1.9569,6127,0,ok
1,1,513,deepK,bf16,129.8600,1.9731,1914,0,ok
2,64,384,grid,bf16,130.5000,1.1418,1151,0,ok
520,512,64,thinK,bf16,128.3300,1.4531,3607,0,ok
128,128,2175,deepK,bf16,129.7200,2.1303,8669,0,ok
1536,128,384,grid,bf16,129.0800,2.4334,5753,0,ok
127,256,4,grid,bf16,129.6000,1.1185,1017,0,ok
64,64,4096,grid,bf16,130.7200,2.0162,14271,0,ok
1024,768,2,grid,bf16,127.9600,1.7355,8435,0,ok
4,512,1024,grid,bf16,130.4300,2.6238,12351,0,ok
512,1,8,grid,bf16,134.9000,1.0473,893,0,ok
512,128,1024,grid,bf16,130.7100,2.3963,7151,0,ok
384,4,768,grid,bf16,129.4600,2.3060,4595,0,ok
96,384,4,grid,bf16,132.5500,1.2003,1433,0,ok
768,127,129,grid,bf16,130.5700,1.4575,2299,0,ok
36,4034,60,random,bf16,132.1500,2.2632,13375,0,ok
384,1024,192,grid,bf16,131.3100,2.0129,12255,0,ok
96,96,768,grid,bf16,128.9000,1.4075,2867,0,ok
192,96,16,grid,bf16,131.6700,1.7261,573,0,ok
1536,4096,512,grid,bf16,140.5400,15.2728,245503,0,ok
16,1536,256,grid,bf16,130.1500,2.4141,9551,0,ok
4,894,874,random,bf16,128.6100,2.5045,18913,0,ok
32,768,129,grid,bf16,129.0300,1.3540,4967,0,ok
256,4097,256,fat,bf16,129.6100,3.6892,42107,0,ok
1,1120,8,gemv_wideN,bf16,129.0300,1.1095,3446,0,ok
1536,4,128,grid,bf16,128.8100,1.5064,1917,0,ok
67,5386,53,random,bf16,131.4300,2.0126,19306,0,ok
2,35,5366,random,bf16,128.9000,1.6010,16127,0,ok
1536,16,128,grid,bf16,128.2700,2.0764,1917,0,ok
129,257,4096,grid,bf16,130.9900,4.2914,49055,0,ok
1,16,128,grid,bf16,128.9600,1.0416,382,0,ok
825,23,11,random,bf16,128.6300,1.7242,1206,0,ok
257,129,96,grid,bf16,128.0800,1.3018,1277,0,ok
8,2,8,grid,bf16,128.5500,1.0115,389,0,ok
20,4,14,random,bf16,131.1400,1.0049,401,0,ok
619,3,147,random,bf16,129.0200,1.3166,2001,0,ok
127,256,1024,grid,bf16,130.7600,1.9294,8143,0,ok
96,192,1536,grid,bf16,132.1600,2.0115,11471,0,ok
513,1,1,tall,bf16,130.1800,1.4813,894,0,ok
64,64,8225,deepK,bf16,128.5900,2.9408,28989,0,ok
256,4,2048,grid,bf16,129.5400,2.2741,10207,0,ok
257,768,192,grid,bf16,130.0700,1.6333,7667,0,ok
128,127,384,grid,bf16,130.1800,1.3543,1529,0,ok
768,512,32,grid,bf16,129.0700,1.4491,4599,0,ok
182,1,3,random,bf16,128.8200,1.0198,563,0,ok
1,16,1024,grid,bf16,132.1200,1.7400,3063,0,ok
8,364,807,random,bf16,130.6600,1.7391,8189,0,ok
768,2,1024,grid,bf16,128.6300,2.6842,9199,0,ok
129,2,128,grid,bf16,132.2700,1.1292,510,0,ok
384,96,128,grid,bf16,132.7300,1.3141,765,0,ok
4,16,768,grid,bf16,131.0700,1.6390,2315,0,ok
20,2,108,random,bf16,130.4100,1.0369,401,0,ok
256,383,256,fat,bf16,131.2500,1.4915,3827,0,ok
92,495,44,random,bf16,130.0000,1.2113,1895,0,ok
8,16,2,grid,bf16,129.0500,0.5174,389,0,ok
8,8,608,deepK,bf16,128.7400,1.6409,1949,0,ok
768,129,2048,grid,bf16,131.1700,4.5937,36799,0,ok
2048,512,64,grid,bf16,129.5500,2.2080,9719,0,ok
1,4096,1536,grid,bf16,138.0700,11.3871,147071,0,ok
2008,20,4,random,bf16,128.8100,1.1858,2389,0,ok
14,19,661,random,bf16,128.1200,1.1645,2375,0,ok
768,96,512,grid,bf16,129.8900,2.0695,4599,0,ok
4129,128,128,tall,bf16,133.4600,2.8242,4510,0,ok
8,129,129,grid,bf16,129.2700,1.6843,1559,0,ok
257,1024,1,grid,bf16,128.5000,1.1473,5111,0,ok
165,210,40,random,bf16,129.3500,1.2177,1093,0,ok
1292,801,669,random,bf16,137.6600,6.1746,70307,0,ok
96,257,256,grid,bf16,128.4700,1.3577,2867,0,ok
31,1,6341,random,bf16,130.3500,2.2918,20649,0,ok
11,267,9,random,bf16,129.6100,1.6449,1178,0,ok
4870,4067,120,random,bf16,153.6200,17.7693,168063,0,ok
4911,1958,86,random,bf16,141.2200,9.9137,84687,0,ok
2,4096,768,grid,bf16,131.1000,6.5647,73727,0,ok
384,96,64,grid,bf16,130.3100,1.2372,765,0,ok
1,639,64,wide_output,bf16,130.8800,1.1079,1914,0,ok
144,582,139,random,bf16,129.7100,1.4178,5259,0,ok
228,13,102,random,bf16,129.9700,1.6922,609,0,ok
4096,2048,512,grid,bf16,144.8400,15.7609,286591,0,ok
8,768,384,grid,bf16,129.8700,2.2910,7019,0,ok
128,4096,8,grid,bf16,129.6200,2.3989,16319,0,ok
96,64,96,grid,bf16,130.2900,1.1741,477,0,ok
64,4,64,grid,bf16,130.0500,1.0723,445,0,ok
512,2048,192,grid,bf16,130.4500,2.7060,28607,0,ok
2,3,7,random,bf16,127.9700,0.4368,383,0,ok
16,96,129,grid,bf16,127.5800,1.7352,795,0,ok
2,1,384,grid,bf16,127.7600,1.0600,1151,0,ok
30,15,10,random,bf16,128.4000,1.1099,411,0,ok
4096,768,768,grid,bf16,136.6100,10.5511,161207,0,ok
2,5203,113,random,bf16,128.2000,2.2739,15743,0,ok
495,254,30,random,bf16,129.7300,1.2946,1753,0,ok
128,512,192,grid,bf16,127.1800,1.4696,4079,0,ok
256,4097,64,wide_output,bf16,127.6100,2.3733,21053,0,ok
1,192,1,grid,bf16,128.0910,0.8982,765,0,ok
768,257,384,grid,bf16,127.6200,2.0693,10349,0,ok
1,4160,256,gemv_wideN,bf16,129.7300,3.7846,25277,0,ok
2144,8,8,tall,bf16,129.1500,1.1974,2525,0,ok
1120,64,64,tall,bf16,129.1500,1.3554,1501,0,ok
16,8,257,grid,bf16,128.4400,1.6261,1193,0,ok
192,32,1,grid,bf16,128.1500,0.4783,573,0,ok
4,128,192,grid,bf16,127.6000,1.6382,771,0,ok
1024,1536,127,grid,bf16,129.4400,2.9287,16871,0,ok
8,2048,257,grid,bf16,126.9100,2.1633,18719,0,ok
9,5370,24,random,bf16,127.4400,1.9710,16421,0,ok
1,129,127,grid,bf16,128.0300,1.1028,765,0,ok
384,384,512,grid,bf16,131.0800,2.1085,9191,0,ok
1,520,64,wide_output,bf16,129.8700,1.1670,1914,0,ok
4,8,1024,grid,bf16,130.9000,1.6383,3087,0,ok
4096,384,384,grid,bf16,137.2200,5.8087,40301,0,ok
107,57,82,random,bf16,128.2900,1.1389,488,0,ok
2,384,256,grid,bf16,128.6300,1.2896,2303,0,ok
127,384,127,grid,bf16,128.5600,1.2920,1526,0,ok
4,48,36,random,bf16,128.8300,1.0605,385,0,ok
272,46,247,random,bf16,129.0300,1.3131,1307,0,ok
4096,192,64,grid,bf16,129.5300,2.1467,8955,0,ok
384,512,32,grid,bf16,129.6000,1.3521,3063,0,ok
8,4104,8,fat,bf16,128.3700,1.7444,12869,0,ok
512,129,1024,grid,bf16,129.3400,2.4120,14303,0,ok
4,129,2,grid,bf16,127.2900,0.5224,771,0,ok
1,257,64,wide_output,bf16,128.2700,1.1110,1148,0,ok
2,5,111,random,bf16,129.6800,0.4415,383,0,ok
768,384,256,grid,bf16,129.4900,1.8311,6899,0,ok
384,256,16,grid,bf16,128.3900,1.8060,1531,0,ok
256,768,128,grid,bf16,129.4600,1.4841,3827,0,ok
512,129,4,grid,bf16,129.2300,1.1559,1787,0,ok
257,4096,127,grid,bf16,131.3100,2.7764,20447,0,ok
4096,2,192,grid,bf16,130.2200,2.4579,8955,0,ok
1,1088,64,wide_output,bf16,133.5000,1.2255,3446,0,ok
16,64,4,grid,bf16,131.8300,1.0585,397,0,ok
1024,4,4,grid,bf16,129.2500,1.1118,1405,0,ok
6,33,25,random,bf16,129.0100,1.1066,387,0,ok
2048,129,192,grid,bf16,131.5300,1.9748,9719,0,ok
8193,16,16,tall,bf16,129.6500,2.0823,8574,0,ok
1,4223,16,gemv_wideN,bf16,130.7400,1.2514,12638,0,ok
4096,1,256,grid,bf16,129.0200,3.7475,8955,0,ok
128,512,1536,grid,bf16,129.9290,3.0799,24479,0,ok
64,4096,1,grid,bf16,129.2800,1.2528,14271,0,ok
8,192,64,grid,bf16,130.3300,1.6351,779,0,ok
2048,2048,1536,grid,bf16,147.9100,24.8367,466559,0,ok
115,1772,82,random,bf16,131.8400,1.6176,6957,0,ok
16,96,32,grid,bf16,129.2500,1.6424,397,0,ok
1024,96,768,grid,bf16,131.0300,2.8089,8435,0,ok
4,16,257,grid,bf16,129.2700,1.6278,1157,0,ok
32,96,768,grid,bf16,128.9400,1.3076,2483,0,ok
1289,18,61,random,bf16,130.3600,1.8932,1670,0,ok
1,64,192,grid,bf16,128.8800,1.1093,765,0,ok
16,2112,16,fat,bf16,129.7400,1.7718,6765,0,ok
8,8193,64,wide_output,bf16,128.8600,2.1571,25349,0,ok
4160,128,128,tall,bf16,130.8400,2.5032,4541,0,ok
65,312,78,random,bf16,129.2100,1.2283,1340,0,ok
512,96,64,grid,bf16,129.7400,1.2556,893,0,ok
384,1,128,grid,bf16,129.9800,1.2327,765,0,ok
192,192,8,grid,bf16,129.1600,1.1956,1147,0,ok
4,8,32,grid,bf16,129.7500,0.9755,385,0,ok
5379,76,17,random,bf16,130.6500,2.2997,5760,0,ok
64,545,64,fat,bf16,131.7600,1.2464,2229,0,ok
2,96,768,grid,bf16,132.7500,1.8836,2303,0,ok
96,256,4,grid,bf16,129.6300,1.1049,955,0,ok
2048,2048,2,grid,bf16,138.2500,4.4657,38879,0,ok
1024,8,512,grid,bf16,129.6900,2.7869,5623,0,ok
512,512,8,grid,bf16,130.7400,1.8641,3575,0,ok
681,5,4096,random,bf16,138.2500,6.5729,34015,0,ok
192,512,256,grid,bf16,131.6400,1.5243,4591,0,ok
129,96,1536,grid,bf16,130.0900,1.8602,6131,0,ok
32,192,256,grid,bf16,128.4600,1.2311,1655,0,ok
301,781,4,random,bf16,134.0000,1.4434,4780,0,ok
128,256,64,wide_output,bf16,128.4500,1.2329,1019,0,ok
4096,96,512,grid,bf16,130.1000,5.2941,17911,0,ok
384,4,128,grid,bf16,129.7000,1.1985,765,0,ok
768,257,512,grid,bf16,131.1800,2.2902,13799,0,ok
16,16,2056,deepK,bf16,130.8800,1.2330,6765,0,ok
16,768,384,grid,bf16,130.1000,1.6533,7163,0,ok
3280,546,2166,random,bf16,141.0500,18.4603,311269,0,ok
256,256,256,tall,bf16,130.1800,1.4651,2551,0,ok
32,256,2,grid,bf16,129.2500,0.5266,827,0,ok
256,256,2056,deepK,bf16,130.1200,3.0835,21691,0,ok
1024,96,512,grid,bf16,129.7700,2.2947,5623,0,ok
4096,1536,64,grid,bf16,139.0000,6.3465,53735,0,ok
127,384,256,grid,bf16,129.0300,1.4658,3053,0,ok
768,768,257,grid,bf16,131.4800,2.5012,20699,0,ok
256,2048,256,grid,bf16,130.1600,2.4923,20415,0,ok
4096,129,4096,grid,bf16,139.8500,33.4572,286591,0,ok
1024,8,8,tall,bf16,129.0900,1.1063,1405,0,ok
2,64,127,grid,bf16,129.0600,1.0497,383,0,ok
4104,16,16,tall,bf16,129.5100,1.8967,4485,0,ok
1,608,64,wide_output,bf16,128.7300,1.1722,1914,0,ok
7,245,147,random,bf16,129.9400,1.7806,1555,0,ok
4,384,32,grid,bf16,129.8100,1.1107,1157,0,ok
1536,768,2048,grid,bf16,137.7900,11.8067,184127,0,ok
768,257,4,grid,bf16,130.7500,1.3000,3449,0,ok
2,257,2048,grid,bf16,130.2900,2.2938,18431,0,ok
2,1,32,grid,bf16,129.4300,0.4831,383,0,ok
192,8,1,grid,bf16,128.4300,0.4231,573,0,ok
30,163,21,random,bf16,130.7300,1.6893,823,0,ok
608,8,8,tall,bf16,128.6900,1.1049,989,0,ok
384,2048,2048,grid,bf16,136.5400,11.4477,196095,0,ok
1,384,192,grid,bf16,129.8500,1.2595,2297,0,ok
8,2175,8,fat,bf16,128.9800,1.6297,6629,0,ok
4096,16,129,grid,bf16,129.8000,2.2061,8955,0,ok
8,4192,8,fat,bf16,127.8800,1.7559,12869,0,ok
8,1536,1536,grid,bf16,129.6700,5.1807,56159,0,ok
42,2,31,random,bf16,129.0000,1.0422,423,0,ok
16,2048,4096,grid,bf16,130.3700,16.0386,203775,0,ok
264,256,256,tall,bf16,129.9500,1.4102,2583,0,ok
64,192,4,grid,bf16,130.7200,1.1061,891,0,ok
127,128,1536,grid,bf16,129.2500,1.8999,6107,0,ok
2056,2048,64,thinK,bf16,136.7800,4.8892,39007,0,ok
384,96,4,grid,bf16,129.6300,1.1957,765,0,ok
2,384,768,grid,bf16,128.5400,2.2982,6911,0,ok
129,8,384,grid,bf16,129.2000,1.8062,1532,0,ok
36,2,22,random,bf16,128.1800,1.0407,417,0,ok
384,1,1536,grid,bf16,133.3600,2.8688,9191,0,ok
256,8319,64,wide_output,bf16,134.1300,3.5493,41469,0,ok
384,257,2,grid,bf16,128.5400,1.1927,2297,0,ok
8225,128,128,tall,bf16,129.7800,4.3829,8606,0,ok
14,6,5,random,bf16,127.2100,1.1021,395,0,ok
256,2048,129,grid,bf16,128.3800,2.1161,20415,0,ok
3920,51,49,random,bf16,129.1800,1.7018,4301,0,ok
64,4096,2,grid,bf16,127.7300,1.3082,14271,0,ok
257,1,1,grid,bf16,128.6300,0.9714,638,0,ok
4,129,127,grid,bf16,127.6700,1.1051,771,0,ok
1024,128,1,grid,bf16,128.3900,1.2283,1405,0,ok
42,68,34,random,bf16,127.4500,1.7223,423,0,ok
257,8,384,grid,bf16,128.1600,1.9078,1916,0,ok
64,4,384,grid,bf16,127.7000,1.6444,1337,0,ok
3,4036,9,random,bf16,127.4500,1.2423,12319,0,ok
192,257,127,grid,bf16,129.0800,1.3130,1721,0,ok
256,4,257,grid,bf16,126.9400,1.7938,1913,0,ok
64,256,2048,grid,bf16,128.5000,2.2752,14271,0,ok
2,64,129,grid,bf16,127.3900,1.1062,767,0,ok
2,384,127,grid,bf16,127.9700,1.1948,1151,0,ok
129,64,1,grid,bf16,127.2100,0.4668,510,0,ok
256,4096,32,grid,bf16,130.6300,2.1711,20415,0,ok
2246,1514,3,random,bf16,136.0600,3.7079,31535,0,ok
5,31,420,random,bf16,128.4300,1.6544,1547,0,ok
2296,901,1509,random,bf16,139.8400,15.6333,257087,0,ok
16,1057,16,fat,bf16,128.9000,1.7321,3581,0,ok
16,96,2048,grid,bf16,127.6500,1.6172,6367,0,ok
257,512,32,grid,bf16,131.9800,1.2902,2555,0,ok
8,8256,64,wide_output,bf16,127.7900,2.1283,25349,0,ok
1,5126,7,random,bf16,129.1700,1.2441,15702,0,ok
1024,64,128,grid,bf16,128.6500,1.4391,1405,0,ok
64,768,64,grid,bf16,128.3800,1.2463,2675,0,ok
1243,762,126,random,bf16,127.8900,2.2974,9749,0,ok
16,3343,143,random,bf16,128.4200,2.6497,21491,0,ok
64,4096,384,grid,bf16,132.0300,4.0147,42815,0,ok
4096,128,384,grid,bf16,128.1200,4.3364,13433,0,ok
192,768,96,grid,bf16,128.0100,1.4171,3443,0,ok
384,1536,1536,grid,bf16,127.4000,8.2976,110303,0,ok
1,1,352,deepK,bf16,128.6500,1.9675,1148,0,ok
512,8,16,grid,bf16,128.9400,1.0383,893,0,ok
768,16,2,grid,bf16,127.2200,1.1010,1149,0,ok
2048,256,4,grid,bf16,128.5800,1.5222,4859,0,ok
4096,96,127,grid,bf16,130.1500,2.2862,4477,0,ok
1024,256,2,grid,bf16,127.8000,1.2973,2811,0,ok
127,4096,64,grid,bf16,127.6500,2.1648,16287,0,ok
4096,4096,1,grid,bf16,147.2510,18.1840,143295,0,ok
1024,4096,1,grid,bf16,136.0400,5.8226,44991,0,ok
2,620,1,random,bf16,128.9800,0.4223,1919,0,ok
1,32,64,grid,bf16,127.1400,1.0500,382,0,ok
257,2,96,grid,bf16,126.9200,1.1710,638,0,ok
2433,288,101,random,bf16,130.3400,2.1386,8444,0,ok
1,4223,64,wide_output,bf16,129.3800,1.6998,12638,0,ok
31,334,955,random,bf16,129.1900,1.9326,9911,0,ok
256,256,8,grid,bf16,130.9700,1.1974,1275,0,ok
129,2,257,grid,bf16,128.7100,1.2145,1532,0,ok
192,8,129,grid,bf16,127.6100,1.7308,1147,0,ok
257,16,257,grid,bf16,127.1600,1.3601,1916,0,ok
14,501,49,random,bf16,127.7600,1.6648,1583,0,ok
512,384,192,grid,bf16,128.1900,1.6275,5363,0,ok
384,1536,2,grid,bf16,130.5000,1.6333,9191,0,ok
64,129,64,grid,bf16,128.7500,1.1462,891,0,ok
128,2048,1536,grid,bf16,128.6400,8.1854,97919,0,ok
96,127,1536,grid,bf16,128.9500,1.7456,5735,0,ok
2,4096,384,grid,bf16,127.5600,3.8126,36863,0,ok
257,128,192,grid,bf16,128.1200,1.3589,1277,0,ok
188,705,106,random,bf16,127.4600,1.4117,3419,0,ok
64,1536,1024,grid,bf16,130.7300,3.9933,42815,0,ok
768,768,2048,grid,bf16,135.3500,8.3102,110399,0,ok
4989,37,56,random,bf16,128.2800,2.3953,5370,0,ok
2,4,5105,random,bf16,130.2000,1.1546,15359,0,ok
1198,460,6290,random,bf16,140.9000,21.3002,315999,0,ok
2,2048,257,grid,bf16,128.0500,2.1310,18431,0,ok
64,64,2175,deepK,bf16,129.4700,1.6289,7581,0,ok
6,234,121,random,bf16,126.9210,1.7241,775,0,ok
384,192,4096,grid,bf16,127.4100,5.4514,49023,0,ok
3036,8,140,random,bf16,128.1100,2.4930,6835,0,ok
1024,96,96,grid,bf16,127.4000,1.3834,1405,0,ok
256,520,64,wide_output,bf16,127.8500,1.3272,3189,0,ok
19,6170,4150,random,bf16,139.2400,50.2328,648416,0,ok
2103,760,282,random,bf16,134.6500,4.4627,44729,0,ok
443,2035,22,random,bf16,128.3000,1.8456,13199,0,ok
2,986,1143,random,bf16,127.8900,3.3902,27647,0,ok
1536,512,129,grid,bf16,128.9400,2.0744,15343,0,ok
4,4096,127,grid,bf16,127.9100,2.0834,12351,0,ok
32,1024,64,grid,bf16,140.4500,1.8478,3311,0,ok
4,3845,125,random,bf16,128.3900,2.1460,11965,0,ok
246,3741,6063,random,bf16,146.4600,47.1696,904319,0,ok
16,32,256,grid,bf16,129.7900,1.6258,795,0,ok
352,8,8,tall,bf16,127.7700,1.1011,733,0,ok
96,257,16,grid,bf16,128.7000,1.7607,1433,0,ok
192,8,16,grid,bf16,128.2600,1.0360,573,0,ok
64,16,8,grid,bf16,128.6900,1.1113,445,0,ok
4096,192,16,grid,bf16,128.8400,1.8021,8955,0,ok
2048,129,1536,grid,bf16,128.7000,7.5758,58319,0,ok
128,8,4096,grid,bf16,127.5300,2.2451,16319,0,ok
192,129,1536,grid,bf16,127.1000,2.1052,13775,0,ok
256,32,16,grid,bf16,127.8700,1.6329,637,0,ok
28,7383,10,random,bf16,129.6700,2.1301,23779,0,ok
1,768,256,grid,bf16,129.4800,1.5181,4595,0,ok
128,257,1,grid,bf16,128.0100,0.4549,1529,0,ok
1536,1024,64,grid,bf16,132.2300,2.5903,15343,0,ok
127,129,4,grid,bf16,128.8000,1.1143,1017,0,ok
4157,2,3,random,bf16,128.4400,1.1538,4538,0,ok
