M,N,K,shape_class
1,1,4,grid
1,1,8,random
1,1,129,grid
1,1,256,grid
1,1,257,deepK
1,1,264,deepK
1,1,269,random
1,1,289,deepK
1,1,320,deepK
1,1,352,deepK
1,1,383,deepK
1,1,512,grid
1,1,513,deepK
1,1,520,deepK
1,1,545,deepK
1,1,576,deepK
1,1,608,deepK
1,1,639,deepK
1,1,768,grid
1,1,1024,grid
1,1,1025,deepK
1,1,1032,deepK
1,1,1057,deepK
1,1,1084,random
1,1,1088,deepK
1,1,1120,deepK
1,1,1151,deepK
1,1,2048,grid
1,1,2049,deepK
1,1,2056,deepK
1,1,2081,deepK
1,1,2112,deepK
1,1,2144,deepK
1,1,2175,deepK
1,1,4096,grid
1,1,4097,deepK
1,1,4104,deepK
1,1,4129,deepK
1,1,4160,deepK
1,1,4192,deepK
1,1,4223,deepK
1,1,8192,deepK
1,1,8193,deepK
1,1,8200,deepK
1,1,8225,deepK
1,1,8256,deepK
1,1,8288,deepK
1,1,8319,deepK
1,2,4,grid
1,2,5,random
1,2,8,grid
1,2,16,grid
1,2,39,random
1,2,96,grid
1,2,1024,grid
1,2,1536,grid
1,2,2048,grid
1,2,4096,grid
1,2,7368,random
1,3,16,random
1,3,32,random
1,3,232,random
1,3,2513,random
1,4,1,random
1,4,2,random
1,4,3,random
1,4,6,random
1,4,8,grid
1,4,10,random
1,4,127,grid
1,4,129,grid
1,4,192,grid
1,4,225,random
1,4,256,grid
1,4,768,grid
1,4,1536,grid
1,4,2048,grid
1,4,6960,random
1,5,96,random
1,6,20,random
1,6,2196,random
1,7,55,random
1,8,1,grid
1,8,2,grid
1,8,8,grid
1,8,16,grid
1,8,32,grid
1,8,96,grid
1,8,192,grid
1,8,512,grid
1,8,768,grid
1,8,1024,grid
1,8,1627,random
1,8,4096,grid
1,10,962,random
1,13,106,random
1,14,9,random
1,16,4,grid
1,16,16,grid
1,16,64,grid
1,16,127,grid
1,16,128,grid
1,16,129,grid
1,16,192,grid
1,16,256,grid
1,16,257,grid
1,16,384,grid
1,16,512,grid
1,16,1024,grid
1,18,1328,random
1,19,3,random
1,23,329,random
1,32,1,grid
1,32,16,grid
1,32,32,grid
1,32,64,grid
1,32,96,grid
1,32,512,grid
1,32,1536,grid
1,32,2048,grid
1,34,1371,random
1,41,2,random
1,46,2,random
1,50,398,random
1,51,508,random
1,64,1,grid
1,64,4,grid
1,64,32,grid
1,64,64,grid
1,64,96,grid
1,64,127,grid
1,64,128,grid
1,64,192,grid
1,64,256,grid
1,64,257,grid
1,64,1024,grid
1,70,176,random
1,75,3201,random
1,96,8,grid
1,96,16,grid
1,96,64,grid
1,96,127,grid
1,96,128,grid
1,96,384,grid
1,96,768,grid
1,96,1024,grid
1,96,1536,grid
1,96,4096,grid
1,127,4,grid
1,127,16,grid
1,127,32,grid
1,127,75,random
1,127,96,grid
1,127,127,grid
1,127,129,grid
1,127,192,grid
1,127,768,grid
1,127,1536,grid
1,127,4096,grid
1,128,1,grid
1,128,2,grid
1,128,8,grid
1,128,16,grid
1,128,32,grid
1,128,64,grid
1,128,128,grid
1,128,129,grid
1,128,257,grid
1,128,384,grid
1,128,512,grid
1,128,1024,grid
1,128,2048,grid
1,129,1,grid
1,129,2,grid
1,129,32,grid
1,129,64,grid
1,129,96,grid
1,129,127,grid
1,129,257,grid
1,129,384,grid
1,129,512,grid
1,129,768,grid
1,129,1536,grid
1,129,2048,grid
1,148,817,random
1,166,2,random
1,192,1,grid
1,192,2,grid
1,192,8,grid
1,192,16,grid
1,192,32,grid
1,192,64,grid
1,192,96,grid
1,192,127,grid
1,192,129,grid
1,192,192,grid
1,192,257,grid
1,192,384,grid
1,192,768,grid
1,237,19,random
1,239,4299,random
1,248,14,random
1,256,1,fat
1,256,4,grid
1,256,8,gemv_wideN
1,256,16,gemv_wideN
1,256,32,grid
1,256,64,wide_output
1,256,96,grid
1,256,128,grid
1,256,129,grid
1,256,256,grid
1,256,768,grid
1,256,1024,grid
1,256,4096,grid
1,257,1,fat
1,257,8,gemv_wideN
1,257,16,gemv_wideN
1,257,64,wide_output
1,257,96,grid
1,257,127,grid
1,257,128,grid
1,257,129,grid
1,257,256,grid
1,257,257,grid
1,257,1024,grid
1,257,1536,grid
1,258,308,random
1,259,1799,random
1,261,292,random
1,264,1,fat
1,264,8,gemv_wideN
1,264,16,gemv_wideN
1,264,64,wide_output
1,264,128,gemv_wideN
1,264,256,gemv_wideN
1,289,1,fat
1,289,8,gemv_wideN
1,289,16,gemv_wideN
1,289,64,wide_output
1,289,128,gemv_wideN
1,289,256,gemv_wideN
1,293,293,random
1,305,236,random
1,309,2,random
1,320,1,fat
1,320,8,gemv_wideN
1,320,16,gemv_wideN
1,320,64,wide_output
1,320,128,gemv_wideN
1,320,256,gemv_wideN
1,352,1,fat
1,352,8,gemv_wideN
1,352,16,gemv_wideN
1,352,64,wide_output
1,352,128,gemv_wideN
1,352,256,gemv_wideN
1,362,1,random
1,365,4,random
1,383,1,fat
1,383,8,gemv_wideN
1,383,16,gemv_wideN
1,383,64,wide_output
1,383,128,gemv_wideN
1,383,256,gemv_wideN
1,384,4,grid
1,384,16,grid
1,384,96,grid
1,384,128,grid
1,384,129,grid
1,384,192,grid
1,384,257,grid
1,384,384,grid
1,384,512,grid
1,384,1024,grid
1,450,64,random
1,462,153,random
1,512,1,fat
1,512,2,grid
1,512,8,grid
1,512,16,gemv_wideN
1,512,64,wide_output
1,512,128,gemv_wideN
1,512,129,grid
1,512,256,gemv_wideN
1,512,257,grid
1,512,1536,grid
1,512,2048,grid
1,512,4096,grid
1,513,1,fat
1,513,8,gemv_wideN
1,513,16,gemv_wideN
1,513,64,wide_output
1,513,128,gemv_wideN
1,513,256,gemv_wideN
1,520,1,fat
1,520,8,gemv_wideN
1,520,16,gemv_wideN
1,520,64,wide_output
1,520,128,gemv_wideN
1,520,256,gemv_wideN
1,545,1,fat
1,545,8,gemv_wideN
1,545,16,gemv_wideN
1,545,64,wide_output
1,545,128,gemv_wideN
1,545,256,gemv_wideN
1,576,1,fat
1,576,8,gemv_wideN
1,576,16,gemv_wideN
1,576,64,wide_output
1,576,128,gemv_wideN
1,576,256,gemv_wideN
1,608,1,fat
1,608,8,gemv_wideN
1,608,16,gemv_wideN
1,608,64,wide_output
1,608,128,gemv_wideN
1,608,256,gemv_wideN
1,639,1,fat
1,639,8,gemv_wideN
1,639,16,gemv_wideN
1,639,64,wide_output
1,639,128,gemv_wideN
1,639,256,gemv_wideN
1,640,54,random
1,740,6391,random
1,768,1,grid
1,768,2,random
1,768,16,grid
1,768,127,grid
1,768,256,grid
1,768,257,grid
1,768,384,grid
1,768,1536,grid
1,787,1,random
1,854,555,random
1,1024,1,grid
1,1024,4,grid
1,1024,8,gemv_wideN
1,1024,16,gemv_wideN
1,1024,32,grid
1,1024,64,wide_output
1,1024,96,grid
1,1024,128,gemv_wideN
1,1024,256,grid
1,1024,768,grid
1,1024,1536,grid
1,1024,4096,grid
1,1025,1,fat
1,1025,8,gemv_wideN
1,1025,16,gemv_wideN
1,1025,64,wide_output
1,1025,128,gemv_wideN
1,1025,256,gemv_wideN
1,1032,1,fat
1,1032,8,gemv_wideN
1,1032,16,gemv_wideN
1,1032,64,wide_output
1,1032,128,gemv_wideN
1,1032,256,gemv_wideN
1,1057,1,fat
1,1057,8,gemv_wideN
1,1057,16,gemv_wideN
1,1057,64,wide_output
1,1057,128,gemv_wideN
1,1057,256,gemv_wideN
1,1088,1,fat
1,1088,8,gemv_wideN
1,1088,16,gemv_wideN
1,1088,64,wide_output
1,1088,128,gemv_wideN
1,1088,256,gemv_wideN
1,1120,1,fat
1,1120,8,gemv_wideN
1,1120,16,gemv_wideN
1,1120,64,wide_output
1,1120,128,gemv_wideN
1,1120,256,gemv_wideN
1,1151,1,fat
1,1151,8,gemv_wideN
1,1151,16,gemv_wideN
1,1151,64,wide_output
1,1151,128,gemv_wideN
1,1151,256,gemv_wideN
1,1220,1671,random
1,1285,4559,random
1,1287,140,random
1,1536,8,grid
1,1536,16,grid
1,1536,32,grid
1,1536,127,grid
1,1536,129,grid
1,1536,192,grid
1,1536,256,grid
1,1536,512,grid
1,1536,768,grid
1,1536,1024,grid
1,1536,1536,grid
1,1536,2048,grid
1,1616,20,random
1,1658,117,random
1,2048,1,grid
1,2048,2,grid
1,2048,4,grid
1,2048,8,grid
1,2048,16,gemv_wideN
1,2048,64,grid
1,2048,127,grid
1,2048,128,grid
1,2048,192,grid
1,2048,256,gemv_wideN
1,2048,384,grid
1,2048,768,grid
1,2048,1024,grid
1,2048,2048,grid
1,2048,4096,grid
1,2049,1,fat
1,2049,8,gemv_wideN
1,2049,16,gemv_wideN
1,2049,64,wide_output
1,2049,128,gemv_wideN
1,2049,256,gemv_wideN
1,2056,1,fat
1,2056,8,gemv_wideN
1,2056,16,gemv_wideN
1,2056,64,wide_output
1,2056,128,gemv_wideN
1,2056,256,gemv_wideN
1,2081,1,fat
1,2081,8,gemv_wideN
1,2081,16,gemv_wideN
1,2081,64,wide_output
1,2081,128,gemv_wideN
1,2081,256,gemv_wideN
1,2112,1,fat
1,2112,8,gemv_wideN
1,2112,16,gemv_wideN
1,2112,64,wide_output
1,2112,128,gemv_wideN
1,2112,256,gemv_wideN
1,2144,1,fat
1,2144,8,gemv_wideN
1,2144,16,gemv_wideN
1,2144,64,wide_output
1,2144,128,gemv_wideN
1,2144,256,gemv_wideN
1,2175,1,fat
1,2175,8,gemv_wideN
1,2175,16,gemv_wideN
1,2175,64,wide_output
1,2175,128,gemv_wideN
1,2175,256,gemv_wideN
1,2338,473,random
1,2383,20,random
1,2540,1416,random
1,2761,9,random
1,3312,3966,random
1,3472,1220,random
1,4096,1,grid
1,4096,2,grid
1,4096,4,grid
1,4096,8,grid
1,4096,16,gemv_wideN
1,4096,32,grid
1,4096,64,wide_output
1,4096,127,grid
1,4096,128,gemv_wideN
1,4096,192,grid
1,4096,256,grid
1,4096,257,grid
1,4096,384,grid
1,4096,512,grid
1,4096,768,grid
1,4096,1024,grid
1,4096,1536,grid
1,4096,4096,grid
1,4097,1,fat
1,4097,8,gemv_wideN
1,4097,16,gemv_wideN
1,4097,64,wide_output
1,4097,128,gemv_wideN
1,4097,256,gemv_wideN
1,4104,1,fat
1,4104,8,gemv_wideN
1,4104,16,gemv_wideN
1,4104,64,wide_output
1,4104,128,gemv_wideN
1,4104,256,gemv_wideN
1,4129,1,fat
1,4129,8,gemv_wideN
1,4129,16,gemv_wideN
1,4129,64,wide_output
1,4129,128,gemv_wideN
1,4129,256,gemv_wideN
1,4160,1,fat
1,4160,8,gemv_wideN
1,4160,16,gemv_wideN
1,4160,64,wide_output
1,4160,128,gemv_wideN
1,4160,256,gemv_wideN
1,4192,1,fat
1,4192,8,gemv_wideN
1,4192,16,gemv_wideN
1,4192,64,wide_output
1,4192,128,gemv_wideN
1,4192,256,gemv_wideN
1,4223,1,fat
1,4223,8,gemv_wideN
1,4223,16,gemv_wideN
1,4223,64,wide_output
1,4223,128,gemv_wideN
1,4223,256,gemv_wideN
1,4287,2028,random
1,4527,2,random
1,5126,7,random
1,5334,1675,random
1,5540,231,random
1,8192,1,fat
1,8192,8,gemv_wideN
1,8192,16,gemv_wideN
1,8192,64,wide_output
1,8192,128,gemv_wideN
1,8192,256,gemv_wideN
1,8193,1,fat
1,8193,8,gemv_wideN
1,8193,16,gemv_wideN
1,8193,64,wide_output
1,8193,128,gemv_wideN
1,8193,256,gemv_wideN
1,8200,1,fat
1,8200,8,gemv_wideN
1,8200,16,gemv_wideN
1,8200,64,wide_output
1,8200,128,gemv_wideN
1,8200,256,gemv_wideN
1,8225,1,fat
1,8225,8,gemv_wideN
1,8225,16,gemv_wideN
1,8225,64,wide_output
1,8225,128,gemv_wideN
1,8225,256,gemv_wideN
1,8256,1,fat
1,8256,8,gemv_wideN
1,8256,16,gemv_wideN
1,8256,64,wide_output
1,8256,128,gemv_wideN
1,8256,256,gemv_wideN
1,8288,1,fat
1,8288,8,gemv_wideN
1,8288,16,gemv_wideN
1,8288,64,wide_output
1,8288,128,gemv_wideN
1,8288,256,gemv_wideN
1,8319,1,fat
1,8319,8,gemv_wideN
1,8319,16,gemv_wideN
1,8319,64,wide_output
1,8319,128,gemv_wideN
1,8319,256,gemv_wideN
2,1,1,random
2,1,2,grid
2,1,4,grid
2,1,8,random
2,1,16,grid
2,1,32,grid
2,1,35,random
2,1,43,random
2,1,64,grid
2,1,127,grid
2,1,128,grid
2,1,129,grid
2,1,256,grid
2,1,384,grid
2,1,512,grid
2,1,768,grid
2,1,1693,random
2,1,4531,random
2,2,4,grid
2,2,8,grid
2,2,32,grid
2,2,64,grid
2,2,187,random
2,2,192,grid
2,2,256,grid
2,2,384,grid
2,2,512,grid
2,2,860,random
2,2,4096,grid
2,3,7,random
2,3,74,random
2,3,88,random
2,3,347,random
2,4,32,grid
2,4,64,grid
2,4,96,grid
2,4,129,grid
2,4,192,grid
2,4,256,grid
2,4,258,random
2,4,284,random
2,4,512,grid
2,4,768,grid
2,4,2048,grid
2,4,5105,random
2,5,14,random
2,5,111,random
2,6,3,random
2,6,19,random
2,7,1,random
2,8,32,grid
2,8,64,grid
2,8,128,grid
2,8,129,grid
2,8,174,random
2,8,256,grid
2,8,512,grid
2,8,1024,grid
2,8,1536,grid
2,8,2048,grid
2,8,4096,grid
2,12,59,random
2,15,106,random
2,15,825,random
2,16,4,grid
2,16,32,grid
2,16,96,grid
2,16,127,grid
2,16,128,grid
2,16,129,grid
2,16,191,random
2,16,256,grid
2,16,257,grid
2,16,768,grid
2,16,2048,grid
2,16,4096,grid
2,20,6728,random
2,23,90,random
2,25,1,random
2,29,5421,random
2,32,2,grid
2,32,64,grid
2,32,129,grid
2,32,256,grid
2,32,768,grid
2,32,4096,grid
2,35,218,random
2,35,5366,random
2,38,19,random
2,44,143,random
2,55,30,random
2,64,2,grid
2,64,4,grid
2,64,16,grid
2,64,32,grid
2,64,64,grid
2,64,96,grid
2,64,127,grid
2,64,128,grid
2,64,129,grid
2,64,192,grid
2,64,384,grid
2,64,512,grid
2,64,768,grid
2,65,394,random
2,70,4,random
2,73,144,random
2,77,21,random
2,96,8,grid
2,96,64,grid
2,96,96,grid
2,96,127,grid
2,96,128,grid
2,96,192,grid
2,96,768,grid
2,96,1536,grid
2,96,4096,grid
2,119,117,random
2,124,3,random
2,127,4,grid
2,127,16,grid
2,127,96,grid
2,127,127,grid
2,127,128,grid
2,127,129,grid
2,127,256,grid
2,127,1536,grid
2,127,2048,grid
2,128,8,grid
2,128,16,grid
2,128,32,grid
2,128,64,grid
2,128,127,grid
2,128,128,grid
2,128,129,grid
2,128,256,grid
2,128,257,grid
2,128,1024,grid
2,128,2048,grid
2,129,1,grid
2,129,8,grid
2,129,16,grid
2,129,32,grid
2,129,64,grid
2,129,96,grid
2,129,127,grid
2,129,128,grid
2,129,192,grid
2,129,256,grid
2,129,768,grid
2,129,1024,grid
2,129,1536,grid
2,129,2048,grid
2,161,24,random
2,169,125,random
2,192,1,grid
2,192,8,grid
2,192,32,grid
2,192,96,grid
2,192,512,grid
2,192,1536,grid
2,192,4096,grid
2,197,55,random
2,200,20,random
2,256,1,grid
2,256,8,grid
2,256,257,grid
2,256,384,grid
2,256,1024,grid
2,256,2048,grid
2,256,4096,grid
2,257,1,grid
2,257,64,grid
2,257,127,grid
2,257,384,grid
2,257,2048,grid
2,257,4096,grid
2,270,1,random
2,289,160,random
2,309,4407,random
2,314,5,random
2,361,435,random
2,370,387,random
2,384,4,grid
2,384,8,grid
2,384,16,grid
2,384,32,grid
2,384,127,grid
2,384,192,grid
2,384,256,grid
2,384,768,grid
2,384,1024,grid
2,384,2048,grid
2,384,4096,grid
2,420,5,random
2,501,2,random
2,512,1,grid
2,512,2,grid
2,512,4,grid
2,512,96,grid
2,512,257,grid
2,512,1536,grid
2,512,2048,grid
2,605,462,random
2,620,1,random
2,768,1,grid
2,768,2,grid
2,768,96,grid
2,768,128,grid
2,768,192,grid
2,768,256,grid
2,768,384,grid
2,768,1024,grid
2,768,1536,grid
2,768,2048,grid
2,922,2699,random
2,986,1143,random
2,1009,411,random
2,1024,8,grid
2,1024,129,grid
2,1024,257,grid
2,1024,512,grid
2,1024,768,grid
2,1024,1536,grid
2,1096,13,random
2,1100,3,random
2,1216,59,random
2,1310,11,random
2,1360,25,random
2,1536,1,grid
2,1536,2,grid
2,1536,4,grid
2,1536,8,grid
2,1536,16,grid
2,1536,96,grid
2,1536,127,grid
2,1536,192,grid
2,1536,256,grid
2,1536,257,grid
2,1536,512,grid
2,1536,1536,grid
2,1609,3007,random
2,2048,2,grid
2,2048,4,grid
2,2048,16,grid
2,2048,64,grid
2,2048,127,grid
2,2048,129,grid
2,2048,192,grid
2,2048,257,grid
2,2048,384,grid
2,2048,512,grid
2,2048,1024,grid
2,2048,1536,grid
2,2048,4096,grid
2,2197,36,random
2,2396,559,random
2,2514,1,random
2,3158,94,random
2,3274,396,random
2,3448,4790,random
2,4096,1,grid
2,4096,256,grid
2,4096,257,grid
2,4096,384,grid
2,4096,512,grid
2,4096,768,grid
2,4096,1024,grid
2,4096,2048,grid
2,4520,900,random
2,4999,627,random
2,5203,113,random
2,5569,7474,random
2,5794,7081,random
2,6806,7953,random
2,6901,673,random
2,7482,2208,random
3,1,2,random
3,1,4,random
3,1,16,random
3,1,45,random
3,2,2,random
3,2,7040,random
3,3,4,random
3,3,8,random
3,3,32,random
3,3,625,random
3,3,686,random
3,3,1544,random
3,3,3676,random
3,4,1504,random
3,8,87,random
3,8,373,random
3,13,1770,random
3,17,1,random
3,24,5,random
3,29,109,random
3,29,2114,random
3,30,933,random
3,32,33,random
3,33,2911,random
3,36,6,random
3,45,410,random
3,48,1,random
3,49,2,random
3,54,435,random
3,68,28,random
3,76,325,random
3,141,23,random
3,154,1,random
3,160,338,random
3,188,4,random
3,199,16,random
3,216,83,random
3,247,1111,random
3,265,313,random
3,274,4,random
3,328,82,random
3,329,126,random
3,374,7920,random
3,472,111,random
3,611,6783,random
3,643,55,random
3,768,25,random
3,920,20,random
3,1318,27,random
3,1407,6,random
3,1548,11,random
3,1822,83,random
3,2407,1662,random
3,2873,1,random
3,3131,69,random
3,3700,1343,random
3,4036,9,random
3,4053,75,random
3,4154,11,random
3,4336,5156,random
3,4519,17,random
3,4638,50,random
3,6780,373,random
3,7254,65,random
4,1,16,grid
4,1,33,random
4,1,96,grid
4,1,127,grid
4,1,128,grid
4,1,214,random
4,1,256,grid
4,1,286,random
4,1,1024,grid
4,1,2048,grid
4,1,4096,grid
4,2,2,grid
4,2,8,grid
4,2,16,grid
4,2,64,grid
4,2,127,grid
4,2,128,grid
4,2,192,grid
4,2,256,grid
4,2,384,grid
4,2,768,grid
4,2,2048,grid
4,3,94,random
4,3,8045,random
4,4,1,random
4,4,4,grid
4,4,32,grid
4,4,64,grid
4,4,127,grid
4,4,128,grid
4,4,129,grid
4,4,174,random
4,4,192,grid
4,4,256,grid
4,4,257,grid
4,4,512,grid
4,4,1024,grid
4,5,10,random
4,5,4015,random
4,6,30,random
4,7,3,random
4,8,4,grid
4,8,8,grid
4,8,32,grid
4,8,96,grid
4,8,127,grid
4,8,256,grid
4,8,384,grid
4,8,512,grid
4,8,1024,grid
4,8,2048,grid
4,16,1,grid
4,16,2,grid
4,16,4,grid
4,16,96,grid
4,16,127,grid
4,16,129,grid
4,16,256,grid
4,16,257,grid
4,16,768,grid
4,16,1024,grid
4,20,1231,random
4,22,41,random
4,25,100,random
4,32,1,grid
4,32,2,grid
4,32,4,grid
4,32,13,random
4,32,16,grid
4,32,32,grid
4,32,127,grid
4,32,128,grid
4,32,163,random
4,32,192,grid
4,32,257,grid
4,32,512,grid
4,32,1536,grid
4,32,2048,grid
4,44,916,random
4,48,36,random
4,64,1,grid
4,64,2,grid
4,64,16,grid
4,64,64,grid
4,64,96,grid
4,64,128,grid
4,64,129,grid
4,64,256,grid
4,64,257,grid
4,64,384,grid
4,64,512,grid
4,64,1024,grid
4,64,4096,grid
4,96,2,grid
4,96,32,grid
4,96,64,grid
4,96,96,grid
4,96,129,grid
4,96,192,grid
4,96,257,grid
4,96,384,grid
4,96,768,grid
4,96,4096,grid
4,127,2,grid
4,127,8,grid
4,127,64,grid
4,127,192,grid
4,127,512,grid
4,127,768,grid
4,128,16,grid
4,128,32,grid
4,128,96,grid
4,128,127,grid
4,128,192,grid
4,128,256,grid
4,128,1024,grid
4,128,1536,grid
4,128,4096,grid
4,129,2,grid
4,129,8,grid
4,129,16,grid
4,129,127,grid
4,129,128,grid
4,129,256,grid
4,129,384,grid
4,129,1024,grid
4,129,2048,grid
4,144,10,random
4,152,2,random
4,183,2,random
4,192,2,grid
4,192,8,grid
4,192,64,grid
4,192,127,grid
4,192,128,grid
4,192,129,grid
4,192,192,grid
4,192,512,grid
4,192,1024,grid
4,192,1536,grid
4,192,2048,grid
4,192,4096,grid
4,227,10,random
4,256,4,grid
4,256,8,grid
4,256,16,grid
4,256,32,grid
4,256,129,grid
4,256,1024,grid
4,256,1536,grid
4,256,4096,grid
4,257,1,grid
4,257,2,grid
4,257,4,grid
4,257,8,grid
4,257,96,grid
4,257,127,grid
4,257,128,grid
4,257,129,grid
4,257,256,grid
4,257,1536,grid
4,257,4096,grid
4,280,453,random
4,369,6173,random
4,384,16,grid
4,384,32,grid
4,384,64,grid
4,384,127,grid
4,384,257,grid
4,384,512,grid
4,384,1024,grid
4,384,1536,grid
4,384,4096,grid
4,412,24,random
4,512,1,grid
4,512,4,grid
4,512,8,grid
4,512,16,grid
4,512,32,grid
4,512,127,grid
4,512,129,grid
4,512,192,grid
4,512,257,grid
4,512,1024,grid
4,512,1536,grid
4,512,2048,grid
4,512,4096,grid
4,581,70,random
4,630,173,random
4,696,13,random
4,768,1,grid
4,768,2,grid
4,768,8,grid
4,768,32,grid
4,768,127,grid
4,768,256,grid
4,768,257,grid
4,768,384,grid
4,768,768,grid
4,768,1536,grid
4,768,2048,grid
4,768,4096,grid
4,791,514,random
4,894,874,random
4,970,1636,random
4,1024,4,grid
4,1024,8,grid
4,1024,128,grid
4,1024,129,grid
4,1024,192,grid
4,1024,256,grid
4,1024,257,grid
4,1024,384,grid
4,1024,768,grid
4,1536,8,grid
4,1536,32,grid
4,1536,64,grid
4,1536,96,grid
4,1536,127,grid
4,1536,128,grid
4,1536,129,grid
4,1536,192,grid
4,1536,384,grid
4,1536,2048,grid
4,1536,4096,grid
4,2048,4,grid
4,2048,8,grid
4,2048,16,grid
4,2048,32,grid
4,2048,96,grid
4,2048,129,grid
4,2048,192,grid
4,2048,384,grid
4,2048,512,grid
4,2048,768,grid
4,2048,2048,grid
4,2048,4096,grid
4,2213,387,random
4,2594,83,random
4,3845,125,random
4,4096,4,grid
4,4096,16,grid
4,4096,32,grid
4,4096,127,grid
4,4096,256,grid
4,4096,384,grid
4,4096,512,grid
4,4096,768,grid
4,4096,1024,grid
4,4096,1536,grid
4,4096,2048,grid
4,4515,6,random
4,6788,2,random
4,7580,3663,random
5,2,4268,random
5,4,684,random
5,4,857,random
5,5,379,random
5,6,1,random
5,6,8,random
5,6,140,random
5,6,429,random
5,8,2,random
5,9,51,random
5,19,7273,random
5,26,440,random
5,31,420,random
5,70,40,random
5,83,3,random
5,95,7,random
5,152,72,random
5,175,127,random
5,192,14,random
5,198,1,random
5,363,7326,random
5,371,1522,random
5,376,248,random
5,849,41,random
5,1150,55,random
5,1209,474,random
5,1321,13,random
5,2003,2,random
5,2491,5615,random
5,3296,14,random
5,4810,6,random
5,5088,178,random
5,5504,90,random
5,6017,26,random
6,1,544,random
6,1,3225,random
6,2,3,random
6,3,131,random
6,3,422,random
6,4,63,random
6,9,220,random
6,22,9,random
6,25,730,random
6,33,25,random
6,36,71,random
6,42,2,random
6,181,317,random
6,231,1199,random
6,234,121,random
6,348,318,random
6,404,522,random
6,780,157,random
6,1155,1252,random
6,1273,30,random
6,6070,328,random
7,1,8,random
7,1,7906,random
7,2,3495,random
7,5,17,random
7,5,6149,random
7,6,433,random
7,6,4772,random
7,32,96,random
7,33,101,random
7,50,25,random
7,103,99,random
7,109,3371,random
7,166,1,random
7,198,1,random
7,201,21,random
7,245,147,random
7,327,38,random
7,332,1751,random
7,736,1563,random
7,804,7168,random
7,843,15,random
7,1287,20,random
7,1360,4642,random
7,1800,9,random
7,3615,67,random
7,5847,126,random
8,1,1,random
8,1,2,grid
8,1,4,grid
8,1,31,random
8,1,96,grid
8,1,118,random
8,1,127,grid
8,1,128,grid
8,1,129,grid
8,1,192,grid
8,1,257,grid
8,1,512,grid
8,1,1024,grid
8,1,1536,grid
8,1,2048,grid
8,1,2159,random
8,1,2284,random
8,1,4096,grid
8,2,1,grid
8,2,5,random
8,2,8,grid
8,2,127,grid
8,2,129,grid
8,2,192,grid
8,2,256,grid
8,2,384,grid
8,2,1536,grid
8,2,4096,grid
8,4,1,random
8,4,8,grid
8,4,16,grid
8,4,32,grid
8,4,96,grid
8,4,128,grid
8,4,129,grid
8,4,192,grid
8,4,256,grid
8,4,384,grid
8,4,1536,grid
8,4,2048,grid
8,4,4096,grid
8,8,4,grid
8,8,32,grid
8,8,64,grid
8,8,96,grid
8,8,128,grid
8,8,192,grid
8,8,256,deepK
8,8,257,deepK
8,8,264,deepK
8,8,289,deepK
8,8,320,deepK
8,8,352,deepK
8,8,383,deepK
8,8,384,grid
8,8,512,grid
8,8,513,deepK
8,8,520,deepK
8,8,545,deepK
8,8,576,deepK
8,8,608,deepK
8,8,639,deepK
8,8,1024,deepK
8,8,1025,deepK
8,8,1032,deepK
8,8,1057,deepK
8,8,1088,deepK
8,8,1120,deepK
8,8,1151,deepK
8,8,2048,deepK
8,8,2049,deepK
8,8,2056,deepK
8,8,2081,deepK
8,8,2112,deepK
8,8,2144,deepK
8,8,2175,deepK
8,8,4096,deepK
8,8,4097,deepK
8,8,4104,deepK
8,8,4129,deepK
8,8,4160,deepK
8,8,4192,deepK
8,8,4223,deepK
8,8,8192,deepK
8,8,8193,deepK
8,8,8200,deepK
8,8,8225,deepK
8,8,8256,deepK
8,8,8288,deepK
8,8,8319,deepK
8,16,2,grid
8,16,4,grid
8,16,32,grid
8,16,129,grid
8,16,192,grid
8,16,257,grid
8,16,384,grid
8,16,1024,grid
8,20,30,random
8,20,86,random
8,27,31,random
8,32,96,grid
8,32,127,grid
8,32,128,grid
8,32,192,grid
8,32,256,grid
8,32,512,grid
8,32,768,grid
8,64,2,grid
8,64,4,grid
8,64,8,grid
8,64,64,grid
8,64,127,grid
8,64,256,grid
8,64,512,grid
8,64,1536,grid
8,96,4,grid
8,96,16,grid
8,96,64,grid
8,96,127,grid
8,96,128,grid
8,96,129,grid
8,96,257,grid
8,96,1024,grid
8,96,1536,grid
8,96,2048,grid
8,127,2,grid
8,127,8,grid
8,127,127,grid
8,127,129,grid
8,127,256,grid
8,127,257,grid
8,127,512,grid
8,127,768,grid
8,127,1024,grid
8,127,4096,grid
8,128,1,grid
8,128,2,grid
8,128,16,grid
8,128,32,grid
8,128,64,grid
8,128,256,grid
8,128,257,grid
8,128,384,grid
8,128,512,grid
8,128,768,grid
8,129,1,grid
8,129,2,grid
8,129,32,grid
8,129,127,grid
8,129,128,grid
8,129,129,grid
8,129,256,grid
8,129,512,grid
8,129,768,grid
8,129,4096,grid
8,185,1,random
8,192,1,grid
8,192,2,grid
8,192,32,grid
8,192,64,grid
8,192,127,grid
8,192,128,grid
8,192,192,grid
8,192,256,grid
8,192,384,grid
8,192,512,grid
8,217,55,random
8,256,2,grid
8,256,8,grid
8,256,32,grid
8,256,64,wide_output
8,256,127,grid
8,256,129,grid
8,256,192,grid
8,256,256,grid
8,256,384,grid
8,256,768,grid
8,256,1024,grid
8,256,2048,grid
8,256,4096,grid
8,257,8,fat
8,257,64,grid
8,257,96,grid
8,257,129,grid
8,257,192,grid
8,257,256,grid
8,257,4096,grid
8,264,8,fat
8,264,64,wide_output
8,289,8,fat
8,289,64,wide_output
8,320,8,fat
8,320,64,wide_output
8,352,8,fat
8,352,64,wide_output
8,364,807,random
8,383,8,fat
8,383,64,wide_output
8,384,1,grid
8,384,2,grid
8,384,8,grid
8,384,16,grid
8,384,96,grid
8,384,128,grid
8,384,129,grid
8,384,256,grid
8,384,512,grid
8,384,768,grid
8,384,1024,grid
8,384,1536,grid
8,384,4096,grid
8,477,2361,random
8,512,4,grid
8,512,8,grid
8,512,64,wide_output
8,512,128,grid
8,512,129,grid
8,512,384,grid
8,512,512,grid
8,512,1024,grid
8,513,8,fat
8,513,64,wide_output
8,520,8,fat
8,520,64,wide_output
8,545,8,fat
8,545,64,wide_output
8,576,8,fat
8,576,64,wide_output
8,608,8,fat
8,608,64,wide_output
8,639,8,fat
8,639,64,wide_output
8,712,130,random
8,768,4,grid
8,768,8,grid
8,768,64,grid
8,768,96,grid
8,768,192,grid
8,768,256,grid
8,768,257,grid
8,768,384,grid
8,768,512,grid
8,768,1536,grid
8,1024,2,grid
8,1024,8,fat
8,1024,32,grid
8,1024,64,wide_output
8,1024,96,grid
8,1024,127,grid
8,1024,192,grid
8,1024,4096,grid
8,1025,8,fat
8,1025,64,wide_output
8,1032,8,fat
8,1032,64,wide_output
8,1057,8,fat
8,1057,64,wide_output
8,1086,4,random
8,1088,8,fat
8,1088,64,wide_output
8,1120,8,fat
8,1120,64,wide_output
8,1151,8,fat
8,1151,64,wide_output
8,1451,32,random
8,1536,2,grid
8,1536,4,grid
8,1536,64,grid
8,1536,768,grid
8,1536,1536,grid
8,1536,2048,grid
8,2048,2,grid
8,2048,8,fat
8,2048,32,grid
8,2048,64,wide_output
8,2048,128,grid
8,2048,129,grid
8,2048,192,grid
8,2048,257,grid
8,2048,384,grid
8,2048,1536,grid
8,2048,2048,grid
8,2049,8,fat
8,2049,64,wide_output
8,2056,8,fat
8,2056,64,wide_output
8,2081,8,fat
8,2081,64,wide_output
8,2112,8,fat
8,2112,64,wide_output
8,2144,8,fat
8,2144,64,wide_output
8,2175,8,fat
8,2175,64,wide_output
8,3960,27,random
8,4096,2,grid
8,4096,8,grid
8,4096,64,grid
8,4096,127,grid
8,4096,257,grid
8,4096,384,grid
8,4096,1024,grid
8,4096,1536,grid
8,4096,2048,grid
8,4096,4096,grid
8,4097,8,fat
8,4097,64,wide_output
8,4104,8,fat
8,4104,64,wide_output
8,4129,8,fat
8,4129,64,wide_output
8,4157,5867,random
8,4160,8,fat
8,4160,64,wide_output
8,4192,8,fat
8,4192,64,wide_output
8,4223,8,fat
8,4223,64,wide_output
8,4294,31,random
8,8192,8,fat
8,8192,64,wide_output
8,8193,8,fat
8,8193,64,wide_output
8,8200,8,fat
8,8200,64,wide_output
8,8225,8,fat
8,8225,64,wide_output
8,8256,8,fat
8,8256,64,wide_output
8,8288,8,fat
8,8288,64,wide_output
8,8319,8,fat
8,8319,64,wide_output
9,1,3,random
9,1,1432,random
9,2,3,random
9,3,99,random
9,7,2,random
9,7,15,random
9,8,2737,random
9,13,5,random
9,13,38,random
9,13,760,random
9,16,1684,random
9,21,300,random
9,78,233,random
9,155,2805,random
9,163,976,random
9,312,30,random
9,617,3191,random
9,729,3,random
9,1342,1026,random
9,1973,1451,random
9,2626,8059,random
9,3089,12,random
9,3479,2000,random
9,3983,4,random
9,5370,24,random
9,6115,1390,random
10,2,2318,random
10,4,116,random
10,6,110,random
10,7,340,random
10,11,5,random
10,13,5,random
10,22,614,random
10,72,8,random
10,79,70,random
10,100,38,random
10,115,189,random
10,126,85,random
10,217,54,random
10,425,16,random
10,627,240,random
10,952,3711,random
10,991,27,random
10,1279,1,random
10,1509,141,random
10,1762,5,random
10,2823,1064,random
10,3632,7015,random
10,4230,1657,random
10,6038,20,random
11,1,4,random
11,7,4848,random
11,8,3,random
11,13,48,random
11,19,3019,random
11,28,14,random
11,68,1129,random
11,75,1412,random
11,78,3781,random
11,84,34,random
11,102,525,random
11,120,757,random
11,203,54,random
11,267,9,random
11,343,2,random
11,391,772,random
11,487,61,random
11,1182,306,random
11,1348,3976,random
11,1357,320,random
12,2,1,random
12,4,2754,random
12,20,29,random
12,25,619,random
12,32,22,random
12,153,493,random
12,512,269,random
12,4973,28,random
12,6664,242,random
13,3,6,random
13,3,64,random
13,4,1934,random
13,10,38,random
13,25,5077,random
13,38,1,random
13,73,130,random
13,360,222,random
13,903,3601,random
13,907,263,random
13,1056,1813,random
13,1115,979,random
13,1326,15,random
13,7677,9,random
14,4,8,random
14,6,5,random
14,6,366,random
14,19,661,random
14,22,2,random
14,31,810,random
14,35,140,random
14,44,2,random
14,53,5607,random
14,74,9,random
14,274,271,random
14,484,6,random
14,501,49,random
14,2950,22,random
14,4649,5618,random
15,2,6152,random
15,6,9,random
15,6,14,random
15,48,785,random
15,115,31,random
15,748,12,random
15,2377,50,random
15,4159,924,random
16,1,1,grid
16,1,2,grid
16,1,4,grid
16,1,8,grid
16,1,64,grid
16,1,128,grid
16,1,129,grid
16,1,192,grid
16,1,257,grid
16,1,1536,grid
16,2,1,grid
16,2,2,grid
16,2,3,random
16,2,4,grid
16,2,8,grid
16,2,32,grid
16,2,192,grid
16,2,1024,grid
16,2,1536,grid
16,2,2048,grid
16,2,4096,grid
16,3,46,random
16,4,2,grid
16,4,8,grid
16,4,16,grid
16,4,32,grid
16,4,127,grid
16,4,128,grid
16,4,180,random
16,4,192,grid
16,4,384,grid
16,4,512,grid
16,4,1024,grid
16,5,1776,random
16,8,16,grid
16,8,32,grid
16,8,96,grid
16,8,129,grid
16,8,192,grid
16,8,257,grid
16,8,512,grid
16,8,768,grid
16,8,1536,grid
16,8,4096,grid
16,16,1,grid
16,16,4,grid
16,16,8,grid
16,16,16,grid
16,16,64,grid
16,16,129,grid
16,16,256,deepK
16,16,257,deepK
16,16,264,deepK
16,16,289,deepK
16,16,320,deepK
16,16,352,deepK
16,16,383,deepK
16,16,384,grid
16,16,512,grid
16,16,513,deepK
16,16,520,deepK
16,16,545,deepK
16,16,576,deepK
16,16,608,deepK
16,16,639,deepK
16,16,768,grid
16,16,1024,deepK
16,16,1025,deepK
16,16,1032,deepK
16,16,1057,deepK
16,16,1088,deepK
16,16,1120,deepK
16,16,1151,deepK
16,16,1536,grid
16,16,2048,deepK
16,16,2049,deepK
16,16,2056,deepK
16,16,2081,deepK
16,16,2112,deepK
16,16,2144,deepK
16,16,2175,deepK
16,16,4096,deepK
16,16,4097,deepK
16,16,4104,deepK
16,16,4129,deepK
16,16,4160,deepK
16,16,4192,deepK
16,16,4223,deepK
16,16,8192,deepK
16,16,8193,deepK
16,16,8200,deepK
16,16,8225,deepK
16,16,8256,deepK
16,16,8288,deepK
16,16,8319,deepK
16,21,119,random
16,32,2,grid
16,32,4,grid
16,32,8,grid
16,32,32,grid
16,32,96,grid
16,32,127,grid
16,32,129,grid
16,32,256,grid
16,32,1024,grid
16,32,2048,grid
16,64,4,grid
16,64,8,grid
16,64,32,grid
16,64,64,grid
16,64,128,grid
16,64,192,grid
16,64,256,grid
16,64,257,grid
16,64,384,grid
16,64,768,grid
16,64,1536,grid
16,64,2048,grid
16,96,4,grid
16,96,8,grid
16,96,32,grid
16,96,96,grid
16,96,127,grid
16,96,129,grid
16,96,192,grid
16,96,257,grid
16,96,384,grid
16,96,512,grid
16,96,768,grid
16,96,1536,grid
16,96,2048,grid
16,127,16,grid
16,127,64,grid
16,127,96,grid
16,127,127,grid
16,127,129,grid
16,127,192,grid
16,127,257,grid
16,127,768,grid
16,127,1536,grid
16,128,4,grid
16,128,8,grid
16,128,32,grid
16,128,256,grid
16,128,384,grid
16,128,1536,grid
16,128,2048,grid
16,128,4096,grid
16,129,2,grid
16,129,32,grid
16,129,64,grid
16,129,128,grid
16,129,129,grid
16,129,256,grid
16,129,257,grid
16,129,384,grid
16,129,768,grid
16,129,1024,grid
16,192,2,grid
16,192,8,grid
16,192,16,grid
16,192,64,grid
16,192,128,grid
16,192,129,grid
16,192,192,grid
16,192,257,grid
16,192,384,grid
16,192,768,grid
16,192,1024,grid
16,192,1536,grid
16,256,1,grid
16,256,4,grid
16,256,16,fat
16,256,32,grid
16,256,64,wide_output
16,256,127,grid
16,256,256,grid
16,256,384,grid
16,256,768,grid
16,256,4096,grid
16,257,2,grid
16,257,4,grid
16,257,8,grid
16,257,16,grid
16,257,32,grid
16,257,64,grid
16,257,128,grid
16,257,192,grid
16,257,257,grid
16,257,384,grid
16,257,512,grid
16,257,768,grid
16,257,1024,grid
16,264,16,fat
16,264,64,wide_output
16,289,16,fat
16,289,64,wide_output
16,320,16,fat
16,320,64,wide_output
16,352,16,fat
16,352,64,wide_output
16,383,16,fat
16,383,64,wide_output
16,384,4,grid
16,384,16,grid
16,384,32,grid
16,384,127,grid
16,384,129,grid
16,384,257,grid
16,384,384,grid
16,384,512,grid
16,512,1,grid
16,512,2,grid
16,512,4,grid
16,512,8,grid
16,512,16,fat
16,512,64,wide_output
16,512,128,grid
16,512,256,grid
16,512,768,grid
16,512,4096,grid
16,513,16,fat
16,513,64,wide_output
16,520,16,fat
16,520,64,wide_output
16,545,16,fat
16,545,64,wide_output
16,576,16,fat
16,576,64,wide_output
16,581,5227,random
16,608,16,fat
16,608,64,wide_output
16,639,16,fat
16,639,64,wide_output
16,768,1,grid
16,768,2,grid
16,768,4,grid
16,768,8,grid
16,768,64,grid
16,768,96,grid
16,768,127,grid
16,768,129,grid
16,768,257,grid
16,768,384,grid
16,768,768,grid
16,768,1024,grid
16,768,1536,grid
16,768,2048,grid
16,768,4096,grid
16,1024,1,grid
16,1024,2,grid
16,1024,8,grid
16,1024,16,fat
16,1024,32,grid
16,1024,64,grid
16,1024,127,grid
16,1024,128,grid
16,1024,129,grid
16,1024,192,grid
16,1024,384,grid
16,1024,512,grid
16,1024,1024,grid
16,1024,1536,grid
16,1024,4096,grid
16,1025,16,fat
16,1025,64,wide_output
16,1032,16,fat
16,1032,64,wide_output
16,1057,16,fat
16,1057,64,wide_output
16,1088,16,fat
16,1088,64,wide_output
16,1120,16,fat
16,1120,64,wide_output
16,1151,16,fat
16,1151,64,wide_output
16,1536,2,grid
16,1536,4,grid
16,1536,16,grid
16,1536,96,grid
16,1536,127,grid
16,1536,256,grid
16,1536,257,grid
16,1536,384,grid
16,1536,512,grid
16,1536,1024,grid
16,1536,1536,grid
16,2048,16,fat
16,2048,32,grid
16,2048,64,grid
16,2048,127,grid
16,2048,129,grid
16,2048,256,grid
16,2048,257,grid
16,2048,512,grid
16,2048,768,grid
16,2048,1536,grid
16,2048,4096,grid
16,2049,16,fat
16,2049,64,wide_output
16,2056,16,fat
16,2056,64,wide_output
16,2081,16,fat
16,2081,64,wide_output
16,2112,16,fat
16,2112,64,wide_output
16,2144,16,fat
16,2144,64,wide_output
16,2175,16,fat
16,2175,64,wide_output
16,2237,2407,random
16,3300,2173,random
16,3343,143,random
16,4096,2,grid
16,4096,4,grid
16,4096,8,grid
16,4096,16,fat
16,4096,32,grid
16,4096,64,grid
16,4096,192,grid
16,4096,384,grid
16,4096,1024,grid
16,4096,1536,grid
16,4096,2048,grid
16,4097,16,fat
16,4097,64,wide_output
16,4104,16,fat
16,4104,64,wide_output
16,4129,16,fat
16,4129,64,wide_output
16,4160,16,fat
16,4160,64,wide_output
16,4192,16,fat
16,4192,64,wide_output
16,4223,16,fat
16,4223,64,wide_output
16,8192,16,fat
16,8192,64,wide_output
16,8193,16,fat
16,8193,64,wide_output
16,8200,16,fat
16,8200,64,wide_output
16,8225,16,fat
16,8225,64,wide_output
16,8256,16,fat
16,8256,64,wide_output
16,8288,16,fat
16,8288,64,wide_output
16,8319,16,fat
16,8319,64,wide_output
17,3,1110,random
17,7,641,random
17,9,900,random
17,10,13,random
17,32,38,random
17,33,2,random
17,417,1367,random
17,433,4572,random
17,1358,5,random
17,2416,97,random
18,2,17,random
18,4,941,random
18,6,14,random
18,14,1484,random
18,7179,2,random
19,1,1,random
19,6170,4150,random
20,2,108,random
20,3,5858,random
20,4,14,random
20,5,45,random
20,312,34,random
20,320,122,random
20,525,3712,random
20,789,18,random
20,841,1,random
20,1647,27,random
20,1940,1628,random
20,2824,277,random
20,3204,2,random
20,3847,4204,random
21,2,13,random
21,3,2850,random
21,7,10,random
21,592,2336,random
21,1680,11,random
21,3066,6,random
22,2,176,random
22,4,6582,random
22,12,4,random
22,18,9,random
22,46,78,random
22,75,547,random
22,1322,14,random
22,2375,756,random
22,5670,3,random
22,7842,252,random
23,1,6500,random
23,3,251,random
23,5,94,random
23,8,2635,random
23,12,128,random
23,70,55,random
23,2611,209,random
24,24,97,random
24,26,25,random
24,29,1,random
24,39,725,random
24,59,1827,random
24,62,297,random
24,190,1150,random
24,402,699,random
24,3855,3311,random
25,16,2,random
25,32,3,random
25,52,52,random
25,129,734,random
25,756,38,random
25,756,2518,random
25,1897,10,random
25,3383,913,random
25,4879,5,random
26,31,348,random
26,205,1525,random
26,281,18,random
26,1494,6,random
26,2818,2403,random
26,5198,158,random
27,1,1484,random
27,2,81,random
27,1036,373,random
28,1,233,random
28,7,113,random
28,44,3757,random
28,5171,2,random
28,7383,10,random
29,10,20,random
29,136,1242,random
29,289,4,random
29,417,64,random
29,1389,6,random
29,6514,316,random
30,4,140,random
30,15,10,random
30,163,21,random
31,1,6341,random
31,127,2,random
31,334,955,random
32,1,32,grid
32,1,256,grid
32,1,257,grid
32,1,1536,grid
32,1,4096,grid
32,2,1,random
32,2,2,grid
32,2,4,grid
32,2,64,grid
32,2,96,grid
32,2,128,grid
32,2,129,grid
32,2,1536,grid
32,2,2048,grid
32,3,600,random
32,4,2,grid
32,4,4,grid
32,4,127,grid
32,4,128,grid
32,4,256,grid
32,4,512,grid
32,4,1024,grid
32,4,2048,grid
32,8,4,grid
32,8,8,grid
32,8,127,grid
32,8,128,grid
32,8,129,grid
32,8,192,grid
32,8,257,grid
32,8,768,grid
32,8,1024,grid
32,8,2048,grid
32,8,4096,grid
32,11,23,random
32,16,1,grid
32,16,4,grid
32,16,8,grid
32,16,16,grid
32,16,32,grid
32,16,96,grid
32,16,128,grid
32,16,192,grid
32,16,256,grid
32,16,257,grid
32,16,384,grid
32,16,512,grid
32,16,1024,grid
32,16,4096,grid
32,32,4,grid
32,32,64,grid
32,32,127,grid
32,32,128,grid
32,32,129,grid
32,32,192,grid
32,32,256,grid
32,32,257,grid
32,32,512,grid
32,32,768,grid
32,32,1536,grid
32,32,2048,grid
32,64,2,grid
32,64,8,grid
32,64,64,grid
32,64,96,grid
32,64,129,grid
32,64,256,grid
32,64,257,grid
32,64,384,grid
32,64,512,grid
32,64,1536,grid
32,64,2048,grid
32,64,4096,grid
32,65,212,random
32,96,1,grid
32,96,2,grid
32,96,4,grid
32,96,16,grid
32,96,32,grid
32,96,64,grid
32,96,96,grid
32,96,127,grid
32,96,128,grid
32,96,129,grid
32,96,257,grid
32,96,384,grid
32,96,768,grid
32,96,1024,grid
32,96,4096,grid
32,127,2,grid
32,127,4,grid
32,127,8,grid
32,127,64,grid
32,127,128,grid
32,127,512,grid
32,127,768,grid
32,127,1024,grid
32,127,2048,grid
32,127,4096,grid
32,128,4,grid
32,128,96,grid
32,128,128,grid
32,128,256,grid
32,128,257,grid
32,128,768,grid
32,128,1536,grid
32,129,8,grid
32,129,32,grid
32,129,96,grid
32,129,127,grid
32,129,129,grid
32,129,192,grid
32,129,256,grid
32,129,768,grid
32,129,2048,grid
32,129,4096,grid
32,192,1,grid
32,192,2,grid
32,192,4,grid
32,192,96,grid
32,192,256,grid
32,192,1024,grid
32,256,1,grid
32,256,2,grid
32,256,32,grid
32,256,96,grid
32,256,128,grid
32,256,256,grid
32,256,257,grid
32,256,384,grid
32,256,512,grid
32,256,768,grid
32,257,4,grid
32,257,8,grid
32,257,16,grid
32,257,64,grid
32,257,127,grid
32,257,129,grid
32,257,512,grid
32,257,1024,grid
32,257,1536,grid
32,257,2048,grid
32,257,4096,grid
32,384,2,grid
32,384,129,grid
32,384,192,grid
32,384,384,grid
32,384,2048,grid
32,512,1,grid
32,512,8,grid
32,512,64,grid
32,512,96,grid
32,512,128,grid
32,512,257,grid
32,512,384,grid
32,512,512,grid
32,512,1024,grid
32,512,2048,grid
32,512,4096,grid
32,768,1,grid
32,768,2,grid
32,768,4,grid
32,768,8,grid
32,768,16,grid
32,768,127,grid
32,768,128,grid
32,768,129,grid
32,768,256,grid
32,768,257,grid
32,768,512,grid
32,768,1536,grid
32,1024,2,grid
32,1024,4,grid
32,1024,32,grid
32,1024,64,grid
32,1024,128,grid
32,1024,192,grid
32,1024,256,grid
32,1024,384,grid
32,1024,512,grid
32,1024,2048,grid
32,1093,83,random
32,1536,2,grid
32,1536,4,grid
32,1536,32,grid
32,1536,127,grid
32,1536,128,grid
32,1536,192,grid
32,1536,2048,grid
32,2048,32,grid
32,2048,64,grid
32,2048,127,grid
32,2048,256,grid
32,2048,257,grid
32,2048,768,grid
32,2048,2048,grid
32,4096,2,grid
32,4096,8,grid
32,4096,96,grid
32,4096,127,grid
32,4096,128,grid
32,4096,129,grid
32,4096,192,grid
32,4096,257,grid
32,4096,384,grid
32,4096,2048,grid
33,42,352,random
33,1083,281,random
33,1437,33,random
33,2782,1,random
34,3,3098,random
34,4,19,random
34,4,48,random
34,28,14,random
35,14,3,random
35,90,26,random
35,124,3202,random
35,335,36,random
35,940,12,random
35,4528,62,random
35,6047,44,random
35,6584,99,random
36,2,22,random
36,3,10,random
36,4034,60,random
37,2,2394,random
37,12,769,random
37,21,38,random
37,24,4,random
37,997,7695,random
37,1546,815,random
38,48,34,random
38,558,43,random
38,800,112,random
39,2973,139,random
40,43,707,random
41,1,1381,random
41,6,34,random
41,20,11,random
41,22,36,random
41,248,33,random
41,253,1402,random
41,304,38,random
41,3970,1,random
42,2,31,random
42,2,1067,random
42,2,3597,random
42,14,108,random
42,20,47,random
42,20,215,random
42,68,34,random
42,102,293,random
42,121,40,random
43,2,4,random
43,11,80,random
43,1242,2,random
43,2868,4929,random
44,34,1,random
44,919,17,random
44,2544,35,random
44,2642,11,random
45,4,4121,random
45,3214,125,random
46,9,275,random
46,38,38,random
46,65,10,random
47,15,751,random
48,66,1516,random
49,4,219,random
49,35,323,random
49,58,82,random
49,6178,623,random
50,5,617,random
50,151,13,random
50,264,137,random
50,2268,1,random
51,70,8,random
51,3764,20,random
52,53,2,random
53,2,47,random
53,2,874,random
53,13,387,random
53,19,101,random
53,73,14,random
53,489,24,random
53,524,4,random
53,692,375,random
53,6190,166,random
54,232,125,random
54,587,451,random
56,22,9,random
56,58,1108,random
57,2,18,random
57,6,348,random
57,816,58,random
58,32,329,random
59,193,10,random
59,4648,4,random
60,21,43,random
60,5396,247,random
61,1,7,random
61,147,2577,random
61,285,31,random
61,351,2,random
62,4,20,random
62,165,4192,random
63,1,24,random
63,2,2,random
64,1,2,grid
64,1,32,grid
64,1,127,grid
64,1,128,grid
64,1,192,grid
64,1,512,grid
64,1,1024,grid
64,1,2048,grid
64,1,4096,grid
64,2,1,grid
64,2,8,grid
64,2,16,grid
64,2,127,grid
64,2,192,grid
64,2,352,random
64,2,384,grid
64,2,768,grid
64,2,1024,grid
64,2,1536,grid
64,2,4096,grid
64,4,1,grid
64,4,4,grid
64,4,8,grid
64,4,16,grid
64,4,64,grid
64,4,256,grid
64,4,257,grid
64,4,384,grid
64,4,1024,grid
64,4,1536,grid
64,4,4096,grid
64,8,32,grid
64,8,96,grid
64,8,128,grid
64,8,384,grid
64,8,512,grid
64,8,768,grid
64,8,1024,grid
64,8,1536,grid
64,8,2048,grid
64,8,4096,grid
64,16,1,grid
64,16,8,grid
64,16,16,grid
64,16,127,grid
64,16,128,grid
64,16,256,grid
64,16,257,grid
64,16,384,grid
64,16,512,grid
64,16,2048,grid
64,16,4096,grid
64,32,2,grid
64,32,64,grid
64,32,127,grid
64,32,128,grid
64,32,129,grid
64,32,192,grid
64,32,384,grid
64,32,512,grid
64,32,1024,grid
64,32,1536,grid
64,32,4096,grid
64,64,1,grid
64,64,2,grid
64,64,4,grid
64,64,16,grid
64,64,32,grid
64,64,127,grid
64,64,129,grid
64,64,192,grid
64,64,256,grid
64,64,257,deepK
64,64,264,deepK
64,64,289,deepK
64,64,320,deepK
64,64,352,deepK
64,64,383,deepK
64,64,512,deepK
64,64,513,deepK
64,64,520,deepK
64,64,545,deepK
64,64,576,deepK
64,64,608,deepK
64,64,639,deepK
64,64,1024,deepK
64,64,1025,deepK
64,64,1032,deepK
64,64,1057,deepK
64,64,1088,deepK
64,64,1120,deepK
64,64,1151,deepK
64,64,2048,deepK
64,64,2049,deepK
64,64,2056,deepK
64,64,2081,deepK
64,64,2112,deepK
64,64,2144,deepK
64,64,2175,deepK
64,64,4096,grid
64,64,4097,deepK
64,64,4104,deepK
64,64,4129,deepK
64,64,4160,deepK
64,64,4192,deepK
64,64,4223,deepK
64,64,8192,deepK
64,64,8193,deepK
64,64,8200,deepK
64,64,8225,deepK
64,64,8256,deepK
64,64,8288,deepK
64,64,8319,deepK
64,96,4,grid
64,96,64,grid
64,96,129,grid
64,96,256,grid
64,96,384,grid
64,96,512,grid
64,96,768,grid
64,96,1024,grid
64,96,1536,grid
64,127,1,grid
64,127,16,grid
64,127,32,grid
64,127,64,grid
64,127,192,grid
64,127,384,grid
64,127,768,grid
64,127,1024,grid
64,127,2048,grid
64,127,4096,grid
64,128,2,grid
64,128,4,grid
64,128,32,grid
64,128,64,grid
64,128,96,grid
64,128,128,grid
64,128,129,grid
64,128,192,grid
64,128,257,grid
64,128,512,grid
64,128,768,grid
64,128,1536,grid
64,128,4096,grid
64,129,4,grid
64,129,8,grid
64,129,32,grid
64,129,64,grid
64,129,127,grid
64,129,256,grid
64,129,257,grid
64,129,384,grid
64,129,1024,grid
64,129,4096,grid
64,192,4,grid
64,192,8,grid
64,192,16,grid
64,192,32,grid
64,192,129,grid
64,192,192,grid
64,192,257,grid
64,192,512,grid
64,192,768,grid
64,192,1024,grid
64,192,2048,grid
64,192,4096,grid
64,256,1,grid
64,256,2,grid
64,256,16,grid
64,256,64,grid
64,256,96,grid
64,256,127,grid
64,256,129,grid
64,256,256,grid
64,256,257,grid
64,256,512,grid
64,256,1024,grid
64,256,1536,grid
64,256,2048,grid
64,257,1,grid
64,257,64,fat
64,257,96,grid
64,257,127,grid
64,257,128,grid
64,257,192,grid
64,257,257,grid
64,257,1536,grid
64,257,2048,grid
64,264,64,fat
64,289,64,fat
64,320,64,fat
64,352,64,fat
64,383,64,fat
64,384,8,grid
64,384,32,grid
64,384,192,grid
64,384,257,grid
64,384,512,grid
64,384,768,grid
64,384,1024,grid
64,384,1536,grid
64,384,2048,grid
64,384,4096,grid
64,512,1,grid
64,512,32,grid
64,512,64,fat
64,512,96,grid
64,512,192,grid
64,512,1024,grid
64,512,1536,grid
64,512,2048,grid
64,513,64,fat
64,520,64,fat
64,545,64,fat
64,576,64,fat
64,608,64,fat
64,639,64,fat
64,685,2,random
64,768,8,grid
64,768,16,grid
64,768,32,grid
64,768,64,grid
64,768,96,grid
64,768,127,grid
64,768,128,grid
64,768,129,grid
64,768,257,grid
64,768,1536,grid
64,1024,1,grid
64,1024,2,grid
64,1024,8,grid
64,1024,32,grid
64,1024,64,grid
64,1024,127,grid
64,1024,128,grid
64,1024,129,grid
64,1024,256,grid
64,1024,257,grid
64,1024,512,grid
64,1024,768,grid
64,1024,1536,grid
64,1024,2048,grid
64,1024,4096,grid
64,1025,64,fat
64,1032,64,fat
64,1057,64,fat
64,1088,64,fat
64,1120,64,fat
64,1151,64,fat
64,1536,2,grid
64,1536,8,grid
64,1536,32,grid
64,1536,96,grid
64,1536,127,grid
64,1536,128,grid
64,1536,129,grid
64,1536,192,grid
64,1536,257,grid
64,1536,384,grid
64,1536,512,grid
64,1536,768,grid
64,1536,1024,grid
64,1536,1536,grid
64,1536,2048,grid
64,2048,1,grid
64,2048,2,grid
64,2048,4,grid
64,2048,16,grid
64,2048,32,grid
64,2048,64,grid
64,2048,96,grid
64,2048,256,grid
64,2048,384,grid
64,2048,768,grid
64,2048,1536,grid
64,2049,64,fat
64,2056,64,fat
64,2081,64,fat
64,2112,64,fat
64,2144,64,fat
64,2175,64,fat
64,4096,1,grid
64,4096,2,grid
64,4096,32,grid
64,4096,64,grid
64,4096,257,grid
64,4096,384,grid
64,4096,1024,grid
64,4096,1536,grid
64,4097,64,fat
64,4104,64,fat
64,4129,64,fat
64,4160,64,fat
64,4192,64,fat
64,4223,64,fat
64,8192,64,fat
64,8193,64,fat
64,8200,64,fat
64,8225,64,fat
64,8256,64,fat
64,8288,64,fat
64,8319,64,fat
65,105,3540,random
65,312,78,random
65,2692,3,random
66,1768,3,random
67,73,2,random
67,1466,2656,random
67,5386,53,random
69,2,27,random
69,645,3,random
70,1,3610,random
70,2,50,random
70,232,1868,random
70,370,29,random
70,3001,1,random
70,4635,2,random
70,5233,1309,random
71,42,73,random
71,110,1,random
71,2177,769,random
72,38,7,random
72,1217,564,random
72,1952,6613,random
73,20,930,random
73,22,50,random
74,814,782,random
74,2434,10,random
75,18,714,random
75,746,1827,random
76,46,2,random
76,3113,1667,random
76,3359,671,random
76,4564,1,random
76,5067,1595,random
77,7,444,random
79,1,18,random
79,125,2,random
80,14,4779,random
80,292,2028,random
80,1086,4083,random
80,3359,4981,random
81,2,8,random
81,157,905,random
82,55,242,random
82,78,3,random
83,503,4409,random
83,569,7,random
84,2391,641,random
85,9,2568,random
85,378,109,random
85,1476,5140,random
87,2,2,random
87,5077,98,random
88,2,2,random
89,36,7929,random
89,419,6,random
90,8,2264,random
91,45,146,random
92,80,17,random
92,494,3,random
92,495,44,random
92,2986,130,random
93,4497,22,random
94,393,11,random
95,198,4796,random
95,3360,93,random
96,1,8,grid
96,1,16,grid
96,1,96,grid
96,1,127,grid
96,1,129,grid
96,1,192,grid
96,1,256,grid
96,1,257,grid
96,1,384,grid
96,1,1024,grid
96,1,4096,grid
96,2,1,grid
96,2,2,grid
96,2,4,grid
96,2,16,grid
96,2,32,grid
96,2,96,grid
96,2,129,grid
96,2,192,grid
96,2,256,grid
96,2,384,grid
96,2,512,grid
96,2,768,grid
96,2,1536,grid
96,3,130,random
96,4,1,grid
96,4,16,grid
96,4,64,grid
96,4,256,grid
96,4,512,grid
96,4,1536,grid
96,4,4096,grid
96,8,4,grid
96,8,16,grid
96,8,32,grid
96,8,192,grid
96,8,384,grid
96,8,1536,grid
96,8,2048,grid
96,8,4096,grid
96,16,1,grid
96,16,4,grid
96,16,16,grid
96,16,32,grid
96,16,127,grid
96,16,192,grid
96,16,257,grid
96,16,512,grid
96,16,768,grid
96,32,2,grid
96,32,96,grid
96,32,192,grid
96,32,256,grid
96,32,257,grid
96,32,1024,grid
96,32,1536,grid
96,61,76,random
96,64,1,grid
96,64,4,grid
96,64,96,grid
96,64,192,grid
96,64,256,grid
96,64,257,grid
96,64,384,grid
96,64,512,grid
96,64,2048,grid
96,96,8,grid
96,96,16,grid
96,96,64,grid
96,96,96,grid
96,96,128,grid
96,96,129,grid
96,96,256,grid
96,96,257,grid
96,96,384,grid
96,96,768,grid
96,96,1024,grid
96,96,2048,grid
96,96,4096,grid
96,127,4,grid
96,127,32,grid
96,127,127,grid
96,127,128,grid
96,127,129,grid
96,127,192,grid
96,127,256,grid
96,127,257,grid
96,127,512,grid
96,127,1536,grid
96,127,2048,grid
96,127,4096,grid
96,128,2,grid
96,128,4,grid
96,128,16,grid
96,128,32,grid
96,128,64,grid
96,128,96,grid
96,128,127,grid
96,128,384,grid
96,128,768,grid
96,129,4,grid
96,129,16,grid
96,129,127,grid
96,129,256,grid
96,129,257,grid
96,129,512,grid
96,129,768,grid
96,129,2048,grid
96,192,4,grid
96,192,8,grid
96,192,16,grid
96,192,32,grid
96,192,128,grid
96,192,129,grid
96,192,257,grid
96,192,1536,grid
96,256,1,grid
96,256,4,grid
96,256,768,grid
96,256,1024,grid
96,256,2048,grid
96,257,1,grid
96,257,4,grid
96,257,16,grid
96,257,32,grid
96,257,128,grid
96,257,192,grid
96,257,256,grid
96,257,257,grid
96,257,512,grid
96,257,1536,grid
96,384,2,grid
96,384,4,grid
96,384,32,grid
96,384,64,grid
96,384,256,grid
96,384,257,grid
96,384,1024,grid
96,512,1,grid
96,512,2,grid
96,512,32,grid
96,512,127,grid
96,512,128,grid
96,512,384,grid
96,512,768,grid
96,512,1024,grid
96,512,1536,grid
96,512,4096,grid
96,768,2,grid
96,768,8,grid
96,768,32,grid
96,768,96,grid
96,768,768,grid
96,1024,1,grid
96,1024,4,grid
96,1024,16,grid
96,1024,96,grid
96,1024,127,grid
96,1024,128,grid
96,1024,129,grid
96,1024,256,grid
96,1024,257,grid
96,1024,384,grid
96,1024,512,grid
96,1024,1024,grid
96,1024,4096,grid
96,1536,4,grid
96,1536,8,grid
96,1536,16,grid
96,1536,96,grid
96,1536,127,grid
96,1536,256,grid
96,1536,384,grid
96,1536,768,grid
96,1536,1024,grid
96,1536,1536,grid
96,1536,4096,grid
96,2048,4,grid
96,2048,96,grid
96,2048,129,grid
96,2048,257,grid
96,2048,768,grid
96,2048,1024,grid
96,2048,2048,grid
96,4096,2,grid
96,4096,4,grid
96,4096,16,grid
96,4096,64,grid
96,4096,96,grid
96,4096,127,grid
96,4096,129,grid
96,4096,192,grid
96,4096,384,grid
96,4096,768,grid
96,4096,1024,grid
96,4096,1536,grid
96,4096,4096,grid
97,18,685,random
97,4472,3,random
97,4698,3,random
98,10,30,random
98,125,2,random
98,1437,574,random
99,1,4,random
99,1,1099,random
100,2,96,random
100,4,2,random
101,4,10,random
101,13,2715,random
101,23,57,random
101,7303,2351,random
102,92,45,random
102,236,9,random
102,6844,6637,random
103,735,4,random
103,1173,11,random
104,3,88,random
104,112,289,random
105,5534,5447,random
105,6598,1827,random
106,240,7,random
107,3,1,random
107,57,82,random
107,437,8,random
108,771,1,random
108,6277,1,random
108,6790,605,random
109,352,23,random
110,215,35,random
111,27,2387,random
111,43,1205,random
113,7,37,random
113,10,3,random
114,7,2,random
114,1603,25,random
115,2,2474,random
115,153,449,random
115,1772,82,random
117,19,543,random
117,1228,138,random
118,21,6746,random
119,452,28,random
120,24,7,random
122,1,50,random
122,2,39,random
122,85,3,random
124,10,5,random
127,1,1,grid
127,1,4,grid
127,1,8,grid
127,1,32,grid
127,1,64,grid
127,1,96,grid
127,1,129,grid
127,1,257,grid
127,1,512,grid
127,1,1536,grid
127,1,2048,grid
127,2,1,grid
127,2,2,grid
127,2,4,grid
127,2,8,grid
127,2,16,grid
127,2,127,grid
127,2,192,grid
127,2,256,grid
127,2,384,grid
127,2,768,grid
127,2,1024,grid
127,4,4,grid
127,4,8,grid
127,4,16,grid
127,4,256,grid
127,4,4096,grid
127,8,4,grid
127,8,8,grid
127,8,16,grid
127,8,32,grid
127,8,96,grid
127,8,129,grid
127,8,257,grid
127,8,768,grid
127,8,1024,grid
127,8,2048,grid
127,16,16,grid
127,16,128,grid
127,16,129,grid
127,16,192,grid
127,16,384,grid
127,16,512,grid
127,16,1024,grid
127,16,2048,grid
127,32,2,grid
127,32,4,grid
127,32,96,grid
127,32,128,grid
127,32,129,grid
127,32,192,grid
127,32,768,grid
127,32,1024,grid
127,64,8,grid
127,64,16,grid
127,64,32,grid
127,64,64,grid
127,64,96,grid
127,64,128,grid
127,64,384,grid
127,64,1024,grid
127,64,4096,grid
127,96,1,grid
127,96,2,grid
127,96,16,grid
127,96,64,grid
127,96,96,grid
127,96,127,grid
127,96,192,grid
127,96,256,grid
127,96,257,grid
127,96,384,grid
127,96,768,grid
127,96,1536,grid
127,96,2048,grid
127,127,2,grid
127,127,4,grid
127,127,16,grid
127,127,64,grid
127,127,127,grid
127,127,128,grid
127,127,129,grid
127,127,384,grid
127,127,1024,grid
127,127,4096,grid
127,128,2,grid
127,128,8,grid
127,128,16,grid
127,128,32,grid
127,128,64,grid
127,128,128,grid
127,128,129,grid
127,128,192,grid
127,128,256,grid
127,128,257,grid
127,128,768,grid
127,128,1536,grid
127,129,2,grid
127,129,4,grid
127,129,16,grid
127,129,32,grid
127,129,64,grid
127,129,192,grid
127,129,257,grid
127,129,768,grid
127,129,1024,grid
127,129,1536,grid
127,129,2048,grid
127,129,4096,grid
127,148,7492,random
127,192,1,grid
127,192,2,grid
127,192,4,grid
127,192,128,grid
127,192,129,grid
127,192,192,grid
127,192,1024,grid
127,192,1536,grid
127,192,2048,grid
127,192,4096,grid
127,256,1,grid
127,256,4,grid
127,256,16,grid
127,256,64,grid
127,256,128,grid
127,256,512,grid
127,256,1024,grid
127,256,2048,grid
127,256,4096,grid
127,257,1,grid
127,257,2,grid
127,257,4,grid
127,257,32,grid
127,257,64,grid
127,257,129,grid
127,257,256,grid
127,257,257,grid
127,257,384,grid
127,257,512,grid
127,257,768,grid
127,257,1024,grid
127,257,1536,grid
127,257,2048,grid
127,257,4096,grid
127,384,8,grid
127,384,32,grid
127,384,64,grid
127,384,127,grid
127,384,256,grid
127,384,384,grid
127,384,512,grid
127,384,1024,grid
127,384,2048,grid
127,512,4,grid
127,512,8,grid
127,512,16,grid
127,512,64,grid
127,512,96,grid
127,512,128,grid
127,512,192,grid
127,512,257,grid
127,512,512,grid
127,512,768,grid
127,512,1536,grid
127,512,2048,grid
127,512,4096,grid
127,768,4,grid
127,768,32,grid
127,768,64,grid
127,768,96,grid
127,768,257,grid
127,768,384,grid
127,768,512,grid
127,768,768,grid
127,768,4096,grid
127,1024,4,grid
127,1024,16,grid
127,1024,32,grid
127,1024,64,grid
127,1024,96,grid
127,1024,127,grid
127,1024,128,grid
127,1024,129,grid
127,1024,256,grid
127,1024,512,grid
127,1024,768,grid
127,1024,1024,grid
127,1536,1,grid
127,1536,2,grid
127,1536,4,grid
127,1536,16,grid
127,1536,64,grid
127,1536,127,grid
127,1536,384,grid
127,1536,768,grid
127,1536,1024,grid
127,1536,1536,grid
127,1536,2048,grid
127,1536,4096,grid
127,2048,4,grid
127,2048,16,grid
127,2048,64,grid
127,2048,96,grid
127,2048,127,grid
127,2048,128,grid
127,2048,1024,grid
127,2048,2048,grid
127,4096,1,grid
127,4096,2,grid
127,4096,32,grid
127,4096,64,grid
127,4096,96,grid
127,4096,128,grid
127,4096,129,grid
127,4096,512,grid
127,4096,768,grid
127,4096,1024,grid
127,4096,4096,grid
128,1,4,grid
128,1,16,grid
128,1,32,grid
128,1,127,grid
128,1,128,grid
128,1,384,grid
128,1,512,grid
128,1,768,grid
128,1,1536,grid
128,1,2048,grid
128,1,4096,grid
128,2,1,grid
128,2,8,grid
128,2,32,grid
128,2,96,grid
128,2,129,grid
128,2,192,grid
128,2,256,grid
128,2,384,grid
128,2,512,grid
128,2,768,grid
128,2,2048,grid
128,2,4096,grid
128,4,1,grid
128,4,2,grid
128,4,64,grid
128,4,257,grid
128,4,1024,grid
128,4,1536,grid
128,4,2048,grid
128,4,4096,grid
128,8,1,grid
128,8,2,grid
128,8,4,grid
128,8,8,grid
128,8,64,grid
128,8,192,grid
128,8,256,grid
128,8,384,grid
128,8,768,grid
128,8,1024,grid
128,8,2048,grid
128,8,4096,grid
128,16,32,grid
128,16,127,grid
128,16,192,grid
128,16,256,grid
128,16,384,grid
128,16,1536,grid
128,32,64,grid
128,32,96,grid
128,32,127,grid
128,32,129,grid
128,32,257,grid
128,32,384,grid
128,32,768,grid
128,32,1024,grid
128,64,2,grid
128,64,4,grid
128,64,127,grid
128,64,129,grid
128,64,256,grid
128,64,257,grid
128,64,768,grid
128,64,2048,grid
128,96,2,grid
128,96,4,grid
128,96,8,grid
128,96,32,grid
128,96,96,grid
128,96,192,grid
128,96,1536,grid
128,96,4096,grid
128,127,1,grid
128,127,2,grid
128,127,64,grid
128,127,96,grid
128,127,127,grid
128,127,128,grid
128,127,192,grid
128,127,256,grid
128,127,257,grid
128,127,384,grid
128,127,512,grid
128,127,768,grid
128,127,1536,grid
128,127,4096,grid
128,128,8,grid
128,128,32,grid
128,128,127,grid
128,128,192,grid
128,128,256,deepK
128,128,257,deepK
128,128,264,deepK
128,128,289,deepK
128,128,320,deepK
128,128,352,deepK
128,128,383,deepK
128,128,384,grid
128,128,512,grid
128,128,513,deepK
128,128,520,deepK
128,128,545,deepK
128,128,576,deepK
128,128,608,deepK
128,128,639,deepK
128,128,1024,deepK
128,128,1025,deepK
128,128,1032,deepK
128,128,1057,deepK
128,128,1088,deepK
128,128,1120,deepK
128,128,1151,deepK
128,128,2048,grid
128,128,2049,deepK
128,128,2056,deepK
128,128,2081,deepK
128,128,2112,deepK
128,128,2144,deepK
128,128,2175,deepK
128,128,4096,grid
128,128,4097,deepK
128,128,4104,deepK
128,128,4129,deepK
128,128,4160,deepK
128,128,4192,deepK
128,128,4223,deepK
128,128,8192,deepK
128,128,8193,deepK
128,128,8200,deepK
128,128,8225,deepK
128,128,8256,deepK
128,128,8288,deepK
128,128,8319,deepK
128,129,1,grid
128,129,2,grid
128,129,16,grid
128,129,64,grid
128,129,96,grid
128,129,128,grid
128,129,129,grid
128,129,192,grid
128,129,256,grid
128,129,384,grid
128,129,512,grid
128,129,768,grid
128,129,1024,grid
128,129,1536,grid
128,129,4096,grid
128,192,4,grid
128,192,8,grid
128,192,64,grid
128,192,127,grid
128,192,128,grid
128,192,129,grid
128,192,192,grid
128,192,257,grid
128,192,512,grid
128,192,768,grid
128,256,1,grid
128,256,64,wide_output
128,256,128,grid
128,256,129,grid
128,256,192,grid
128,256,257,grid
128,256,384,grid
128,256,512,grid
128,256,1024,grid
128,256,1536,grid
128,256,2048,grid
128,257,1,grid
128,257,2,grid
128,257,4,grid
128,257,8,grid
128,257,16,grid
128,257,32,grid
128,257,64,grid
128,257,128,fat
128,257,257,grid
128,257,512,grid
128,257,768,grid
128,257,1024,grid
128,257,1536,grid
128,257,2048,grid
128,257,4096,grid
128,264,64,wide_output
128,264,128,fat
128,289,64,wide_output
128,289,128,fat
128,320,64,wide_output
128,320,128,fat
128,352,64,wide_output
128,352,128,fat
128,383,64,wide_output
128,383,128,fat
128,384,1,grid
128,384,2,grid
128,384,4,grid
128,384,32,grid
128,384,64,grid
128,384,96,grid
128,384,127,grid
128,384,128,grid
128,384,4096,grid
128,512,1,grid
128,512,2,grid
128,512,4,grid
128,512,64,grid
128,512,96,grid
128,512,128,grid
128,512,129,grid
128,512,192,grid
128,512,256,grid
128,512,512,grid
128,512,1024,grid
128,512,1536,grid
128,512,2048,grid
128,513,64,wide_output
128,513,128,fat
128,520,64,wide_output
128,520,128,fat
128,545,64,wide_output
128,545,128,fat
128,576,64,wide_output
128,576,128,fat
128,608,64,wide_output
128,608,128,fat
128,639,64,wide_output
128,639,128,fat
128,768,1,grid
128,768,2,grid
128,768,16,grid
128,768,192,grid
128,768,256,grid
128,768,257,grid
128,768,384,grid
128,768,768,grid
128,768,2048,grid
128,1024,16,grid
128,1024,64,wide_output
128,1024,127,grid
128,1024,128,grid
128,1024,256,grid
128,1024,1536,grid
128,1024,2048,grid
128,1024,4096,grid
128,1025,64,wide_output
128,1025,128,fat
128,1032,64,wide_output
128,1032,128,fat
128,1057,64,wide_output
128,1057,128,fat
128,1088,64,wide_output
128,1088,128,fat
128,1120,64,wide_output
128,1120,128,fat
128,1151,64,wide_output
128,1151,128,fat
128,1536,2,grid
128,1536,16,grid
128,1536,32,grid
128,1536,64,grid
128,1536,127,grid
128,1536,128,grid
128,1536,129,grid
128,1536,384,grid
128,1536,1536,grid
128,1536,2048,grid
128,1536,4096,grid
128,2048,1,grid
128,2048,4,grid
128,2048,8,grid
128,2048,16,grid
128,2048,32,grid
128,2048,64,grid
128,2048,127,grid
128,2048,128,grid
128,2048,129,grid
128,2048,384,grid
128,2048,512,grid
128,2048,768,grid
128,2048,1536,grid
128,2048,2048,grid
128,2048,4096,grid
128,2049,64,wide_output
128,2049,128,fat
128,2056,64,wide_output
128,2056,128,fat
128,2081,64,wide_output
128,2081,128,fat
128,2112,64,wide_output
128,2112,128,fat
128,2144,64,wide_output
128,2144,128,fat
128,2175,64,wide_output
128,2175,128,fat
128,4096,2,grid
128,4096,8,grid
128,4096,16,grid
128,4096,64,grid
128,4096,96,grid
128,4096,127,grid
128,4096,128,grid
128,4096,129,grid
128,4096,257,grid
128,4096,384,grid
128,4096,512,grid
128,4096,1024,grid
128,4096,2048,grid
128,4097,64,wide_output
128,4097,128,fat
128,4104,64,wide_output
128,4104,128,fat
128,4129,64,wide_output
128,4129,128,fat
128,4160,64,wide_output
128,4160,128,fat
128,4192,64,wide_output
128,4192,128,fat
128,4223,64,wide_output
128,4223,128,fat
128,8192,64,wide_output
128,8192,128,fat
128,8193,64,wide_output
128,8193,128,fat
128,8200,64,wide_output
128,8200,128,fat
128,8225,64,wide_output
128,8225,128,fat
128,8256,64,wide_output
128,8256,128,fat
128,8288,64,wide_output
128,8288,128,fat
128,8319,64,wide_output
128,8319,128,fat
129,1,1,grid
129,1,2,grid
129,1,4,grid
129,1,128,grid
129,1,129,grid
129,1,257,grid
129,1,1024,grid
129,1,1536,grid
129,2,1,grid
129,2,2,grid
129,2,8,grid
129,2,96,grid
129,2,127,grid
129,2,128,grid
129,2,129,grid
129,2,256,grid
129,2,257,grid
129,2,384,grid
129,2,768,grid
129,2,1536,grid
129,2,4096,grid
129,4,2,grid
129,4,16,grid
129,4,32,grid
129,4,192,grid
129,4,256,grid
129,4,768,grid
129,4,1024,grid
129,4,2048,grid
129,4,4096,grid
129,8,1,grid
129,8,2,grid
129,8,32,grid
129,8,64,grid
129,8,192,grid
129,8,384,grid
129,8,1536,grid
129,8,4096,grid
129,16,1,grid
129,16,4,grid
129,16,8,grid
129,16,64,grid
129,16,127,grid
129,16,128,grid
129,16,129,grid
129,16,256,grid
129,16,257,grid
129,16,384,grid
129,16,768,grid
129,16,2048,grid
129,32,1,grid
129,32,4,grid
129,32,8,grid
129,32,16,grid
129,32,64,grid
129,32,96,grid
129,32,128,grid
129,32,512,grid
129,32,1024,grid
129,64,1,grid
129,64,4,grid
129,64,8,grid
129,64,32,grid
129,64,64,grid
129,64,96,grid
129,64,127,grid
129,64,128,grid
129,64,257,grid
129,64,512,grid
129,64,1024,grid
129,64,1536,grid
129,96,2,grid
129,96,16,grid
129,96,64,grid
129,96,96,grid
129,96,127,grid
129,96,129,grid
129,96,257,grid
129,96,512,grid
129,96,768,grid
129,96,1024,grid
129,96,1536,grid
129,127,1,grid
129,127,2,grid
129,127,4,grid
129,127,8,grid
129,127,32,grid
129,127,128,grid
129,127,192,grid
129,127,256,grid
129,127,257,grid
129,127,384,grid
129,127,768,grid
129,127,2048,grid
129,127,4096,grid
129,128,8,grid
129,128,128,grid
129,128,256,grid
129,128,384,grid
129,128,512,grid
129,128,1536,grid
129,128,2048,grid
129,129,8,grid
129,129,16,grid
129,129,32,grid
129,129,64,grid
129,129,128,grid
129,129,129,grid
129,129,256,grid
129,129,384,grid
129,129,1536,grid
129,192,4,grid
129,192,8,grid
129,192,32,grid
129,192,64,grid
129,192,96,grid
129,192,127,grid
129,192,192,grid
129,192,512,grid
129,192,2048,grid
129,256,4,grid
129,256,96,grid
129,256,127,grid
129,256,129,grid
129,256,256,grid
129,256,512,grid
129,256,768,grid
129,256,2048,grid
129,257,1,grid
129,257,2,grid
129,257,4,grid
129,257,16,grid
129,257,32,grid
129,257,129,grid
129,257,192,grid
129,257,256,grid
129,257,257,grid
129,257,384,grid
129,257,512,grid
129,257,1024,grid
129,257,2048,grid
129,257,4096,grid
129,384,16,grid
129,384,32,grid
129,384,129,grid
129,384,192,grid
129,384,256,grid
129,384,257,grid
129,384,512,grid
129,384,1536,grid
129,512,2,grid
129,512,8,grid
129,512,32,grid
129,512,96,grid
129,512,127,grid
129,512,4096,grid
129,768,4,grid
129,768,16,grid
129,768,127,grid
129,768,192,grid
129,768,384,grid
129,768,512,grid
129,768,1024,grid
129,1024,4,grid
129,1024,16,grid
129,1024,32,grid
129,1024,96,grid
129,1024,127,grid
129,1024,128,grid
129,1024,129,grid
129,1024,192,grid
129,1024,256,grid
129,1024,384,grid
129,1024,512,grid
129,1024,1024,grid
129,1024,1536,grid
129,1024,2048,grid
129,1024,4096,grid
129,1536,127,grid
129,1536,128,grid
129,1536,192,grid
129,1536,512,grid
129,1536,768,grid
129,1536,1024,grid
129,1536,1536,grid
129,1536,2048,grid
129,2048,4,grid
129,2048,64,grid
129,2048,127,grid
129,2048,129,grid
129,2048,192,grid
129,2048,512,grid
129,2048,2048,grid
129,4096,1,grid
129,4096,96,grid
129,4096,192,grid
129,4096,384,grid
129,4096,512,grid
129,4096,768,grid
129,4096,4096,grid
130,3099,570,random
131,4,1,random
131,4,2162,random
131,6,14,random
131,50,56,random
134,1627,22,random
136,2983,1433,random
137,4,7398,random
137,4666,37,random
138,57,265,random
138,3602,9,random
139,39,1,random
139,384,2328,random
141,46,5211,random
143,126,603,random
144,1,42,random
144,582,139,random
145,4,87,random
145,536,34,random
147,287,306,random
148,152,2,random
150,6,1,random
150,11,8,random
152,1,20,random
152,171,410,random
154,4,2308,random
155,28,46,random
155,204,697,random
155,2649,22,random
156,1,798,random
156,54,274,random
156,1299,2,random
156,4938,1,random
158,1,3,random
158,1727,2,random
160,2,25,random
160,2,7695,random
162,1,4372,random
162,3852,4339,random
164,23,1,random
164,262,441,random
164,4089,4592,random
165,210,40,random
167,167,1145,random
168,106,4,random
169,98,17,random
171,7,53,random
171,109,2346,random
176,285,120,random
176,452,1415,random
178,7622,2,random
179,34,28,random
180,230,225,random
182,1,3,random
183,6737,167,random
183,7619,591,random
185,7237,2,random
188,705,106,random
188,1862,8043,random
189,5,9,random
190,10,17,random
190,20,738,random
191,568,1725,random
192,1,1,grid
192,1,4,grid
192,1,32,grid
192,1,64,grid
192,1,96,grid
192,1,127,grid
192,1,128,grid
192,1,129,grid
192,1,256,grid
192,1,768,grid
192,1,1024,grid
192,1,1536,grid
192,1,4096,grid
192,2,4,grid
192,2,127,grid
192,2,129,grid
192,2,256,grid
192,2,384,grid
192,2,1024,grid
192,4,2,grid
192,4,4,grid
192,4,96,grid
192,4,128,grid
192,4,192,grid
192,4,384,grid
192,4,512,grid
192,4,768,grid
192,4,1024,grid
192,4,1536,grid
192,4,4096,grid
192,8,1,grid
192,8,16,grid
192,8,32,grid
192,8,64,grid
192,8,129,grid
192,8,192,grid
192,8,257,grid
192,8,512,grid
192,8,768,grid
192,8,1024,grid
192,8,2048,grid
192,8,4096,grid
192,16,1,grid
192,16,16,grid
192,16,32,grid
192,16,64,grid
192,16,129,grid
192,16,256,grid
192,16,257,grid
192,16,512,grid
192,16,768,grid
192,16,1024,grid
192,32,1,grid
192,32,2,grid
192,32,4,grid
192,32,16,grid
192,32,32,grid
192,32,64,grid
192,32,96,grid
192,32,127,grid
192,32,128,grid
192,32,129,grid
192,32,192,grid
192,32,256,grid
192,32,257,grid
192,64,4,grid
192,64,8,grid
192,64,96,grid
192,64,129,grid
192,64,256,grid
192,64,257,grid
192,64,4096,grid
192,96,4,grid
192,96,8,grid
192,96,16,grid
192,96,64,grid
192,96,128,grid
192,96,129,grid
192,96,192,grid
192,96,257,grid
192,96,1536,grid
192,96,4096,grid
192,127,1,grid
192,127,2,grid
192,127,8,grid
192,127,16,grid
192,127,32,grid
192,127,128,grid
192,127,257,grid
192,127,384,grid
192,127,512,grid
192,127,4096,grid
192,128,64,grid
192,128,96,grid
192,128,192,grid
192,128,256,grid
192,128,257,grid
192,128,1024,grid
192,128,1536,grid
192,128,2048,grid
192,128,4096,grid
192,129,4,grid
192,129,8,grid
192,129,32,grid
192,129,64,grid
192,129,128,grid
192,129,256,grid
192,129,1536,grid
192,129,2048,grid
192,129,4096,grid
192,192,4,grid
192,192,8,grid
192,192,16,grid
192,192,32,grid
192,192,129,grid
192,192,192,grid
192,192,384,grid
192,192,1536,grid
192,192,2048,grid
192,256,4,grid
192,256,16,grid
192,256,64,grid
192,256,96,grid
192,256,127,grid
192,256,128,grid
192,256,129,grid
192,256,192,grid
192,256,257,grid
192,256,384,grid
192,256,512,grid
192,256,1024,grid
192,256,1536,grid
192,256,4096,grid
192,257,2,grid
192,257,32,grid
192,257,127,grid
192,257,128,grid
192,257,129,grid
192,257,192,grid
192,257,257,grid
192,257,512,grid
192,257,768,grid
192,384,2,grid
192,384,8,grid
192,384,32,grid
192,384,64,grid
192,384,96,grid
192,384,128,grid
192,384,129,grid
192,384,192,grid
192,384,256,grid
192,384,257,grid
192,384,384,grid
192,384,512,grid
192,384,768,grid
192,384,1536,grid
192,384,2048,grid
192,512,2,grid
192,512,32,grid
192,512,64,grid
192,512,96,grid
192,512,192,grid
192,512,256,grid
192,512,257,grid
192,512,384,grid
192,512,2048,grid
192,768,2,grid
192,768,8,grid
192,768,16,grid
192,768,64,grid
192,768,96,grid
192,768,129,grid
192,768,256,grid
192,768,257,grid
192,768,384,grid
192,768,512,grid
192,768,768,grid
192,768,1024,grid
192,768,4096,grid
192,1024,1,grid
192,1024,8,grid
192,1024,64,grid
192,1024,128,grid
192,1024,129,grid
192,1024,257,grid
192,1024,768,grid
192,1536,1,grid
192,1536,2,grid
192,1536,4,grid
192,1536,16,grid
192,1536,32,grid
192,1536,64,grid
192,1536,96,grid
192,1536,129,grid
192,1536,192,grid
192,1536,384,grid
192,1536,768,grid
192,1536,1024,grid
192,1536,1536,grid
192,1536,4096,grid
192,2048,1,grid
192,2048,2,grid
192,2048,4,grid
192,2048,64,grid
192,2048,128,grid
192,2048,512,grid
192,2048,1024,grid
192,2048,1536,grid
192,2048,4096,grid
192,3579,94,random
192,4096,1,grid
192,4096,4,grid
192,4096,16,grid
192,4096,32,grid
192,4096,128,grid
192,4096,129,grid
192,4096,192,grid
192,4096,512,grid
192,4096,768,grid
192,4096,1024,grid
192,4096,1536,grid
192,4096,2048,grid
192,4096,4096,grid
194,455,45,random
195,1,3,random
195,73,457,random
196,2,155,random
196,324,1,random
196,562,1269,random
196,2630,41,random
197,2,33,random
197,79,109,random
197,224,69,random
197,658,464,random
202,19,77,random
202,66,10,random
203,312,76,random
204,7905,13,random
207,41,12,random
208,2595,2550,random
210,2,3,random
210,12,1910,random
212,379,198,random
214,1,1260,random
216,2,160,random
216,32,179,random
217,1191,43,random
219,268,62,random
220,1703,77,random
221,37,156,random
223,4728,95,random
225,1864,5,random
228,13,102,random
229,1,22,random
229,199,55,random
239,1,4656,random
240,2633,52,random
242,3,10,random
243,2,1,random
243,7,21,random
246,249,574,random
246,3741,6063,random
247,72,8,random
250,138,379,random
250,363,8,random
250,371,73,random
251,1123,2351,random
255,59,58,random
256,1,1,tall
256,1,4,grid
256,1,16,grid
256,1,64,grid
256,1,127,grid
256,1,257,grid
256,1,384,grid
256,1,1024,grid
256,1,1536,grid
256,1,4096,grid
256,2,1,grid
256,2,4,grid
256,2,64,grid
256,2,96,grid
256,2,128,grid
256,4,1,grid
256,4,8,grid
256,4,127,grid
256,4,129,grid
256,4,192,grid
256,4,257,grid
256,4,384,grid
256,4,768,grid
256,4,1024,grid
256,4,1536,grid
256,4,2048,grid
256,8,1,grid
256,8,2,grid
256,8,8,grid
256,8,16,grid
256,8,32,grid
256,8,96,grid
256,8,128,grid
256,8,256,grid
256,8,257,grid
256,8,768,grid
256,8,1024,grid
256,8,2048,grid
256,8,4096,grid
256,16,1,grid
256,16,2,grid
256,16,16,grid
256,16,127,grid
256,16,256,grid
256,16,384,grid
256,16,1536,grid
256,32,1,grid
256,32,16,grid
256,32,96,grid
256,32,127,grid
256,32,128,grid
256,32,192,grid
256,32,1024,grid
256,64,1,grid
256,64,2,grid
256,64,4,grid
256,64,8,grid
256,64,16,grid
256,64,64,tall
256,64,96,grid
256,64,128,grid
256,64,256,grid
256,64,257,grid
256,64,512,grid
256,64,768,grid
256,64,1536,grid
256,96,1,grid
256,96,4,grid
256,96,8,grid
256,96,16,grid
256,96,64,grid
256,96,96,grid
256,96,127,grid
256,96,128,grid
256,96,256,grid
256,96,257,grid
256,96,384,grid
256,96,768,grid
256,96,1536,grid
256,96,2048,grid
256,127,1,grid
256,127,16,grid
256,127,96,grid
256,127,128,grid
256,127,129,grid
256,127,256,grid
256,127,257,grid
256,127,384,grid
256,127,512,grid
256,127,768,grid
256,127,1536,grid
256,127,2048,grid
256,128,4,grid
256,128,16,grid
256,128,32,grid
256,128,64,grid
256,128,128,grid
256,128,129,grid
256,128,192,grid
256,128,256,grid
256,128,768,grid
256,128,1024,grid
256,128,2048,grid
256,129,1,grid
256,129,8,grid
256,129,16,grid
256,129,128,grid
256,129,129,grid
256,129,192,grid
256,129,256,grid
256,129,257,grid
256,129,384,grid
256,129,512,grid
256,129,768,grid
256,129,1536,grid
256,192,1,grid
256,192,4,grid
256,192,8,grid
256,192,96,grid
256,192,127,grid
256,192,128,grid
256,192,192,grid
256,192,256,grid
256,192,257,grid
256,192,384,grid
256,192,1024,grid
256,192,4096,grid
256,256,1,grid
256,256,4,grid
256,256,8,grid
256,256,64,grid
256,256,127,grid
256,256,129,grid
256,256,256,tall
256,256,257,deepK
256,256,264,deepK
256,256,289,deepK
256,256,320,deepK
256,256,352,deepK
256,256,383,deepK
256,256,512,deepK
256,256,513,deepK
256,256,520,deepK
256,256,545,deepK
256,256,576,deepK
256,256,608,deepK
256,256,639,deepK
256,256,1024,deepK
256,256,1025,deepK
256,256,1032,deepK
256,256,1057,deepK
256,256,1088,deepK
256,256,1120,deepK
256,256,1151,deepK
256,256,2048,deepK
256,256,2049,deepK
256,256,2056,deepK
256,256,2081,deepK
256,256,2112,deepK
256,256,2144,deepK
256,256,2175,deepK
256,256,4096,deepK
256,256,4097,deepK
256,256,4104,deepK
256,256,4129,deepK
256,256,4160,deepK
256,256,4192,deepK
256,256,4223,deepK
256,256,8192,deepK
256,256,8193,deepK
256,256,8200,deepK
256,256,8225,deepK
256,256,8256,deepK
256,256,8288,deepK
256,256,8319,deepK
256,257,1,grid
256,257,4,grid
256,257,16,grid
256,257,32,grid
256,257,64,grid
256,257,129,grid
256,257,192,grid
256,257,256,fat
256,257,512,grid
256,257,768,grid
256,257,1024,grid
256,257,2048,grid
256,264,64,wide_output
256,264,256,fat
256,289,64,wide_output
256,289,256,fat
256,320,64,wide_output
256,320,256,fat
256,352,64,wide_output
256,352,256,fat
256,383,64,wide_output
256,383,256,fat
256,384,1,grid
256,384,2,grid
256,384,4,grid
256,384,127,grid
256,384,129,grid
256,384,256,grid
256,384,257,grid
256,384,512,grid
256,384,1024,grid
256,384,4096,grid
256,512,4,grid
256,512,8,grid
256,512,32,grid
256,512,64,grid
256,512,96,grid
256,512,128,grid
256,512,129,grid
256,512,256,fat
256,512,257,grid
256,512,768,grid
256,512,1024,grid
256,512,1536,grid
256,513,64,wide_output
256,513,256,fat
256,520,64,wide_output
256,520,256,fat
256,545,64,wide_output
256,545,256,fat
256,576,64,wide_output
256,576,256,fat
256,608,64,wide_output
256,608,256,fat
256,639,64,wide_output
256,639,256,fat
256,768,4,grid
256,768,16,grid
256,768,64,grid
256,768,127,grid
256,768,128,grid
256,768,257,grid
256,768,384,grid
256,768,512,grid
256,1024,2,grid
256,1024,8,grid
256,1024,16,grid
256,1024,32,grid
256,1024,64,grid
256,1024,96,grid
256,1024,127,grid
256,1024,128,grid
256,1024,256,fat
256,1024,257,grid
256,1024,384,grid
256,1024,512,grid
256,1024,768,grid
256,1024,1024,grid
256,1024,2048,grid
256,1025,64,wide_output
256,1025,256,fat
256,1032,64,wide_output
256,1032,256,fat
256,1057,64,wide_output
256,1057,256,fat
256,1088,64,wide_output
256,1088,256,fat
256,1120,64,wide_output
256,1120,256,fat
256,1151,64,wide_output
256,1151,256,fat
256,1536,1,grid
256,1536,2,grid
256,1536,4,grid
256,1536,16,grid
256,1536,127,grid
256,1536,128,grid
256,1536,129,grid
256,1536,256,grid
256,1536,257,grid
256,1536,384,grid
256,1536,512,grid
256,1536,768,grid
256,2048,2,grid
256,2048,4,grid
256,2048,8,grid
256,2048,16,grid
256,2048,64,wide_output
256,2048,96,grid
256,2048,127,grid
256,2048,129,grid
256,2048,192,grid
256,2048,256,grid
256,2048,257,grid
256,2048,384,grid
256,2048,1024,grid
256,2049,64,wide_output
256,2049,256,fat
256,2056,64,wide_output
256,2056,256,fat
256,2081,64,wide_output
256,2081,256,fat
256,2112,64,wide_output
256,2112,256,fat
256,2144,64,wide_output
256,2144,256,fat
256,2175,64,wide_output
256,2175,256,fat
256,4096,1,grid
256,4096,4,grid
256,4096,8,grid
256,4096,16,grid
256,4096,32,grid
256,4096,64,wide_output
256,4096,127,grid
256,4096,128,grid
256,4096,192,grid
256,4096,256,grid
256,4096,257,grid
256,4096,384,grid
256,4096,512,grid
256,4096,2048,grid
256,4097,64,wide_output
256,4097,256,fat
256,4104,64,wide_output
256,4104,256,fat
256,4129,64,wide_output
256,4129,256,fat
256,4160,64,wide_output
256,4160,256,fat
256,4192,64,wide_output
256,4192,256,fat
256,4223,64,wide_output
256,4223,256,fat
256,8192,64,wide_output
256,8192,256,fat
256,8193,64,wide_output
256,8193,256,fat
256,8200,64,wide_output
256,8200,256,fat
256,8225,64,wide_output
256,8225,256,fat
256,8256,64,wide_output
256,8256,256,fat
256,8288,64,wide_output
256,8288,256,fat
256,8319,64,wide_output
256,8319,256,fat
257,1,1,grid
257,1,64,grid
257,1,128,grid
257,1,256,grid
257,1,384,grid
257,1,768,grid
257,1,2048,grid
257,2,2,grid
257,2,16,grid
257,2,64,grid
257,2,96,grid
257,2,192,grid
257,2,384,grid
257,2,1024,grid
257,4,1,grid
257,4,4,grid
257,4,32,grid
257,4,96,grid
257,4,127,grid
257,4,129,grid
257,4,256,grid
257,4,384,grid
257,4,1024,grid
257,4,1536,grid
257,8,1,grid
257,8,2,grid
257,8,4,grid
257,8,8,grid
257,8,32,grid
257,8,129,grid
257,8,192,grid
257,8,384,grid
257,8,512,grid
257,8,1536,grid
257,8,2048,grid
257,16,1,grid
257,16,4,grid
257,16,16,tall
257,16,96,grid
257,16,127,grid
257,16,128,grid
257,16,256,grid
257,16,257,grid
257,16,512,grid
257,16,768,grid
257,16,2048,grid
257,32,4,grid
257,32,16,grid
257,32,64,grid
257,32,127,grid
257,32,128,grid
257,32,129,grid
257,32,192,grid
257,32,256,grid
257,32,257,grid
257,32,512,grid
257,32,2048,grid
257,64,1,grid
257,64,16,grid
257,64,64,tall
257,64,96,grid
257,64,127,grid
257,64,192,grid
257,64,256,grid
257,64,257,grid
257,64,384,grid
257,64,512,grid
257,64,1024,grid
257,64,1536,grid
257,64,4096,grid
257,96,1,grid
257,96,2,grid
257,96,4,grid
257,96,32,grid
257,96,64,grid
257,96,127,grid
257,96,128,grid
257,96,192,grid
257,96,256,grid
257,96,768,grid
257,96,1024,grid
257,96,1536,grid
257,96,2048,grid
257,127,1,grid
257,127,4,grid
257,127,32,grid
257,127,64,grid
257,127,96,grid
257,127,127,grid
257,127,256,grid
257,127,384,grid
257,127,768,grid
257,127,4096,grid
257,128,1,grid
257,128,2,grid
257,128,4,grid
257,128,16,grid
257,128,64,grid
257,128,96,grid
257,128,128,tall
257,128,129,grid
257,128,192,grid
257,128,256,grid
257,128,768,grid
257,128,1536,grid
257,128,2048,grid
257,129,1,grid
257,129,32,grid
257,129,96,grid
257,129,127,grid
257,129,128,grid
257,129,129,grid
257,129,256,grid
257,129,384,grid
257,129,512,grid
257,129,2048,grid
257,129,4096,grid
257,192,2,grid
257,192,4,grid
257,192,16,grid
257,192,32,grid
257,192,64,grid
257,192,127,grid
257,192,128,grid
257,192,129,grid
257,192,192,grid
257,192,256,grid
257,192,768,grid
257,192,1536,grid
257,192,2048,grid
257,256,1,grid
257,256,4,grid
257,256,8,grid
257,256,16,grid
257,256,64,thinK
257,256,96,grid
257,256,192,grid
257,256,256,grid
257,256,1536,grid
257,256,2048,grid
257,256,4096,grid
257,257,1,grid
257,257,4,grid
257,257,32,grid
257,257,128,grid
257,257,129,grid
257,257,192,grid
257,257,256,grid
257,257,384,grid
257,257,1536,grid
257,257,2048,grid
257,257,4096,grid
257,361,1,random
257,384,2,grid
257,384,4,grid
257,384,8,grid
257,384,16,grid
257,384,127,grid
257,384,256,grid
257,384,257,grid
257,384,512,grid
257,384,1024,grid
257,384,2048,grid
257,512,8,grid
257,512,16,grid
257,512,32,grid
257,512,64,grid
257,512,127,grid
257,512,129,grid
257,512,192,grid
257,512,256,grid
257,512,257,grid
257,512,512,grid
257,512,4096,grid
257,768,1,grid
257,768,4,grid
257,768,16,grid
257,768,127,grid
257,768,192,grid
257,768,384,grid
257,768,768,grid
257,768,1536,grid
257,768,4096,grid
257,1024,1,grid
257,1024,8,grid
257,1024,32,grid
257,1024,64,grid
257,1024,128,grid
257,1024,129,grid
257,1024,257,grid
257,1024,768,grid
257,1024,1024,grid
257,1024,2048,grid
257,1536,2,grid
257,1536,16,grid
257,1536,64,grid
257,1536,128,grid
257,1536,129,grid
257,1536,257,grid
257,1536,384,grid
257,1536,768,grid
257,1536,1024,grid
257,1536,1536,grid
257,1536,4096,grid
257,2048,2,grid
257,2048,4,grid
257,2048,8,grid
257,2048,16,grid
257,2048,128,grid
257,2048,129,grid
257,2048,192,grid
257,2048,257,grid
257,2048,768,grid
257,2048,2048,grid
257,4096,4,grid
257,4096,16,grid
257,4096,96,grid
257,4096,127,grid
257,4096,128,grid
257,4096,129,grid
257,4096,192,grid
257,4096,257,grid
257,4096,512,grid
259,105,179,random
264,1,1,tall
264,1,15,random
264,8,8,tall
264,16,16,tall
264,64,64,tall
264,128,128,tall
264,256,64,thinK
264,256,256,tall
265,625,21,random
268,2,12,random
272,46,247,random
272,3999,20,random
275,59,331,random
278,479,849,random
278,5018,78,random
279,4,1644,random
280,2,4,random
281,13,1,random
281,5801,565,random
284,2,1589,random
285,96,2,random
286,88,725,random
288,13,5,random
288,996,293,random
289,1,1,tall
289,1,64,random
289,8,8,tall
289,16,16,tall
289,64,64,tall
289,128,128,tall
289,256,64,thinK
289,256,256,tall
289,3351,3,random
292,107,4098,random
293,31,10,random
295,5206,22,random
298,21,3,random
298,1851,238,random
299,31,4,random
300,2,691,random
301,781,4,random
302,140,6,random
302,261,3293,random
302,269,632,random
303,5,6,random
304,14,49,random
307,8,341,random
308,5,7688,random
310,7,41,random
311,2,2,random
311,2,55,random
313,31,184,random
315,11,2559,random
320,1,1,tall
320,8,8,tall
320,9,2751,random
320,16,16,tall
320,29,127,random
320,64,64,tall
320,128,128,tall
320,256,64,thinK
320,256,256,tall
324,3,44,random
328,7,2,random
332,6948,3,random
334,71,5,random
338,5,1,random
340,38,3118,random
343,1,1,random
345,61,9,random
352,1,1,tall
352,8,8,tall
352,16,16,tall
352,64,64,tall
352,128,128,tall
352,256,64,thinK
352,256,256,tall
355,5210,124,random
358,3,3,random
359,386,86,random
362,2,2,random
367,73,150,random
367,613,3409,random
377,1,4,random
378,2,105,random
378,6033,49,random
379,30,175,random
381,801,104,random
383,1,1,tall
383,6,97,random
383,8,8,tall
383,16,16,tall
383,64,64,tall
383,128,128,tall
383,256,64,thinK
383,256,256,tall
384,1,1,grid
384,1,8,grid
384,1,16,grid
384,1,64,grid
384,1,127,grid
384,1,128,grid
384,1,129,grid
384,1,192,grid
384,1,256,grid
384,1,1536,grid
384,1,4096,grid
384,2,1,grid
384,2,2,grid
384,2,8,grid
384,2,16,grid
384,2,32,grid
384,2,192,grid
384,2,256,grid
384,2,384,grid
384,2,512,grid
384,2,2048,grid
384,2,4096,grid
384,4,2,grid
384,4,8,grid
384,4,64,grid
384,4,96,grid
384,4,127,grid
384,4,128,grid
384,4,192,grid
384,4,256,grid
384,4,384,grid
384,4,768,grid
384,4,2048,grid
384,8,1,grid
384,8,2,grid
384,8,4,grid
384,8,8,grid
384,8,32,grid
384,8,127,grid
384,8,129,grid
384,8,192,grid
384,8,512,grid
384,8,768,grid
384,8,1024,grid
384,8,4096,grid
384,16,1,grid
384,16,2,grid
384,16,4,grid
384,16,32,grid
384,16,64,grid
384,16,96,grid
384,16,128,grid
384,16,192,grid
384,16,257,grid
384,16,512,grid
384,16,768,grid
384,16,1024,grid
384,16,1536,grid
384,16,4096,grid
384,32,1,grid
384,32,4,grid
384,32,96,grid
384,32,192,grid
384,32,257,grid
384,32,384,grid
384,32,512,grid
384,32,1024,grid
384,64,1,grid
384,64,2,grid
384,64,8,grid
384,64,16,grid
384,64,64,grid
384,64,192,grid
384,64,257,grid
384,64,1024,grid
384,64,1536,grid
384,64,2048,grid
384,64,4096,grid
384,96,1,grid
384,96,2,grid
384,96,4,grid
384,96,32,grid
384,96,64,grid
384,96,127,grid
384,96,128,grid
384,96,256,grid
384,96,257,grid
384,96,768,grid
384,96,1536,grid
384,127,1,grid
384,127,2,grid
384,127,8,grid
384,127,32,grid
384,127,96,grid
384,127,127,grid
384,127,257,grid
384,127,384,grid
384,127,512,grid
384,127,768,grid
384,127,2048,grid
384,127,4096,grid
384,128,2,grid
384,128,32,grid
384,128,64,grid
384,128,96,grid
384,128,127,grid
384,128,256,grid
384,128,384,grid
384,128,512,grid
384,128,768,grid
384,129,1,grid
384,129,4,grid
384,129,8,grid
384,129,16,grid
384,129,64,grid
384,129,96,grid
384,129,192,grid
384,129,384,grid
384,129,1024,grid
384,192,2,grid
384,192,16,grid
384,192,96,grid
384,192,127,grid
384,192,512,grid
384,192,1536,grid
384,192,2048,grid
384,192,4096,grid
384,256,2,grid
384,256,16,grid
384,256,32,grid
384,256,64,grid
384,256,128,grid
384,256,256,grid
384,256,384,grid
384,256,512,grid
384,256,768,grid
384,256,1536,grid
384,257,2,grid
384,257,16,grid
384,257,64,grid
384,257,96,grid
384,257,127,grid
384,257,384,grid
384,257,768,grid
384,257,1024,grid
384,257,2048,grid
384,257,4096,grid
384,384,4,grid
384,384,8,grid
384,384,32,grid
384,384,96,grid
384,384,128,grid
384,384,129,grid
384,384,192,grid
384,384,256,grid
384,384,257,grid
384,384,512,grid
384,384,768,grid
384,384,1024,grid
384,512,1,grid
384,512,2,grid
384,512,4,grid
384,512,16,grid
384,512,32,grid
384,512,96,grid
384,512,127,grid
384,512,128,grid
384,512,192,grid
384,512,256,grid
384,512,257,grid
384,512,384,grid
384,512,512,grid
384,512,1536,grid
384,512,2048,grid
384,768,4,grid
384,768,8,grid
384,768,16,grid
384,768,32,grid
384,768,64,grid
384,768,127,grid
384,768,192,grid
384,768,256,grid
384,768,257,grid
384,768,384,grid
384,768,768,grid
384,768,1024,grid
384,768,1536,grid
384,768,2048,grid
384,768,4096,grid
384,1024,4,grid
384,1024,8,grid
384,1024,32,grid
384,1024,96,grid
384,1024,128,grid
384,1024,192,grid
384,1024,256,grid
384,1024,384,grid
384,1024,512,grid
384,1024,1536,grid
384,1024,2048,grid
384,1536,2,grid
384,1536,8,grid
384,1536,32,grid
384,1536,96,grid
384,1536,128,grid
384,1536,129,grid
384,1536,192,grid
384,1536,384,grid
384,1536,1536,grid
384,2048,1,grid
384,2048,16,grid
384,2048,32,grid
384,2048,127,grid
384,2048,128,grid
384,2048,768,grid
384,2048,2048,grid
384,4096,1,grid
384,4096,2,grid
384,4096,16,grid
384,4096,64,grid
384,4096,96,grid
384,4096,127,grid
384,4096,128,grid
384,4096,256,grid
384,4096,384,grid
384,4096,768,grid
384,4096,1536,grid
384,4096,2048,grid
384,7920,3876,random
385,1718,13,random
387,17,139,random
387,174,1,random
387,4119,160,random
390,2,55,random
391,1608,42,random
394,2045,68,random
397,268,831,random
398,113,163,random
398,625,2711,random
404,419,4595,random
405,216,1388,random
406,173,7,random
407,27,5906,random
409,994,439,random
410,17,301,random
412,1,85,random
415,228,1808,random
416,2956,4,random
422,214,38,random
424,52,594,random
428,159,1398,random
429,213,921,random
429,6060,2,random
431,5045,4,random
432,4,436,random
432,4,7267,random
432,857,5,random
433,31,1,random
438,566,385,random
440,1,3,random
443,28,2,random
443,2035,22,random
447,322,215,random
451,8,7383,random
451,63,10,random
451,943,8,random
458,2720,87,random
461,189,1088,random
468,11,705,random
469,272,1219,random
475,2,17,random
475,55,4,random
481,4,152,random
485,801,415,random
486,1,3958,random
486,2,980,random
487,65,1,random
488,5,2,random
493,635,2450,random
495,254,30,random
510,224,234,random
512,1,1,grid
512,1,4,grid
512,1,8,grid
512,1,32,grid
512,1,96,grid
512,1,192,grid
512,1,257,grid
512,1,384,grid
512,1,1024,grid
512,1,2048,grid
512,1,4096,grid
512,2,2,grid
512,2,4,grid
512,2,64,grid
512,2,96,grid
512,2,129,grid
512,2,192,grid
512,2,384,grid
512,2,1536,grid
512,2,2048,grid
512,2,4096,grid
512,4,4,grid
512,4,64,grid
512,4,96,grid
512,4,128,grid
512,4,129,grid
512,4,192,grid
512,4,256,grid
512,4,384,grid
512,4,512,grid
512,4,768,grid
512,4,1024,grid
512,4,2048,grid
512,8,1,grid
512,8,2,grid
512,8,4,grid
512,8,8,grid
512,8,16,grid
512,8,64,grid
512,8,96,grid
512,8,129,grid
512,8,512,grid
512,8,768,grid
512,8,1536,grid
512,8,2048,grid
512,8,4096,grid
512,16,1,grid
512,16,2,grid
512,16,4,grid
512,16,16,grid
512,16,96,grid
512,16,127,grid
512,16,128,grid
512,16,129,grid
512,16,192,grid
512,16,512,grid
512,32,1,grid
512,32,8,grid
512,32,16,grid
512,32,32,grid
512,32,1024,grid
512,32,1536,grid
512,32,2048,grid
512,32,4096,grid
512,64,2,grid
512,64,4,grid
512,64,64,tall
512,64,96,grid
512,64,129,grid
512,64,192,grid
512,64,768,grid
512,64,1024,grid
512,64,2048,grid
512,64,4096,grid
512,96,4,grid
512,96,16,grid
512,96,32,grid
512,96,64,grid
512,96,96,grid
512,96,129,grid
512,96,192,grid
512,96,257,grid
512,96,1536,grid
512,96,2048,grid
512,127,1,grid
512,127,2,grid
512,127,8,grid
512,127,32,grid
512,127,64,grid
512,127,127,grid
512,127,128,grid
512,127,192,grid
512,127,257,grid
512,127,768,grid
512,128,2,grid
512,128,8,grid
512,128,16,grid
512,128,32,grid
512,128,64,grid
512,128,96,grid
512,128,127,grid
512,128,128,grid
512,128,129,grid
512,128,257,grid
512,128,384,grid
512,128,512,grid
512,128,1024,grid
512,128,2048,grid
512,129,1,grid
512,129,2,grid
512,129,4,grid
512,129,8,grid
512,129,128,grid
512,129,256,grid
512,129,384,grid
512,129,512,grid
512,129,1024,grid
512,129,1536,grid
512,129,2048,grid
512,129,4096,grid
512,192,1,grid
512,192,8,grid
512,192,96,grid
512,192,127,grid
512,192,128,grid
512,192,192,grid
512,192,256,grid
512,192,257,grid
512,192,384,grid
512,192,512,grid
512,192,1024,grid
512,192,1536,grid
512,256,1,grid
512,256,2,grid
512,256,16,grid
512,256,128,grid
512,256,129,grid
512,256,256,tall
512,256,257,grid
512,256,384,grid
512,256,512,grid
512,256,768,grid
512,256,1536,grid
512,256,2048,grid
512,257,1,grid
512,257,2,grid
512,257,8,grid
512,257,32,grid
512,257,128,grid
512,257,129,grid
512,257,192,grid
512,257,256,grid
512,257,384,grid
512,257,512,grid
512,257,1024,grid
512,257,1536,grid
512,257,2048,grid
512,257,4096,grid
512,384,1,grid
512,384,64,grid
512,384,128,grid
512,384,192,grid
512,384,257,grid
512,384,512,grid
512,384,2048,grid
512,512,2,grid
512,512,4,grid
512,512,8,grid
512,512,64,thinK
512,512,96,grid
512,512,127,grid
512,512,128,grid
512,512,257,grid
512,512,512,grid
512,512,768,grid
512,512,1536,grid
512,768,2,grid
512,768,4,grid
512,768,32,grid
512,768,127,grid
512,768,768,grid
512,768,1024,grid
512,768,2048,grid
512,1024,1,grid
512,1024,8,grid
512,1024,16,grid
512,1024,32,grid
512,1024,64,grid
512,1024,96,grid
512,1024,127,grid
512,1024,129,grid
512,1024,192,grid
512,1024,256,grid
512,1024,257,grid
512,1024,384,grid
512,1024,512,grid
512,1024,768,grid
512,1024,1024,grid
512,1024,2048,grid
512,1024,4096,grid
512,1536,1,grid
512,1536,2,grid
512,1536,16,grid
512,1536,64,grid
512,1536,127,grid
512,1536,128,grid
512,1536,129,grid
512,1536,257,grid
512,1536,384,grid
512,1536,768,grid
512,1536,1536,grid
512,1536,2048,grid
512,2048,2,grid
512,2048,4,grid
512,2048,192,grid
512,2048,257,grid
512,2048,512,grid
512,2048,768,grid
512,2048,1024,grid
512,2048,1536,grid
512,4096,1,grid
512,4096,4,grid
512,4096,8,grid
512,4096,16,grid
512,4096,96,grid
512,4096,256,grid
512,4096,257,grid
512,4096,384,grid
512,4096,512,grid
512,4096,2048,grid
512,4096,4096,grid
513,1,1,tall
513,8,8,tall
513,16,16,tall
513,64,64,tall
513,128,128,tall
513,256,256,tall
513,512,64,thinK
517,4,38,random
517,4814,38,random
520,1,1,tall
520,8,8,tall
520,16,16,tall
520,64,64,tall
520,128,128,tall
520,256,256,tall
520,512,64,thinK
523,3,6,random
523,18,356,random
527,92,436,random
528,12,29,random
532,66,527,random
533,341,6,random
534,31,206,random
537,2,176,random
539,4496,13,random
543,1,1860,random
545,1,1,tall
545,8,8,tall
545,16,16,tall
545,64,64,tall
545,128,128,tall
545,256,256,tall
545,512,64,thinK
546,1013,1,random
551,10,10,random
551,798,1463,random
553,364,8,random
562,977,283,random
566,39,3097,random
566,1643,1184,random
569,556,2,random
571,4583,106,random
572,172,156,random
573,1392,88,random
576,1,1,tall
576,8,8,tall
576,12,1500,random
576,16,16,tall
576,64,64,tall
576,128,128,tall
576,256,256,tall
576,512,64,thinK
584,2,3,random
585,8104,222,random
587,7870,518,random
590,38,1,random
594,113,3,random
596,2200,25,random
598,677,7613,random
600,2,88,random
603,19,1,random
603,137,897,random
608,1,1,tall
608,8,8,tall
608,16,16,tall
608,64,64,tall
608,128,128,tall
608,256,256,tall
608,512,64,thinK
611,750,154,random
615,212,50,random
619,3,147,random
620,2213,21,random
632,368,7368,random
632,3910,64,random
635,1282,1057,random
639,1,1,tall
639,8,8,tall
639,16,16,tall
639,64,64,tall
639,128,128,tall
639,256,256,tall
639,512,64,thinK
646,1440,2,random
648,21,268,random
653,4255,150,random
655,36,1690,random
665,38,87,random
666,1,4147,random
675,822,3398,random
677,1891,217,random
678,1,38,random
681,5,4096,random
687,296,4015,random
691,30,1,random
695,3110,4,random
695,7867,1239,random
697,5801,22,random
701,8,874,random
714,1597,5,random
714,7806,3220,random
716,6153,62,random
718,3292,475,random
720,2,200,random
726,953,671,random
744,1,2931,random
744,310,3350,random
745,439,5,random
746,353,3,random
747,1,56,random
750,3097,6256,random
750,8182,21,random
756,17,2320,random
765,168,2931,random
768,1,2,grid
768,1,32,grid
768,1,96,grid
768,1,127,grid
768,1,129,grid
768,1,256,grid
768,1,257,grid
768,1,384,grid
768,1,1024,grid
768,1,1536,grid
768,1,2048,grid
768,1,4096,grid
768,2,2,grid
768,2,4,grid
768,2,8,grid
768,2,16,grid
768,2,129,grid
768,2,192,grid
768,2,257,grid
768,2,384,grid
768,2,512,grid
768,2,768,grid
768,2,1024,grid
768,2,1536,grid
768,4,4,grid
768,4,127,grid
768,4,128,grid
768,4,256,grid
768,4,384,grid
768,4,768,grid
768,4,1536,grid
768,4,4096,grid
768,8,2,grid
768,8,8,grid
768,8,96,grid
768,8,128,grid
768,8,192,grid
768,8,257,grid
768,8,384,grid
768,8,768,grid
768,8,1536,grid
768,8,4096,grid
768,16,1,grid
768,16,2,grid
768,16,4,grid
768,16,16,grid
768,16,32,grid
768,16,64,grid
768,16,96,grid
768,16,127,grid
768,16,129,grid
768,16,192,grid
768,16,257,grid
768,16,768,grid
768,16,1024,grid
768,32,1,grid
768,32,32,grid
768,32,127,grid
768,32,384,grid
768,32,512,grid
768,32,768,grid
768,32,1024,grid
768,64,2,grid
768,64,4,grid
768,64,8,grid
768,64,16,grid
768,64,32,grid
768,64,128,grid
768,64,192,grid
768,64,256,grid
768,64,384,grid
768,64,512,grid
768,64,1024,grid
768,64,1536,grid
768,64,2048,grid
768,64,4096,grid
768,96,4,grid
768,96,32,grid
768,96,129,grid
768,96,257,grid
768,96,512,grid
768,96,1536,grid
768,96,4096,grid
768,127,16,grid
768,127,32,grid
768,127,127,grid
768,127,129,grid
768,127,257,grid
768,127,512,grid
768,127,2048,grid
768,128,1,grid
768,128,4,grid
768,128,8,grid
768,128,64,grid
768,128,127,grid
768,128,192,grid
768,128,256,grid
768,128,512,grid
768,128,768,grid
768,128,4096,grid
768,129,1,grid
768,129,2,grid
768,129,64,grid
768,129,96,grid
768,129,127,grid
768,129,128,grid
768,129,256,grid
768,129,384,grid
768,129,1536,grid
768,129,2048,grid
768,129,4096,grid
768,192,2,grid
768,192,4,grid
768,192,16,grid
768,192,127,grid
768,192,129,grid
768,192,192,grid
768,192,512,grid
768,192,768,grid
768,192,1024,grid
768,192,1536,grid
768,192,4096,grid
768,256,1,grid
768,256,64,grid
768,256,192,grid
768,256,512,grid
768,256,768,grid
768,256,1024,grid
768,256,1536,grid
768,257,2,grid
768,257,4,grid
768,257,32,grid
768,257,96,grid
768,257,192,grid
768,257,257,grid
768,257,384,grid
768,257,512,grid
768,257,768,grid
768,257,1536,grid
768,384,16,grid
768,384,32,grid
768,384,64,grid
768,384,127,grid
768,384,128,grid
768,384,192,grid
768,384,256,grid
768,384,1536,grid
768,384,2048,grid
768,384,4096,grid
768,512,2,grid
768,512,4,grid
768,512,32,grid
768,512,96,grid
768,512,129,grid
768,512,192,grid
768,512,256,grid
768,512,257,grid
768,512,384,grid
768,512,512,grid
768,512,768,grid
768,512,1536,grid
768,512,2048,grid
768,768,1,grid
768,768,2,grid
768,768,4,grid
768,768,8,grid
768,768,129,grid
768,768,192,grid
768,768,256,grid
768,768,257,grid
768,768,384,grid
768,768,512,grid
768,768,1024,grid
768,768,2048,grid
768,1024,2,grid
768,1024,16,grid
768,1024,127,grid
768,1024,128,grid
768,1024,192,grid
768,1024,257,grid
768,1024,384,grid
768,1024,512,grid
768,1024,1024,grid
768,1024,1536,grid
768,1024,2048,grid
768,1024,4096,grid
768,1536,32,grid
768,1536,96,grid
768,1536,128,grid
768,1536,129,grid
768,1536,256,grid
768,1536,257,grid
768,1536,512,grid
768,1536,1536,grid
768,1536,2048,grid
768,2048,1,grid
768,2048,8,grid
768,2048,16,grid
768,2048,96,grid
768,2048,128,grid
768,2048,256,grid
768,2048,384,grid
768,2048,512,grid
768,2048,1024,grid
768,2048,4096,grid
768,4096,1,grid
768,4096,2,grid
768,4096,8,grid
768,4096,32,grid
768,4096,64,grid
768,4096,96,grid
768,4096,512,grid
768,4096,1024,grid
768,4096,1536,grid
768,4096,4096,grid
772,42,1083,random
772,158,11,random
776,1428,1,random
778,114,8036,random
785,108,3074,random
790,9,1880,random
793,4,45,random
802,6,14,random
804,76,2790,random
809,1471,1957,random
816,566,72,random
816,2020,517,random
819,36,1738,random
823,1007,9,random
825,23,11,random
828,58,12,random
834,2,4756,random
840,31,40,random
868,80,313,random
885,59,6,random
885,3064,60,random
888,6,5577,random
892,114,3,random
899,1760,1,random
914,61,1230,random
918,1996,5,random
919,46,337,random
923,1586,2,random
924,7522,838,random
927,8,4597,random
929,732,3176,random
942,24,206,random
954,3,284,random
954,5,2,random
959,12,7093,random
967,255,154,random
977,2,1674,random
979,1,2508,random
979,56,48,random
989,257,11,random
990,42,3957,random
992,37,77,random
992,68,449,random
997,485,1518,random
998,5072,3,random
1003,4,311,random
1009,49,9,random
1009,608,25,random
1019,289,136,random
1021,6,333,random
1024,1,1,tall
1024,1,2,grid
1024,1,4,grid
1024,1,127,grid
1024,1,128,grid
1024,1,129,grid
1024,1,256,grid
1024,1,257,grid
1024,1,384,grid
1024,1,1024,grid
1024,2,1,grid
1024,2,2,grid
1024,2,127,grid
1024,2,129,grid
1024,2,192,grid
1024,2,256,grid
1024,2,384,grid
1024,2,512,grid
1024,2,4096,grid
1024,4,1,grid
1024,4,4,grid
1024,4,8,grid
1024,4,16,grid
1024,4,32,grid
1024,4,64,grid
1024,4,127,grid
1024,4,128,grid
1024,4,192,grid
1024,4,256,grid
1024,4,384,grid
1024,4,768,grid
1024,4,2048,grid
1024,8,2,grid
1024,8,8,tall
1024,8,16,grid
1024,8,32,grid
1024,8,127,grid
1024,8,192,grid
1024,8,256,grid
1024,8,257,grid
1024,8,384,grid
1024,8,512,grid
1024,8,1024,grid
1024,8,4096,grid
1024,16,1,grid
1024,16,2,grid
1024,16,8,grid
1024,16,16,tall
1024,16,32,grid
1024,16,64,grid
1024,16,96,grid
1024,16,192,grid
1024,16,512,grid
1024,16,768,grid
1024,16,1024,grid
1024,16,2048,grid
1024,32,2,grid
1024,32,8,grid
1024,32,96,grid
1024,32,127,grid
1024,32,128,grid
1024,32,129,grid
1024,32,192,grid
1024,32,384,grid
1024,32,1536,grid
1024,32,4096,grid
1024,64,1,grid
1024,64,32,grid
1024,64,64,tall
1024,64,128,grid
1024,64,129,grid
1024,64,192,grid
1024,64,256,grid
1024,64,257,grid
1024,64,384,grid
1024,64,768,grid
1024,64,1024,grid
1024,64,1536,grid
1024,64,2048,grid
1024,96,1,grid
1024,96,4,grid
1024,96,96,grid
1024,96,512,grid
1024,96,768,grid
1024,96,1024,grid
1024,96,2048,grid
1024,127,4,grid
1024,127,8,grid
1024,127,32,grid
1024,127,127,grid
1024,127,128,grid
1024,127,768,grid
1024,127,4096,grid
1024,128,1,grid
1024,128,16,grid
1024,128,32,grid
1024,128,64,grid
1024,128,96,grid
1024,128,128,grid
1024,128,256,grid
1024,128,512,grid
1024,128,1536,grid
1024,128,2048,grid
1024,129,1,grid
1024,129,2,grid
1024,129,32,grid
1024,129,96,grid
1024,129,127,grid
1024,129,128,grid
1024,129,192,grid
1024,129,257,grid
1024,129,512,grid
1024,129,1536,grid
1024,129,2048,grid
1024,192,8,grid
1024,192,32,grid
1024,192,64,grid
1024,192,257,grid
1024,192,768,grid
1024,192,1536,grid
1024,192,2048,grid
1024,192,4096,grid
1024,256,1,grid
1024,256,2,grid
1024,256,32,grid
1024,256,64,grid
1024,256,96,grid
1024,256,128,grid
1024,256,192,grid
1024,256,256,tall
1024,256,384,grid
1024,256,512,grid
1024,256,4096,grid
1024,257,1,grid
1024,257,16,grid
1024,257,32,grid
1024,257,64,grid
1024,257,127,grid
1024,257,129,grid
1024,257,256,grid
1024,257,512,grid
1024,257,1024,grid
1024,257,4096,grid
1024,384,2,grid
1024,384,8,grid
1024,384,32,grid
1024,384,64,grid
1024,384,128,grid
1024,384,129,grid
1024,384,192,grid
1024,384,256,grid
1024,384,384,grid
1024,384,512,grid
1024,384,2048,grid
1024,384,4096,grid
1024,512,1,grid
1024,512,4,grid
1024,512,16,grid
1024,512,64,grid
1024,512,96,grid
1024,512,127,grid
1024,512,128,grid
1024,512,129,grid
1024,512,192,grid
1024,512,1536,grid
1024,512,4096,grid
1024,768,1,grid
1024,768,2,grid
1024,768,16,grid
1024,768,64,grid
1024,768,127,grid
1024,768,128,grid
1024,768,384,grid
1024,768,512,grid
1024,768,1536,grid
1024,1024,1,grid
1024,1024,32,grid
1024,1024,64,thinK
1024,1024,129,grid
1024,1024,192,grid
1024,1024,768,grid
1024,1024,1536,grid
1024,1536,1,grid
1024,1536,2,grid
1024,1536,16,grid
1024,1536,32,grid
1024,1536,64,grid
1024,1536,127,grid
1024,1536,256,grid
1024,1536,384,grid
1024,1536,768,grid
1024,2048,2,grid
1024,2048,4,grid
1024,2048,16,grid
1024,2048,64,grid
1024,2048,96,grid
1024,2048,127,grid
1024,2048,128,grid
1024,2048,1024,grid
1024,2048,1536,grid
1024,4096,1,grid
1024,4096,2,grid
1024,4096,16,grid
1024,4096,32,grid
1024,4096,128,grid
1024,4096,192,grid
1024,4096,256,grid
1024,4096,384,grid
1024,4096,1536,grid
1024,4096,2048,grid
1024,4096,4096,grid
1025,1,1,tall
1025,8,8,tall
1025,16,16,tall
1025,64,64,tall
1025,128,128,tall
1025,256,256,tall
1025,1024,64,thinK
1027,2,1608,random
1028,22,7241,random
1032,1,1,tall
1032,8,8,tall
1032,16,16,tall
1032,64,64,tall
1032,128,128,tall
1032,256,256,tall
1032,1024,64,thinK
1039,3366,34,random
1044,1,26,random
1044,13,6350,random
1057,1,1,tall
1057,8,8,tall
1057,16,16,tall
1057,64,64,tall
1057,128,128,tall
1057,256,256,tall
1057,1024,64,thinK
1068,2,1,random
1071,3,1063,random
1072,872,202,random
1077,169,528,random
1081,26,100,random
1088,1,1,tall
1088,8,8,tall
1088,16,16,tall
1088,64,64,tall
1088,128,128,tall
1088,256,256,tall
1088,1024,64,thinK
1090,208,4,random
1099,49,25,random
1100,1,32,random
1102,27,13,random
1104,96,1713,random
1106,136,147,random
1114,37,91,random
1114,840,5,random
1114,1215,14,random
1120,1,1,tall
1120,8,8,tall
1120,16,16,tall
1120,64,64,tall
1120,128,128,tall
1120,256,256,tall
1120,1024,64,thinK
1122,3,322,random
1122,541,44,random
1148,23,152,random
1151,1,1,tall
1151,8,8,tall
1151,16,16,tall
1151,64,64,tall
1151,128,128,tall
1151,256,256,tall
1151,1024,64,thinK
1154,2033,84,random
1157,224,7317,random
1164,2,738,random
1168,15,73,random
1172,1979,191,random
1174,6,4,random
1175,4,1,random
1184,40,33,random
1198,460,6290,random
1202,1374,5772,random
1211,1223,2,random
1235,2071,2,random
1243,762,126,random
1246,33,197,random
1249,1606,12,random
1261,2349,3,random
1263,19,55,random
1271,4,10,random
1272,2,250,random
1273,1,3107,random
1276,2472,9,random
1277,1,2210,random
1289,18,61,random
1292,801,669,random
1293,1,21,random
1299,56,36,random
1311,233,899,random
1316,8029,62,random
1327,241,22,random
1331,614,1,random
1349,7,113,random
1393,58,3,random
1403,4,3,random
1414,140,1,random
1425,737,1,random
1429,202,6279,random
1444,51,31,random
1447,915,6524,random
1447,6273,357,random
1449,106,3329,random
1450,36,4920,random
1460,82,57,random
1462,3743,23,random
1464,5079,24,random
1465,6773,63,random
1475,146,19,random
1476,959,287,random
1479,2,322,random
1481,3393,16,random
1482,107,1186,random
1485,4,234,random
1498,11,34,random
1499,215,449,random
1501,280,2246,random
1502,1,7540,random
1511,5,8149,random
1519,2,47,random
1523,6,11,random
1526,452,10,random
1530,3947,329,random
1536,1,1,grid
1536,1,4,grid
1536,1,32,grid
1536,1,96,grid
1536,1,128,grid
1536,1,129,grid
1536,1,384,grid
1536,1,512,grid
1536,1,1024,grid
1536,1,2048,grid
1536,1,4096,grid
1536,2,1,grid
1536,2,16,grid
1536,2,129,grid
1536,2,256,grid
1536,2,257,grid
1536,2,384,grid
1536,2,768,grid
1536,4,4,grid
1536,4,8,grid
1536,4,16,grid
1536,4,32,grid
1536,4,96,grid
1536,4,127,grid
1536,4,128,grid
1536,4,129,grid
1536,4,257,grid
1536,4,512,grid
1536,4,1024,grid
1536,4,1536,grid
1536,4,2048,grid
1536,8,1,grid
1536,8,4,grid
1536,8,16,grid
1536,8,32,grid
1536,8,127,grid
1536,8,128,grid
1536,8,192,grid
1536,8,257,grid
1536,8,4096,grid
1536,16,1,grid
1536,16,16,grid
1536,16,64,grid
1536,16,96,grid
1536,16,128,grid
1536,16,192,grid
1536,16,256,grid
1536,16,512,grid
1536,16,1536,grid
1536,16,4096,grid
1536,32,1,grid
1536,32,2,grid
1536,32,4,grid
1536,32,32,grid
1536,32,64,grid
1536,32,128,grid
1536,32,129,grid
1536,32,192,grid
1536,32,257,grid
1536,32,1024,grid
1536,32,1536,grid
1536,32,2048,grid
1536,32,4096,grid
1536,64,2,grid
1536,64,4,grid
1536,64,16,grid
1536,64,32,grid
1536,64,64,grid
1536,64,96,grid
1536,64,127,grid
1536,64,129,grid
1536,64,192,grid
1536,64,512,grid
1536,64,1024,grid
1536,64,2048,grid
1536,96,2,grid
1536,96,4,grid
1536,96,8,grid
1536,96,16,grid
1536,96,64,grid
1536,96,96,grid
1536,96,128,grid
1536,96,192,grid
1536,96,256,grid
1536,96,768,grid
1536,127,2,grid
1536,127,8,grid
1536,127,16,grid
1536,127,32,grid
1536,127,96,grid
1536,127,257,grid
1536,127,512,grid
1536,127,768,grid
1536,128,1,grid
1536,128,4,grid
1536,128,16,grid
1536,128,32,grid
1536,128,64,grid
1536,128,96,grid
1536,128,128,grid
1536,128,256,grid
1536,128,384,grid
1536,128,1024,grid
1536,128,1536,grid
1536,129,2,grid
1536,129,4,grid
1536,129,8,grid
1536,129,16,grid
1536,129,32,grid
1536,129,64,grid
1536,129,96,grid
1536,129,127,grid
1536,129,192,grid
1536,129,257,grid
1536,129,768,grid
1536,129,2048,grid
1536,129,4096,grid
1536,192,2,grid
1536,192,8,grid
1536,192,16,grid
1536,192,127,grid
1536,192,256,grid
1536,192,257,grid
1536,192,384,grid
1536,192,768,grid
1536,192,2048,grid
1536,256,4,grid
1536,256,16,grid
1536,256,32,grid
1536,256,128,grid
1536,256,192,grid
1536,256,256,grid
1536,256,768,grid
1536,256,1024,grid
1536,257,1,grid
1536,257,2,grid
1536,257,64,grid
1536,257,96,grid
1536,257,127,grid
1536,257,256,grid
1536,257,257,grid
1536,257,384,grid
1536,257,768,grid
1536,257,1024,grid
1536,257,2048,grid
1536,257,4096,grid
1536,384,2,grid
1536,384,4,grid
1536,384,32,grid
1536,384,64,grid
1536,384,127,grid
1536,384,256,grid
1536,384,257,grid
1536,384,512,grid
1536,384,768,grid
1536,384,1536,grid
1536,384,2048,grid
1536,512,1,grid
1536,512,16,grid
1536,512,32,grid
1536,512,128,grid
1536,512,129,grid
1536,512,192,grid
1536,512,384,grid
1536,512,768,grid
1536,512,1024,grid
1536,512,1536,grid
1536,512,2048,grid
1536,512,4096,grid
1536,768,8,grid
1536,768,129,grid
1536,768,192,grid
1536,768,256,grid
1536,768,257,grid
1536,768,384,grid
1536,768,512,grid
1536,768,2048,grid
1536,768,4096,grid
1536,1024,2,grid
1536,1024,64,grid
1536,1024,127,grid
1536,1024,128,grid
1536,1024,257,grid
1536,1024,384,grid
1536,1024,1024,grid
1536,1024,1536,grid
1536,1536,1,grid
1536,1536,8,grid
1536,1536,16,grid
1536,1536,32,grid
1536,1536,96,grid
1536,1536,128,grid
1536,1536,256,grid
1536,2048,1,grid
1536,2048,2,grid
1536,2048,32,grid
1536,2048,128,grid
1536,2048,129,grid
1536,2048,192,grid
1536,2048,256,grid
1536,2048,257,grid
1536,2048,384,grid
1536,2048,2048,grid
1536,2048,4096,grid
1536,4096,2,grid
1536,4096,4,grid
1536,4096,8,grid
1536,4096,16,grid
1536,4096,32,grid
1536,4096,128,grid
1536,4096,192,grid
1536,4096,256,grid
1536,4096,257,grid
1536,4096,512,grid
1536,4096,768,grid
1536,4096,1024,grid
1539,130,5914,random
1547,47,726,random
1560,2,4,random
1566,162,5330,random
1566,5281,226,random
1580,76,3,random
1594,1,8,random
1598,19,237,random
1604,2,3136,random
1615,2,34,random
1628,4538,49,random
1635,175,6492,random
1640,17,4,random
1647,8,9,random
1666,4229,41,random
1671,2,4,random
1685,132,21,random
1685,2518,5465,random
1707,3391,120,random
1717,20,5468,random
1731,2112,2745,random
1754,7,4487,random
1757,1457,1788,random
1783,5,30,random
1791,16,1649,random
1796,4,2,random
1823,17,5,random
1825,55,677,random
1834,115,25,random
1840,896,1,random
1851,294,2326,random
1855,2,2,random
1856,2,3767,random
1883,2738,4,random
1893,6,62,random
1909,3930,5,random
1913,17,8,random
1915,836,77,random
1954,224,15,random
1980,15,124,random
2008,20,4,random
2016,925,44,random
2022,861,4,random
2047,2,5,random
2048,1,1,tall
2048,1,16,grid
2048,1,64,grid
2048,1,96,grid
2048,1,127,grid
2048,1,128,grid
2048,1,129,grid
2048,1,192,grid
2048,1,257,grid
2048,1,384,grid
2048,1,512,grid
2048,1,1536,grid
2048,1,2048,grid
2048,1,4096,grid
2048,2,1,grid
2048,2,8,grid
2048,2,16,grid
2048,2,32,grid
2048,2,64,grid
2048,2,96,grid
2048,2,127,grid
2048,2,256,grid
2048,2,257,grid
2048,2,384,grid
2048,2,1024,grid
2048,2,1536,grid
2048,2,4096,grid
2048,4,8,grid
2048,4,64,grid
2048,4,96,grid
2048,4,192,grid
2048,4,256,grid
2048,4,1024,grid
2048,4,4096,grid
2048,8,1,grid
2048,8,2,grid
2048,8,4,grid
2048,8,8,grid
2048,8,32,grid
2048,8,96,grid
2048,8,127,grid
2048,8,128,grid
2048,8,129,grid
2048,8,192,grid
2048,8,257,grid
2048,8,512,grid
2048,8,1024,grid
2048,8,1536,grid
2048,16,8,grid
2048,16,16,tall
2048,16,64,grid
2048,16,128,grid
2048,16,129,grid
2048,16,192,grid
2048,16,384,grid
2048,16,512,grid
2048,16,768,grid
2048,16,1024,grid
2048,32,8,grid
2048,32,16,grid
2048,32,32,grid
2048,32,64,grid
2048,32,127,grid
2048,32,128,grid
2048,32,192,grid
2048,32,256,grid
2048,32,257,grid
2048,32,768,grid
2048,32,1024,grid
2048,32,2048,grid
2048,32,4096,grid
2048,64,1,grid
2048,64,4,grid
2048,64,16,grid
2048,64,32,grid
2048,64,64,tall
2048,64,127,grid
2048,64,192,grid
2048,64,256,grid
2048,64,257,grid
2048,64,512,grid
2048,64,1024,grid
2048,64,1536,grid
2048,64,2048,grid
2048,96,2,grid
2048,96,4,grid
2048,96,8,grid
2048,96,32,grid
2048,96,129,grid
2048,96,384,grid
2048,96,512,grid
2048,96,1024,grid
2048,96,2048,grid
2048,96,4096,grid
2048,127,1,grid
2048,127,4,grid
2048,127,16,grid
2048,127,32,grid
2048,127,64,grid
2048,127,96,grid
2048,127,127,grid
2048,127,257,grid
2048,127,384,grid
2048,127,768,grid
2048,127,1536,grid
2048,128,1,grid
2048,128,2,grid
2048,128,8,grid
2048,128,16,grid
2048,128,96,grid
2048,128,127,grid
2048,128,128,tall
2048,128,257,grid
2048,128,384,grid
2048,128,512,grid
2048,128,768,grid
2048,128,1024,grid
2048,128,1536,grid
2048,128,4096,grid
2048,129,1,grid
2048,129,2,grid
2048,129,4,grid
2048,129,8,grid
2048,129,16,grid
2048,129,32,grid
2048,129,192,grid
2048,129,256,grid
2048,129,384,grid
2048,129,512,grid
2048,129,768,grid
2048,129,1536,grid
2048,192,2,grid
2048,192,16,grid
2048,192,64,grid
2048,192,96,grid
2048,192,129,grid
2048,192,192,grid
2048,192,1536,grid
2048,192,2048,grid
2048,192,4096,grid
2048,256,2,grid
2048,256,4,grid
2048,256,8,grid
2048,256,192,grid
2048,256,256,tall
2048,256,257,grid
2048,256,512,grid
2048,256,2048,grid
2048,257,1,grid
2048,257,4,grid
2048,257,16,grid
2048,257,64,grid
2048,257,192,grid
2048,257,256,grid
2048,257,384,grid
2048,257,1024,grid
2048,257,2048,grid
2048,384,1,grid
2048,384,8,grid
2048,384,32,grid
2048,384,64,grid
2048,384,96,grid
2048,384,128,grid
2048,384,384,grid
2048,384,768,grid
2048,384,4096,grid
2048,512,1,grid
2048,512,2,grid
2048,512,4,grid
2048,512,16,grid
2048,512,64,grid
2048,512,96,grid
2048,512,127,grid
2048,512,128,grid
2048,512,256,grid
2048,512,512,grid
2048,512,768,grid
2048,512,1536,grid
2048,512,4096,grid
2048,768,2,grid
2048,768,16,grid
2048,768,32,grid
2048,768,64,grid
2048,768,127,grid
2048,768,128,grid
2048,768,129,grid
2048,768,256,grid
2048,768,768,grid
2048,768,1024,grid
2048,768,2048,grid
2048,768,4096,grid
2048,1024,1,grid
2048,1024,2,grid
2048,1024,4,grid
2048,1024,96,grid
2048,1024,256,grid
2048,1024,257,grid
2048,1024,768,grid
2048,1024,1024,grid
2048,1024,2048,grid
2048,1024,4096,grid
2048,1536,2,grid
2048,1536,127,grid
2048,1536,128,grid
2048,1536,257,grid
2048,1536,384,grid
2048,1536,4096,grid
2048,2048,1,grid
2048,2048,2,grid
2048,2048,4,grid
2048,2048,8,grid
2048,2048,16,grid
2048,2048,32,grid
2048,2048,64,grid
2048,2048,96,grid
2048,2048,128,grid
2048,2048,384,grid
2048,2048,512,grid
2048,2048,1024,grid
2048,2048,1536,grid
2048,2048,2048,grid
2048,4096,2,grid
2048,4096,8,grid
2048,4096,16,grid
2048,4096,32,grid
2048,4096,64,grid
2048,4096,127,grid
2048,4096,192,grid
2048,4096,384,grid
2048,4096,512,grid
2048,4096,768,grid
2048,4096,1024,grid
2048,4096,1536,grid
2049,1,1,tall
2049,8,8,tall
2049,16,16,tall
2049,64,64,tall
2049,128,128,tall
2049,256,256,tall
2049,2048,64,thinK
2056,1,1,tall
2056,8,8,tall
2056,16,16,tall
2056,64,64,tall
2056,128,128,tall
2056,256,256,tall
2056,2048,64,thinK
2062,781,14,random
2078,10,232,random
2081,1,1,tall
2081,8,8,tall
2081,16,16,tall
2081,64,64,tall
2081,128,128,tall
2081,256,256,tall
2081,2048,64,thinK
2101,129,500,random
2103,40,193,random
2103,760,282,random
2109,512,4,random
2110,3182,203,random
2112,1,1,tall
2112,8,8,tall
2112,16,16,tall
2112,64,64,tall
2112,128,128,tall
2112,256,256,tall
2112,2048,64,thinK
2144,1,1,tall
2144,8,8,tall
2144,16,16,tall
2144,64,64,tall
2144,128,128,tall
2144,256,256,tall
2144,2048,64,thinK
2146,1328,372,random
2147,5311,1441,random
2164,7,1742,random
2175,1,1,tall
2175,8,8,tall
2175,16,16,tall
2175,64,64,tall
2175,128,128,tall
2175,256,256,tall
2175,2048,64,thinK
2202,100,2,random
2210,40,2388,random
2231,5,56,random
2245,4013,5,random
2246,1514,3,random
2268,89,1261,random
2296,901,1509,random
2301,3,335,random
2303,5,3,random
2305,12,16,random
2346,3510,2,random
2363,153,904,random
2365,1243,2288,random
2379,275,5676,random
2397,2536,4117,random
2403,3,11,random
2415,6,14,random
2419,88,17,random
2422,1860,19,random
2433,288,101,random
2445,35,1566,random
2446,2905,4871,random
2460,75,14,random
2460,1255,762,random
2470,1028,44,random
2485,9,19,random
2490,8,3,random
2525,11,1954,random
2525,6836,7,random
2541,54,123,random
2542,17,1304,random
2550,6,166,random
2562,251,38,random
2564,4538,18,random
2566,2,3556,random
2582,12,1,random
2599,7,18,random
2621,50,2040,random
2622,4751,5,random
2623,32,2392,random
2624,12,6750,random
2649,988,44,random
2655,2491,69,random
2666,167,42,random
2682,46,1,random
2682,765,71,random
2746,78,3762,random
2779,6347,5,random
2791,7665,23,random
2793,644,10,random
2809,8,347,random
2810,244,67,random
2811,2,1,random
2826,758,636,random
2873,267,368,random
2877,86,17,random
2897,1380,4212,random
2907,29,1,random
2963,473,2068,random
2977,467,109,random
2983,452,1,random
3008,3,259,random
3036,8,140,random
3067,8,6117,random
3085,17,13,random
3162,1257,187,random
3163,3973,284,random
3177,13,533,random
3223,3,30,random
3232,2965,5575,random
3244,51,56,random
3250,1,342,random
3258,5021,1406,random
3280,546,2166,random
3304,22,92,random
3329,18,1,random
3332,146,1,random
3339,31,44,random
3413,44,128,random
3418,59,446,random
3427,16,28,random
3454,5728,1,random
3459,6267,364,random
3472,67,22,random
3482,1493,3,random
3505,6,125,random
3555,42,1,random
3591,2,2169,random
3599,204,8,random
3641,123,461,random
3641,4177,2468,random
3654,55,1227,random
3677,852,2,random
3728,1,2433,random
3838,49,25,random
3874,2598,462,random
3879,18,89,random
3920,51,49,random
4015,6,5,random
4038,40,34,random
4096,1,1,grid
4096,1,2,grid
4096,1,8,grid
4096,1,32,grid
4096,1,64,grid
4096,1,96,grid
4096,1,127,grid
4096,1,128,grid
4096,1,256,grid
4096,1,257,grid
4096,1,384,grid
4096,1,512,grid
4096,1,768,grid
4096,1,4096,grid
4096,2,1,grid
4096,2,32,grid
4096,2,96,grid
4096,2,128,grid
4096,2,192,grid
4096,2,257,grid
4096,2,512,grid
4096,2,768,grid
4096,2,1536,grid
4096,4,1,grid
4096,4,2,grid
4096,4,16,grid
4096,4,32,grid
4096,4,64,grid
4096,4,96,grid
4096,4,128,grid
4096,4,129,grid
4096,4,192,grid
4096,4,256,grid
4096,4,257,grid
4096,4,1024,grid
4096,4,4096,grid
4096,8,1,grid
4096,8,2,grid
4096,8,4,grid
4096,8,8,tall
4096,8,64,grid
4096,8,96,grid
4096,8,127,grid
4096,8,128,grid
4096,8,129,grid
4096,8,192,grid
4096,8,1536,grid
4096,8,2048,grid
4096,8,4096,grid
4096,16,1,grid
4096,16,2,grid
4096,16,16,grid
4096,16,64,grid
4096,16,128,grid
4096,16,129,grid
4096,16,192,grid
4096,16,257,grid
4096,16,1024,grid
4096,16,2048,grid
4096,32,2,grid
4096,32,4,grid
4096,32,8,grid
4096,32,96,grid
4096,32,128,grid
4096,32,129,grid
4096,32,192,grid
4096,32,384,grid
4096,32,768,grid
4096,64,1,grid
4096,64,32,grid
4096,64,64,tall
4096,64,127,grid
4096,64,129,grid
4096,64,192,grid
4096,64,256,grid
4096,64,257,grid
4096,64,768,grid
4096,64,1024,grid
4096,64,1536,grid
4096,64,2048,grid
4096,96,2,grid
4096,96,64,grid
4096,96,127,grid
4096,96,192,grid
4096,96,384,grid
4096,96,512,grid
4096,96,768,grid
4096,96,1024,grid
4096,96,1536,grid
4096,127,1,grid
4096,127,2,grid
4096,127,16,grid
4096,127,64,grid
4096,127,96,grid
4096,127,127,grid
4096,127,128,grid
4096,127,129,grid
4096,127,512,grid
4096,127,1024,grid
4096,127,2048,grid
4096,127,4096,grid
4096,128,2,grid
4096,128,16,grid
4096,128,64,grid
4096,128,96,grid
4096,128,127,grid
4096,128,128,grid
4096,128,192,grid
4096,128,384,grid
4096,128,512,grid
4096,128,768,grid
4096,128,2048,grid
4096,129,1,grid
4096,129,64,grid
4096,129,127,grid
4096,129,257,grid
4096,129,512,grid
4096,129,768,grid
4096,129,1536,grid
4096,129,4096,grid
4096,130,34,random
4096,192,2,grid
4096,192,8,grid
4096,192,16,grid
4096,192,32,grid
4096,192,64,grid
4096,192,128,grid
4096,192,129,grid
4096,192,256,grid
4096,192,384,grid
4096,192,512,grid
4096,192,768,grid
4096,192,1536,grid
4096,256,1,grid
4096,256,4,grid
4096,256,32,grid
4096,256,64,grid
4096,256,256,tall
4096,256,512,grid
4096,256,1024,grid
4096,257,1,grid
4096,257,8,grid
4096,257,16,grid
4096,257,128,grid
4096,257,257,grid
4096,257,768,grid
4096,257,1536,grid
4096,257,2048,grid
4096,257,4096,grid
4096,384,2,grid
4096,384,4,grid
4096,384,8,grid
4096,384,96,grid
4096,384,128,grid
4096,384,256,grid
4096,384,384,grid
4096,384,1024,grid
4096,512,1,grid
4096,512,4,grid
4096,512,16,grid
4096,512,32,grid
4096,512,129,grid
4096,512,192,grid
4096,512,256,grid
4096,512,257,grid
4096,768,1,grid
4096,768,2,grid
4096,768,16,grid
4096,768,127,grid
4096,768,256,grid
4096,768,257,grid
4096,768,384,grid
4096,768,768,grid
4096,768,1024,grid
4096,768,1536,grid
4096,1024,8,grid
4096,1024,32,grid
4096,1024,64,grid
4096,1024,96,grid
4096,1024,256,grid
4096,1024,384,grid
4096,1024,768,grid
4096,1024,1024,grid
4096,1024,1536,grid
4096,1024,2048,grid
4096,1536,1,grid
4096,1536,2,grid
4096,1536,16,grid
4096,1536,64,grid
4096,1536,127,grid
4096,1536,256,grid
4096,1536,768,grid
4096,1536,1536,grid
4096,1536,4096,grid
4096,2048,1,grid
4096,2048,2,grid
4096,2048,4,grid
4096,2048,16,grid
4096,2048,32,grid
4096,2048,96,grid
4096,2048,127,grid
4096,2048,256,grid
4096,2048,384,grid
4096,2048,512,grid
4096,2048,768,grid
4096,2048,1024,grid
4096,2048,1536,grid
4096,4096,1,grid
4096,4096,2,grid
4096,4096,8,grid
4096,4096,16,grid
4096,4096,64,grid
4096,4096,96,grid
4096,4096,256,grid
4096,4096,257,grid
4096,4096,1024,grid
4096,4096,4096,grid
4097,1,1,tall
4097,8,8,tall
4097,16,16,tall
4097,64,64,tall
4097,128,128,tall
4097,256,256,tall
4097,4096,64,thinK
4104,1,1,tall
4104,8,8,tall
4104,16,16,tall
4104,64,64,tall
4104,128,128,tall
4104,256,256,tall
4104,4096,64,thinK
4107,1981,3273,random
4127,18,191,random
4129,1,1,tall
4129,8,8,tall
4129,16,16,tall
4129,64,64,tall
4129,128,128,tall
4129,256,256,tall
4129,4096,64,thinK
4131,15,55,random
4151,618,231,random
4157,2,3,random
4160,1,1,tall
4160,8,8,tall
4160,16,16,tall
4160,64,64,tall
4160,128,128,tall
4160,256,256,tall
4160,4096,64,thinK
4171,10,604,random
4192,1,1,tall
4192,8,8,tall
4192,16,16,tall
4192,64,64,tall
4192,128,128,tall
4192,256,256,tall
4192,4096,64,thinK
4197,28,14,random
4198,95,1993,random
4223,1,1,tall
4223,8,8,tall
4223,16,16,tall
4223,64,64,tall
4223,128,128,tall
4223,256,256,tall
4223,4096,64,thinK
4233,2,9,random
4281,305,4788,random
4336,2,3836,random
4342,6188,111,random
4350,4523,188,random
4392,93,44,random
4442,2336,593,random
4444,179,604,random
4456,1,2,random
4468,3593,1,random
4558,6,794,random
4582,8085,4,random
4640,1,16,random
4640,1921,15,random
4697,3,1,random
4829,459,294,random
4833,3,6,random
4845,1,3567,random
4852,5057,5852,random
4870,4067,120,random
4896,4,7,random
4899,15,40,random
4909,1,347,random
4911,1958,86,random
4988,4224,2,random
4989,37,56,random
5004,17,3489,random
5047,4,4,random
5059,4704,3636,random
5070,514,88,random
5080,1,343,random
5086,182,147,random
5124,29,1,random
5160,100,5957,random
5210,186,58,random
5244,5,1,random
5379,76,17,random
5405,35,65,random
5437,159,14,random
5444,350,287,random
5488,1783,180,random
5496,7160,2,random
5582,1076,7488,random
5611,4,4114,random
5687,3,4477,random
5766,5,3,random
5773,3,887,random
5784,3439,1,random
5810,36,241,random
5824,956,2911,random
5829,672,2,random
5847,3297,1591,random
5866,102,59,random
5868,1718,23,random
5929,3,2720,random
5968,188,16,random
5998,42,2,random
6021,1580,2590,random
6059,26,71,random
6102,74,5273,random
6138,1,2397,random
6197,7,145,random
6253,85,1,random
6358,7,164,random
6371,45,3108,random
6413,23,8185,random
6464,7,2087,random
6471,165,137,random
6477,20,161,random
6480,7558,1836,random
6485,5,2548,random
6523,53,106,random
6608,5,54,random
6670,22,101,random
6678,1059,171,random
6701,2931,17,random
6794,2,592,random
6827,1957,7901,random
6867,3625,164,random
6873,1,1,random
7028,4,39,random
7068,12,398,random
7082,1776,1994,random
7103,179,1,random
7112,983,12,random
7127,814,16,random
7150,316,1454,random
7182,1026,88,random
7251,152,59,random
7275,37,452,random
7328,15,2487,random
7365,20,54,random
7377,2917,21,random
7431,94,912,random
7544,645,5047,random
7624,382,652,random
7810,110,46,random
7877,535,25,random
7884,345,1,random
7892,1518,473,random
7893,19,202,random
8002,98,90,random
8094,1734,2429,random
8151,1728,764,random
8169,2612,547,random
8183,1,1679,random
8192,1,1,tall
8192,8,8,tall
8192,16,16,tall
8192,64,64,tall
8192,128,128,tall
8192,256,256,tall
8192,8192,64,thinK
8193,1,1,tall
8193,8,8,tall
8193,16,16,tall
8193,64,64,tall
8193,128,128,tall
8193,256,256,tall
8193,8192,64,thinK
8200,1,1,tall
8200,8,8,tall
8200,16,16,tall
8200,64,64,tall
8200,128,128,tall
8200,256,256,tall
8200,8192,64,thinK
8225,1,1,tall
8225,8,8,tall
8225,16,16,tall
8225,64,64,tall
8225,128,128,tall
8225,256,256,tall
8225,8192,64,thinK
8256,1,1,tall
8256,8,8,tall
8256,16,16,tall
8256,64,64,tall
8256,128,128,tall
8256,256,256,tall
8256,8192,64,thinK
8288,1,1,tall
8288,8,8,tall
8288,16,16,tall
8288,64,64,tall
8288,128,128,tall
8288,256,256,tall
8288,8192,64,thinK
8319,1,1,tall
8319,8,8,tall
8319,16,16,tall
8319,64,64,tall
8319,128,128,tall
8319,256,256,tall
8319,8192,64,thinK
