M,N,K,shape_class,dtype,latency_us_wallclock,latency_us_device,host_us,cycles_compute,status
2112,64,64,tall,bf16,108.5900,14.0651,94.5249,2493,ok
16,257,768,grid,bf16,106.9500,13.0906,93.8594,7163,ok
128,128,1151,deepK,bf16,110.6690,18.3551,92.3139,4589,ok
4096,1536,256,grid,bf16,126.4290,28.2283,98.2007,107471,ok
4096,512,256,grid,bf16,116.2100,21.4281,94.7818,35823,ok
384,96,1,grid,bf16,105.5100,17.7025,87.8075,765,ok
512,1024,96,grid,bf16,105.6900,18.8454,86.8446,7151,ok
256,1,127,grid,bf16,105.7300,17.4053,88.3247,637,ok
1327,241,22,random,bf16,110.5700,16.1511,94.4189,3417,ok
256,8192,64,wide_output,bf16,110.9600,19.4897,91.4702,40831,ok
2048,1,127,grid,bf16,105.9910,17.3128,88.6782,2429,ok
1,3312,3966,random,bf16,133.9700,44.9489,89.0211,308697,ok
128,127,1,grid,bf16,105.4200,15.5228,89.8972,509,ok
615,212,50,random,bf16,112.3000,15.6818,96.6183,1993,ok
96,4,1,grid,bf16,107.2400,14.5524,92.6876,477,ok
124,10,5,random,bf16,109.5400,15.7805,93.7595,505,ok
4,2048,384,grid,bf16,105.2000,18.6777,86.5222,18527,ok
8,289,64,wide_output,bf16,103.1900,15.1871,88.0030,1169,ok
4,192,1024,grid,bf16,107.5200,17.4019,90.1181,6175,ok
192,1,1536,grid,bf16,106.1800,16.9825,89.1975,6887,ok
256,129,128,grid,bf16,104.9300,14.5750,90.3550,1275,ok
1,1,545,deepK,bf16,107.5000,15.6937,91.8063,1914,ok
756,17,2320,random,bf16,106.4710,16.2325,90.2385,21621,ok
96,127,129,grid,bf16,108.2400,17.1941,91.0459,955,ok
4,512,1,grid,bf16,106.1700,15.8596,90.3104,1543,ok
192,1,127,grid,bf16,106.8800,14.8448,92.0352,573,ok
4096,4,96,grid,bf16,105.0500,14.5837,90.4663,4477,ok
2,2,187,random,bf16,105.0300,17.3244,87.7056,767,ok
768,1536,2048,grid,bf16,126.2110,37.7314,88.4796,220799,ok
3,6780,373,random,bf16,107.4100,16.7297,90.6803,61214,ok
127,384,64,grid,bf16,106.0000,15.7875,90.2125,1526,ok
2,4096,1,grid,bf16,105.7300,16.5600,89.1700,12287,ok
16,1,2,grid,bf16,105.1800,14.9210,90.2590,397,ok
8,1536,4,grid,bf16,106.1700,14.9007,91.2693,4679,ok
2048,4,192,grid,bf16,109.1700,16.4469,92.7231,4859,ok
1,1287,140,random,bf16,107.7800,18.2622,89.5177,8425,ok
129,257,32,grid,bf16,106.5500,16.0155,90.5345,1532,ok
256,1024,8,grid,bf16,107.0100,15.4311,91.5789,5103,ok
1,8,1627,random,bf16,109.9500,16.0053,93.9447,4978,ok
16,512,4096,grid,bf16,107.1100,17.3462,89.7638,50943,ok
1536,4096,32,grid,bf16,122.6300,29.0008,93.6292,61375,ok
2490,8,3,random,bf16,106.7900,15.5341,91.2559,2871,ok
129,257,257,grid,bf16,107.4690,14.9921,92.4769,4598,ok
6059,26,71,random,bf16,109.4900,16.1691,93.3210,6440,ok
197,224,69,random,bf16,104.5600,15.2268,89.3332,1157,ok
16,16,1032,deepK,bf16,108.7910,17.5514,91.2396,3581,ok
512,8,4096,grid,bf16,108.1900,16.2564,91.9336,28607,ok
250,371,73,random,bf16,107.6310,15.6976,91.9334,1895,ok
16,768,1,grid,bf16,109.8300,15.6918,94.1382,2387,ok
768,384,64,grid,bf16,106.7300,16.2796,90.4504,3449,ok
2,2,384,grid,bf16,108.0800,15.3738,92.7062,1151,ok
64,384,512,grid,bf16,107.9110,17.0334,90.8776,5351,ok
64,4,4096,grid,bf16,103.6100,16.5213,87.0886,14271,ok
512,64,4096,grid,bf16,108.0800,16.7934,91.2865,28607,ok
1,16,127,grid,bf16,104.3690,14.1920,90.1770,382,ok
256,512,129,grid,bf16,108.6000,15.8684,92.7316,5103,ok
8,1025,8,fat,bf16,106.9090,16.2870,90.6220,3509,ok
256,256,289,deepK,bf16,109.1399,16.1045,93.0354,3827,ok
96,2048,96,grid,bf16,106.5900,15.7843,90.8058,7647,ok
127,512,4,grid,bf16,107.9300,17.8975,90.0325,2035,ok
156,1,798,random,bf16,108.2800,18.3660,89.9140,3765,ok
128,1024,127,grid,bf16,108.5400,15.5331,93.0069,4079,ok
768,129,127,grid,bf16,108.1700,15.6376,92.5323,2299,ok
192,96,4,grid,bf16,106.3300,17.4639,88.8661,573,ok
189,5,9,random,bf16,110.6000,15.7161,94.8839,570,ok
2048,512,96,grid,bf16,109.7600,18.7350,91.0250,9719,ok
4096,96,64,grid,bf16,108.3000,17.3968,90.9032,4477,ok
6678,1059,171,random,bf16,126.8400,35.6718,91.1682,127079,ok
256,16,127,grid,bf16,108.0400,14.8913,93.1487,637,ok
8,192,128,grid,bf16,105.6400,15.3174,90.3226,779,ok
129,1536,2048,grid,bf16,112.2100,20.2888,91.9212,98111,ok
256,192,192,grid,bf16,105.4000,16.4908,88.9092,2551,ok
1,96,4096,grid,bf16,106.7500,18.3694,88.3806,12255,ok
384,768,16,grid,bf16,108.4710,17.3731,91.0979,4595,ok
32,192,4,grid,bf16,107.4000,16.3491,91.0509,827,ok
96,1024,256,grid,bf16,108.0000,15.8474,92.1526,7647,ok
8,1120,64,wide_output,bf16,104.9110,17.9230,86.9880,3509,ok
4640,1,16,random,bf16,107.2800,16.7157,90.5643,5021,ok
4160,16,16,tall,bf16,114.2100,14.7860,99.4240,4541,ok
1,576,128,gemv_wideN,bf16,104.8900,15.9745,88.9155,1914,ok
1536,4,4,grid,bf16,107.1500,16.8120,90.3380,1917,ok
256,256,576,deepK,bf16,105.7200,15.7548,89.9652,6379,ok
96,32,257,grid,bf16,112.3300,15.1815,97.1485,1433,ok
16,2049,16,fat,bf16,107.8300,17.3773,90.4527,6765,ok
384,96,256,grid,bf16,108.0000,15.0901,92.9099,1531,ok
130,3099,570,random,bf16,110.3600,17.9368,92.4232,63999,ok
32,64,256,grid,bf16,107.8800,14.9425,92.9375,827,ok
156,54,274,random,bf16,106.0700,17.1257,88.9443,1613,ok
11,1182,306,random,bf16,107.5200,15.8372,91.6827,11789,ok
1,8193,128,gemv_wideN,bf16,111.4000,19.2651,92.1349,24894,ok
257,257,192,grid,bf16,107.0100,16.3146,90.6954,3833,ok
32,96,127,grid,bf16,108.5900,15.7749,92.8151,413,ok
44,2544,35,random,bf16,107.9600,16.3493,91.6107,8519,ok
768,8,2,grid,bf16,105.7600,15.8807,89.8793,1149,ok
768,192,4,grid,bf16,105.2800,15.3265,89.9536,2299,ok
4,96,384,grid,bf16,116.4200,14.0499,102.3701,1157,ok
768,1,257,grid,bf16,118.8500,16.1971,102.6528,3449,ok
64,16,2048,grid,bf16,114.3000,15.9355,98.3645,7135,ok
16,768,2048,grid,bf16,117.2700,13.7342,103.5359,38207,ok
64,64,2144,deepK,bf16,115.2300,15.3374,99.8926,7581,ok
2062,781,14,random,bf16,119.6800,16.1655,103.5145,17107,ok
16,128,32,grid,bf16,102.2000,10.7831,91.4169,397,ok
1088,256,256,tall,bf16,107.3100,12.0395,95.2705,5879,ok
4,630,173,random,bf16,103.1900,10.5978,92.5922,3859,ok
8,4096,64,grid,bf16,101.1600,10.6414,90.5186,12479,ok
127,1,96,grid,bf16,99.7710,10.0842,89.6868,508,ok
10,2,2318,random,bf16,101.4800,11.1794,90.3006,7447,ok
128,4,257,grid,bf16,100.5300,11.4922,89.0378,1529,ok
16,8192,64,wide_output,bf16,101.7300,10.7917,90.9383,25471,ok
29,10,20,random,bf16,103.2200,10.1939,93.0261,410,ok
96,128,96,grid,bf16,104.3100,11.3689,92.9411,477,ok
16,129,256,grid,bf16,101.1000,10.9621,90.1379,1591,ok
768,96,32,grid,bf16,103.4090,12.9028,90.5062,1149,ok
284,2,1589,random,bf16,102.2710,10.9638,91.3072,8657,ok
1,1616,20,random,bf16,101.1900,12.0556,89.1344,4978,ok
1,545,16,gemv_wideN,bf16,103.3900,11.8637,91.5263,1914,ok
2048,128,128,tall,bf16,103.2200,12.1080,91.1120,2429,ok
1024,257,127,grid,bf16,102.9700,11.6704,91.2996,4217,ok
32,11,23,random,bf16,102.2090,12.8479,89.3612,413,ok
1,1,4097,deepK,bf16,116.6500,15.2784,101.3716,12638,ok
129,192,32,grid,bf16,113.6110,14.9110,98.7000,1021,ok
512,4096,2048,grid,bf16,151.3200,46.3505,104.9695,457727,ok
257,127,1,grid,bf16,117.4600,12.9565,104.5035,638,ok
35,4528,62,random,bf16,113.9000,12.5278,101.3722,15011,ok
8,8,1120,deepK,bf16,115.8800,12.4474,103.4326,3509,ok
32,1093,83,random,bf16,110.6700,14.5185,96.1515,3725,ok
256,127,96,grid,bf16,113.0100,12.0967,100.9133,637,ok
32,8,127,grid,bf16,113.9000,14.1630,99.7370,413,ok
4096,512,192,grid,bf16,122.1700,19.8226,102.3474,35823,ok
15,748,12,random,bf16,115.2900,12.9999,102.2901,2381,ok
9,163,976,random,bf16,112.4700,12.8089,99.6611,6255,ok
192,256,1024,grid,bf16,111.9900,12.4336,99.5564,9183,ok
10,4230,1657,random,bf16,119.1600,16.3687,102.7913,173263,ok
96,1536,96,grid,bf16,115.7200,12.1638,103.5562,5735,ok
4,1536,192,grid,bf16,114.5800,13.0952,101.4848,9263,ok
257,4,1536,grid,bf16,119.8700,13.6206,106.2494,7667,ok
768,129,256,grid,bf16,115.5200,12.8120,102.7080,4599,ok
256,289,64,wide_output,bf16,115.2710,13.5863,101.6847,1913,ok
192,128,192,grid,bf16,112.0100,13.6409,98.3690,1147,ok
2,384,1024,grid,bf16,115.4600,14.9935,100.4665,9215,ok
256,1536,768,grid,bf16,121.6090,18.6690,102.9400,45935,ok
127,1,512,grid,bf16,117.2300,17.2093,100.0207,2035,ok
107,3,1,random,bf16,114.7600,14.6533,100.1067,488,ok
256,256,2081,deepK,bf16,119.2800,17.2584,102.0216,21691,ok
129,256,768,grid,bf16,116.4800,14.9184,101.5616,6131,ok
64,64,8288,deepK,bf16,118.3100,14.7455,103.5645,28989,ok
2048,1024,96,grid,bf16,119.6600,17.7852,101.8748,19439,ok
2047,2,5,random,bf16,111.3700,12.0310,99.3389,2428,ok
96,16,512,grid,bf16,101.9400,11.6481,90.2919,1911,ok
512,32,1024,grid,bf16,102.5000,12.2093,90.2906,7151,ok
257,32,4,grid,bf16,101.7200,12.0140,89.7060,638,ok
768,2048,4096,grid,bf16,156.3300,65.0937,91.2363,588799,ok
64,2048,32,grid,bf16,99.8500,12.0036,87.8464,7135,ok
5444,350,287,random,bf16,112.5100,19.6822,92.8278,52433,ok
1414,140,1,random,bf16,104.6000,14.3073,90.2928,3591,ok
96,129,512,grid,bf16,102.7200,12.2671,90.4529,3823,ok
1,2056,64,wide_output,bf16,103.8200,12.7880,91.0320,6510,ok
257,1536,129,grid,bf16,106.4600,13.5947,92.8653,15335,ok
384,32,4,grid,bf16,99.4900,11.3219,88.1681,765,ok
772,42,1083,random,bf16,105.8090,13.1965,92.6125,10385,ok
64,512,1536,grid,bf16,106.5400,13.0276,93.5124,21407,ok
32,96,1024,grid,bf16,102.2000,12.6454,89.5546,3311,ok
256,1,16,grid,bf16,99.9401,12.3677,87.5723,637,ok
391,1608,42,random,bf16,107.4000,15.1554,92.2446,10048,ok
127,1536,16,grid,bf16,103.6500,11.9223,91.7277,6107,ok
128,384,32,grid,bf16,104.4900,11.4988,92.9912,1529,ok
128,257,257,grid,bf16,105.5700,13.4702,92.0998,4589,ok
1,64,127,grid,bf16,98.9000,11.4318,87.4682,382,ok
192,384,192,grid,bf16,102.5300,12.1082,90.4218,3443,ok
2048,768,768,grid,bf16,113.3490,22.9007,90.4483,87479,ok
1,383,256,gemv_wideN,bf16,100.6510,13.9108,86.7402,2297,ok
128,32,64,grid,bf16,100.6400,12.5994,88.0406,509,ok
257,32,192,grid,bf16,102.4200,11.9720,90.4480,1277,ok
32,16,4096,grid,bf16,102.5700,12.1875,90.3825,13247,ok
8,1032,64,wide_output,bf16,103.7800,12.0744,91.7056,3509,ok
1,96,64,grid,bf16,100.0000,11.4491,88.5509,382,ok
128,2048,32,grid,bf16,104.1500,12.4031,91.7469,8159,ok
6,4,63,random,bf16,100.7800,12.0969,88.6831,387,ok
1,192,129,grid,bf16,101.5900,14.2414,87.3486,1531,ok
1273,1,3107,random,bf16,113.4600,22.5774,90.8826,41374,ok
127,8,96,grid,bf16,103.5600,11.4924,92.0676,508,ok
16,8225,64,wide_output,bf16,103.7110,14.1924,89.5186,25869,ok
127,32,768,grid,bf16,102.6310,11.0252,91.6057,3053,ok
384,4096,256,grid,bf16,109.6800,14.0032,95.6768,49023,ok
8200,1,1,tall,bf16,100.5900,10.4327,90.1573,8581,ok
127,768,4,grid,bf16,110.2100,8.3561,101.8539,3053,ok
8200,8192,64,thinK,bf16,241.4800,139.0064,102.4736,549247,ok
256,4192,256,fat,bf16,108.1300,12.9200,95.2100,42107,ok
127,512,4096,grid,bf16,111.1200,11.5542,99.5657,65151,ok
527,92,436,random,bf16,102.6000,8.9034,93.6966,3635,ok
127,512,16,grid,bf16,107.4800,7.1656,100.3144,2035,ok
2,129,32,grid,bf16,108.9590,7.5174,101.4417,767,ok
4096,384,256,grid,bf16,116.1600,13.9155,102.2445,26867,ok
16,4,512,grid,bf16,106.4800,8.2534,98.2266,1591,ok
96,768,2,grid,bf16,111.0700,9.3290,101.7410,2867,ok
127,2048,16,grid,bf16,107.6900,8.6626,99.0274,8143,ok
7,1,7906,random,bf16,107.9600,11.4218,96.5382,24117,ok
1536,768,256,grid,bf16,112.1510,11.5216,100.6295,23015,ok
804,76,2790,random,bf16,110.7000,11.5981,99.1019,26091,ok
1425,737,1,random,bf16,112.9500,13.7198,99.2302,10841,ok
1,128,32,grid,bf16,105.4500,7.7016,97.7484,382,ok
2048,2048,384,grid,bf16,125.8100,23.0043,102.8058,116639,ok
256,4096,512,grid,bf16,115.1800,13.8214,101.3586,81663,ok
16,256,384,grid,bf16,109.6400,7.5954,102.0446,2387,ok
127,1,1536,grid,bf16,110.6510,9.9531,100.6979,6107,ok
128,64,257,grid,bf16,105.7890,8.5182,97.2708,1529,ok
288,996,293,random,bf16,107.4300,8.4442,98.9858,16079,ok
1024,64,1536,grid,bf16,108.8400,8.8611,99.9789,16871,ok
5766,5,3,random,bf16,108.7400,8.6687,100.0713,6147,ok
4096,1,128,grid,bf16,110.2900,10.8443,99.4457,4477,ok
129,4096,96,grid,bf16,111.8500,10.8975,100.9525,16351,ok
8,96,2048,grid,bf16,108.6100,8.3380,100.2720,6239,ok
127,16,1024,grid,bf16,108.3800,7.9244,100.4556,4071,ok
1,1120,128,gemv_wideN,bf16,110.9799,11.0225,99.9574,3446,ok
3,328,82,random,bf16,110.1400,10.3001,99.8399,1154,ok
1025,8,8,tall,bf16,111.1400,7.1720,103.9680,1406,ok
257,16,1,grid,bf16,109.8300,9.1371,100.6929,638,ok
127,4096,1,grid,bf16,110.0000,9.2710,100.7291,16287,ok
2,768,192,grid,bf16,107.0000,8.0780,98.9220,4607,ok
768,512,512,grid,bf16,110.8900,10.9848,99.9052,18399,ok
461,189,1088,random,bf16,107.7400,9.3272,98.4127,15173,ok
128,576,64,wide_output,bf16,109.3890,7.9787,101.4103,2549,ok
834,2,4756,random,bf16,108.2910,9.6984,98.5926,46207,ok
8,384,1536,grid,bf16,109.5500,7.6054,101.9446,14039,ok
1536,192,2,grid,bf16,107.8100,9.3349,98.4752,3835,ok
32,8,192,grid,bf16,103.8600,8.4829,95.3772,827,ok
1536,2048,2048,grid,bf16,159.8500,59.5575,100.2925,491007,ok
1,32,1,grid,bf16,108.3510,6.8748,101.4762,382,ok
129,192,512,grid,bf16,108.9300,8.4531,100.4769,4087,ok
2048,512,127,grid,bf16,107.5500,9.9682,97.5818,9719,ok
512,129,128,grid,bf16,109.8200,7.8120,102.0080,1787,ok
2622,4751,5,random,bf16,136.3900,35.3482,101.0418,114151,ok
96,384,2,grid,bf16,109.6300,7.9420,101.6880,1433,ok
384,16,1024,grid,bf16,109.8900,8.1189,101.7711,6127,ok
8,27,31,random,bf16,107.9800,6.9625,101.0175,389,ok
1,1120,64,wide_output,bf16,107.7300,8.9864,98.7436,3446,ok
129,4096,768,grid,bf16,108.0500,12.0480,96.0020,98111,ok
768,4096,1536,grid,bf16,142.5500,47.2324,95.3176,441599,ok
1536,64,1024,grid,bf16,114.3400,9.2643,105.0758,15343,ok
384,127,2,grid,bf16,107.3200,8.1257,99.1942,765,ok
512,96,96,grid,bf16,104.0500,7.4880,96.5620,893,ok
128,264,128,fat,bf16,107.5600,8.6150,98.9450,1529,ok
96,384,1024,grid,bf16,104.6500,8.3315,96.3185,11471,ok
129,128,512,grid,bf16,104.3310,7.8546,96.4764,2043,ok
257,96,127,grid,bf16,108.1090,8.0284,100.0805,638,ok
768,2048,1024,grid,bf16,124.2700,21.4211,102.8490,147199,ok
32,257,127,grid,bf16,105.4500,7.6352,97.8147,1241,ok
7810,110,46,random,bf16,109.0300,10.7076,98.3224,8191,ok
64,384,32,grid,bf16,109.0800,7.4011,101.6789,1337,ok
216,2,160,random,bf16,107.8000,7.6906,100.1094,1195,ok
128,8192,128,fat,bf16,109.6900,10.9350,98.7550,32639,ok
16,1024,2,grid,bf16,100.7300,7.4286,93.3014,3183,ok
128,1,4,grid,bf16,108.7100,8.3405,100.3695,509,ok
128,256,129,grid,bf16,106.1500,8.4219,97.7281,2039,ok
768,127,16,grid,bf16,105.3500,8.3898,96.9601,1149,ok
60,5396,247,random,bf16,108.4710,8.9530,99.5180,38011,ok
256,16,1,grid,bf16,107.4200,8.8357,98.5842,637,ok
32,16,1,grid,bf16,106.9800,6.7324,100.2476,413,ok
1,127,75,random,bf16,107.9600,8.0029,99.9571,382,ok
2048,8,257,grid,bf16,107.7600,8.2444,99.5156,7289,ok
257,32,2048,grid,bf16,107.7300,9.3505,98.3795,10223,ok
1,10,962,random,bf16,110.0300,9.6557,100.3743,3063,ok
4097,128,128,tall,bf16,112.7500,10.0868,102.6632,4478,ok
2,8,174,random,bf16,108.9000,7.5470,101.3530,767,ok
96,1024,257,grid,bf16,108.8300,7.7086,101.1214,11471,ok
1536,127,32,grid,bf16,107.1600,8.6930,98.4670,1917,ok
2,192,8,grid,bf16,109.1600,7.5321,101.6279,767,ok
64,1120,64,fat,bf16,110.6400,8.4432,102.1968,4013,ok
1536,32,192,grid,bf16,108.1910,7.7336,100.4574,3835,ok
32,129,8,grid,bf16,106.1100,7.5731,98.5369,827,ok
64,8,4096,grid,bf16,105.6000,9.0627,96.5373,14271,ok
4,96,768,grid,bf16,108.1400,8.0126,100.1274,2315,ok
129,96,1024,grid,bf16,110.9510,8.6638,102.2872,4087,ok
2048,96,2048,grid,bf16,109.4300,13.2515,96.1785,38879,ok
687,296,4015,random,bf16,114.8200,19.6317,95.1884,102623,ok
8,384,8,grid,bf16,103.5500,15.7765,87.7734,1169,ok
8,384,4096,grid,bf16,117.4400,18.9364,98.5036,37439,ok
96,256,2048,grid,bf16,116.4000,18.6845,97.7155,15295,ok
96,2,1536,grid,bf16,117.4700,18.1972,99.2728,5735,ok
990,42,3957,random,bf16,127.6200,20.4817,107.1383,42531,ok
768,16,257,grid,bf16,114.9700,17.6669,97.3031,3449,ok
129,128,128,grid,bf16,112.7400,17.7237,95.0163,510,ok
1331,614,1,random,bf16,118.5110,21.2502,97.2608,8564,ok
2,128,1024,grid,bf16,113.2800,19.6630,93.6170,3071,ok
127,127,2,grid,bf16,116.0500,17.6273,98.4227,508,ok
64,1024,768,grid,bf16,115.9900,19.0727,96.9173,21407,ok
129,4,16,grid,bf16,122.5400,17.5545,104.9855,510,ok
1,127,129,grid,bf16,118.1300,18.8011,99.3289,765,ok
1536,768,257,grid,bf16,123.1090,23.6543,99.4548,34523,ok
257,127,96,grid,bf16,114.3900,18.2555,96.1345,638,ok
768,2,2,grid,bf16,117.5800,19.0130,98.5670,1149,ok
256,8,768,grid,bf16,117.3700,18.2917,99.0783,3827,ok
22,7842,252,random,bf16,119.9300,18.9636,100.9664,50095,ok
50,151,13,random,bf16,117.8400,17.7034,100.1366,863,ok
3728,1,2433,random,bf16,138.5200,39.2112,99.3088,82199,ok
1,520,128,gemv_wideN,bf16,116.3800,18.0082,98.3718,1914,ok
4096,16,1,grid,bf16,113.4400,18.1593,95.2807,4477,ok
127,512,128,grid,bf16,117.2090,18.1788,99.0302,2035,ok
81,157,905,random,bf16,116.8200,19.3306,97.4894,7407,ok
192,1536,4,grid,bf16,120.2900,21.1848,99.1052,6887,ok
128,512,96,grid,bf16,116.2800,17.8043,98.4758,2039,ok
22,75,547,random,bf16,115.3710,18.0356,97.3354,2019,ok
4,32,1,grid,bf16,115.5700,16.8536,98.7164,385,ok
512,1536,384,grid,bf16,120.1300,21.4604,98.6695,32183,ok
1,8200,256,gemv_wideN,bf16,123.8900,27.3674,96.5226,49789,ok
64,1536,257,grid,bf16,117.3000,18.9345,98.3655,16055,ok
197,2,33,random,bf16,116.9200,17.7081,99.2119,578,ok
256,64,512,grid,bf16,115.4800,18.1951,97.2849,2551,ok
384,64,64,grid,bf16,114.9800,18.5438,96.4361,765,ok
1024,1,2,grid,bf16,114.6900,18.5375,96.1525,1405,ok
512,16,129,grid,bf16,118.0100,18.0383,99.9716,1787,ok
64,2048,16,grid,bf16,118.2700,28.4494,89.8206,7135,ok
257,8,1,grid,bf16,116.1800,18.4501,97.7299,638,ok
1024,257,1,grid,bf16,116.4300,19.8550,96.5750,4217,ok
1,2144,64,wide_output,bf16,117.7000,21.1331,96.5669,6510,ok
96,128,768,grid,bf16,115.8100,17.9431,97.8670,2867,ok
127,129,32,grid,bf16,116.6900,17.6936,98.9964,1017,ok
384,256,32,grid,bf16,114.9500,17.7531,97.1969,1531,ok
6371,45,3108,random,bf16,131.1200,31.1693,99.9507,168824,ok
8,1,1536,grid,bf16,116.6800,19.1051,97.5749,4679,ok
384,257,16,grid,bf16,122.0600,18.8018,103.2582,2297,ok
256,1536,4,grid,bf16,117.1400,19.4148,97.7252,7655,ok
1,256,4,grid,bf16,117.3100,19.5355,97.7745,765,ok
127,2,4,grid,bf16,117.1400,16.8374,100.3026,508,ok
64,8,768,grid,bf16,114.9500,17.9217,97.0283,2675,ok
11,78,3781,random,bf16,119.4190,21.0678,98.3512,11789,ok
8,768,192,grid,bf16,116.4200,17.1086,99.3114,4679,ok
768,64,1536,grid,bf16,119.6600,18.8409,100.8191,13799,ok
64,1057,64,fat,bf16,115.3400,18.2846,97.0554,4013,ok
1024,129,2,grid,bf16,117.6200,18.0924,99.5276,2811,ok
1536,192,127,grid,bf16,118.5000,20.1119,98.3881,3835,ok
384,2,256,grid,bf16,115.4200,17.8029,97.6172,1531,ok
64,257,2048,grid,bf16,116.9900,19.5862,97.4038,21407,ok
128,128,8225,deepK,bf16,119.6600,21.6132,98.0468,33149,ok
32,4096,192,grid,bf16,117.9710,18.2980,99.6730,26495,ok
16,256,127,grid,bf16,118.0300,19.0261,99.0039,795,ok
2048,4096,32,grid,bf16,136.2290,37.0880,99.1410,77759,ok
32,16,384,grid,bf16,116.7200,17.3531,99.3669,1241,ok
64,96,1536,grid,bf16,118.9100,18.7923,100.1177,5351,ok
96,96,256,grid,bf16,119.4510,18.6105,100.8405,955,ok
1024,4,16,grid,bf16,117.0800,17.4100,99.6700,1405,ok
923,1586,2,random,bf16,122.5000,23.2416,99.2584,16964,ok
192,256,128,grid,bf16,117.4300,17.5035,99.9265,1147,ok
64,4,4,grid,bf16,115.1100,17.7857,97.3243,445,ok
192,1,256,grid,bf16,118.0090,19.6709,98.3381,1147,ok
1,576,64,wide_output,bf16,115.8900,17.7785,98.1115,1914,ok
34,3,3098,random,bf16,118.2910,18.5200,99.7710,10399,ok
3,2,2,random,bf16,116.2400,20.6068,95.6332,384,ok
2,1536,96,grid,bf16,115.1000,17.7232,97.3768,4607,ok
768,128,4096,grid,bf16,121.3600,25.3177,96.0423,36799,ok
8,4,16,grid,bf16,115.7400,17.6909,98.0491,389,ok
8,513,64,wide_output,bf16,117.7100,17.5791,100.1310,1949,ok
128,8,384,grid,bf16,116.7300,18.1848,98.5452,1529,ok
512,1,1,grid,bf16,113.2200,18.7467,94.4733,893,ok
1,70,176,random,bf16,119.6700,19.1513,100.5187,765,ok
32,64,64,grid,bf16,120.5101,19.3087,101.2014,413,ok
64,128,128,grid,bf16,116.7710,16.6608,100.1102,445,ok
2,2048,2,grid,bf16,117.6100,17.5628,100.0472,6143,ok
257,32,127,grid,bf16,118.1800,18.5461,99.6339,638,ok
768,257,192,grid,bf16,118.1900,18.7674,99.4226,6899,ok
20,1940,1628,random,bf16,124.0500,19.7675,104.2824,83615,ok
108,771,1,random,bf16,116.6800,18.5870,98.0930,3429,ok
1,8193,16,gemv_wideN,bf16,119.5290,22.3956,97.1334,24894,ok
32,32,4,grid,bf16,117.9600,17.8216,100.1384,413,ok
33,1083,281,random,bf16,117.1690,18.6145,98.5545,11204,ok
1,639,256,gemv_wideN,bf16,117.8800,20.7258,97.1542,3829,ok
1640,17,4,random,bf16,117.5800,16.6505,100.9295,2021,ok
127,257,1,grid,bf16,116.4900,19.6357,96.8543,1526,ok
1263,19,55,random,bf16,117.1510,17.0396,100.1114,1644,ok
16,257,384,grid,bf16,119.8000,17.0683,102.7317,3581,ok
243,7,21,random,bf16,119.0800,16.9719,102.1081,624,ok
16,1536,1536,grid,bf16,120.2400,18.5964,101.6436,57311,ok
192,257,2,grid,bf16,116.4600,17.1016,99.3584,1721,ok
1,75,3201,random,bf16,119.1890,21.0116,98.1775,9957,ok
768,256,192,grid,bf16,120.6400,19.0172,101.6228,4599,ok
127,64,32,grid,bf16,116.6300,19.3211,97.3089,508,ok
256,1536,127,grid,bf16,120.5800,17.5145,103.0655,7655,ok
2,8,512,grid,bf16,118.0000,19.5325,98.4675,1535,ok
1024,64,1,grid,bf16,115.6500,17.9356,97.7144,1405,ok
32,32,1536,grid,bf16,119.6600,17.6770,101.9830,4967,ok
41,1,1381,random,bf16,116.6300,18.6656,97.9644,4652,ok
64,64,8319,deepK,bf16,121.7100,18.4095,103.3005,28989,ok
2048,256,2048,grid,bf16,128.2500,27.6740,100.5760,77759,ok
16,129,128,grid,bf16,115.7600,17.7821,97.9779,795,ok
2048,128,16,grid,bf16,121.7710,17.6257,104.1453,2429,ok
2682,765,71,random,bf16,126.4300,21.8661,104.5639,18383,ok
64,128,64,grid,bf16,120.5110,16.5474,103.9636,445,ok
4096,4,129,grid,bf16,118.6100,16.9939,101.6161,8955,ok
25,16,2,random,bf16,124.7310,18.3090,106.4219,406,ok
768,512,4,grid,bf16,121.6200,20.2329,101.3870,4599,ok
192,129,32,grid,bf16,122.2400,18.7695,103.4705,1147,ok
16,1024,1536,grid,bf16,120.7200,18.0970,102.6230,38207,ok
256,2175,256,fat,bf16,124.7600,21.8064,102.9536,21691,ok
257,512,64,grid,bf16,123.3600,19.6937,103.6663,2555,ok
192,256,192,grid,bf16,119.0000,19.4458,99.5541,2295,ok
1536,64,64,grid,bf16,119.6300,17.2644,102.3656,1917,ok
127,1536,1536,grid,bf16,122.9400,20.7125,102.2275,73295,ok
2048,192,129,grid,bf16,121.8600,21.1270,100.7329,9719,ok
1024,192,64,grid,bf16,119.7100,17.8390,101.8709,2811,ok
257,768,768,grid,bf16,121.4900,21.0647,100.4254,23003,ok
96,61,76,random,bf16,120.7000,17.8465,102.8535,477,ok
416,2956,4,random,bf16,121.3800,25.0049,96.3751,19151,ok
528,12,29,random,bf16,116.7900,17.5823,99.2077,909,ok
4127,18,191,random,bf16,119.5200,17.3073,102.2127,9017,ok
128,129,96,grid,bf16,119.0300,18.4733,100.5568,1019,ok
384,768,4096,grid,bf16,129.6310,27.2574,102.3736,147071,ok
127,512,64,grid,bf16,115.7490,16.7267,99.0224,2035,ok
1024,129,192,grid,bf16,120.2000,17.7339,102.4661,5623,ok
4,256,129,grid,bf16,118.8000,17.3289,101.4710,1543,ok
512,4,768,grid,bf16,118.4800,18.5225,99.9575,5363,ok
1,320,64,wide_output,bf16,119.8500,17.9830,101.8670,1148,ok
2048,8,512,grid,bf16,120.8800,17.4871,103.3929,9719,ok
257,768,16,grid,bf16,118.3900,18.1628,100.2271,3833,ok
4,32,127,grid,bf16,116.0800,17.1907,98.8893,385,ok
96,4096,192,grid,bf16,117.6300,19.8550,97.7750,30591,ok
257,257,129,grid,bf16,119.4110,18.0153,101.3956,3833,ok
1032,64,64,tall,bf16,121.4600,18.4142,103.0458,1413,ok
192,256,16,grid,bf16,119.9600,17.5110,102.4490,1147,ok
127,192,129,grid,bf16,119.6300,17.9985,101.6315,2035,ok
1,384,1024,grid,bf16,121.7600,19.9722,101.7878,9191,ok
7,166,1,random,bf16,117.2200,18.7808,98.4392,777,ok
4096,256,64,grid,bf16,121.6900,24.0328,97.6572,8955,ok
1536,256,192,grid,bf16,118.3900,18.9108,99.4792,7671,ok
4096,127,127,grid,bf16,120.9700,19.8639,101.1061,4477,ok
4,144,10,random,bf16,118.7200,17.2163,101.5037,771,ok
1,4096,4,grid,bf16,115.5800,17.3736,98.2064,12255,ok
2081,128,128,tall,bf16,120.4900,20.1576,100.3324,2462,ok
192,64,4,grid,bf16,116.1400,16.1444,99.9956,573,ok
303,5,6,random,bf16,119.2200,20.4103,98.8097,684,ok
42,2,1067,random,bf16,120.6000,17.0452,103.5548,3815,ok
256,384,1024,grid,bf16,121.6900,22.0293,99.6607,15311,ok
128,256,1536,grid,bf16,118.0400,18.7865,99.2535,12239,ok
4160,64,64,tall,bf16,120.8600,17.7456,103.1144,4541,ok
384,384,128,grid,bf16,117.9300,18.1822,99.7478,2297,ok
4096,257,257,grid,bf16,125.0800,23.4761,101.6039,40301,ok
43,2,4,random,bf16,116.7200,19.2840,97.4360,424,ok
32,256,1,grid,bf16,118.5600,17.0632,101.4967,827,ok
1,1024,1536,grid,bf16,121.3710,24.0662,97.3048,36767,ok
256,192,4,grid,bf16,118.8500,21.0019,97.8481,1275,ok
537,2,176,random,bf16,116.8000,18.1312,98.6688,1837,ok
64,2,16,grid,bf16,116.8400,19.2543,97.5857,445,ok
1536,2048,384,grid,bf16,128.6200,31.5055,97.1145,92063,ok
96,32,192,grid,bf16,118.4200,18.2927,100.1273,955,ok
447,322,215,random,bf16,115.8600,19.2243,96.6357,4973,ok
768,96,1536,grid,bf16,119.4000,20.4933,98.9066,13799,ok
64,64,1024,deepK,bf16,119.0000,18.1432,100.8568,3567,ok
128,96,1536,grid,bf16,118.0790,20.1102,97.9688,6119,ok
160,2,25,random,bf16,114.2800,17.7231,96.5569,541,ok
89,36,7929,random,bf16,122.6600,19.7144,102.9456,29201,ok
1,4287,2028,random,bf16,137.4800,41.8128,95.6672,208351,ok
4,192,2,grid,bf16,117.5400,16.9205,100.6195,771,ok
101,13,2715,random,bf16,117.1100,19.5496,97.5603,10625,ok
256,2048,127,grid,bf16,120.1300,18.4160,101.7141,10207,ok
32,32,128,grid,bf16,120.2000,17.5779,102.6221,413,ok
17,433,4572,random,bf16,118.3000,19.7224,98.5776,57455,ok
16,16,1120,deepK,bf16,117.6500,18.4106,99.2394,3581,ok
1009,49,9,random,bf16,118.5690,19.3189,99.2501,1390,ok
4096,16,2,grid,bf16,118.6690,17.5188,101.1502,4477,ok
768,1536,256,grid,bf16,123.4890,22.4685,101.0205,27599,ok
2623,32,2392,random,bf16,124.3290,21.8473,102.4817,57094,ok
1106,136,147,random,bf16,120.7700,19.5052,101.2648,5951,ok
4456,1,2,random,bf16,121.3000,20.7004,100.5996,4837,ok
1536,768,8,grid,bf16,122.7910,21.9226,100.8683,11507,ok
2,384,8,grid,bf16,114.0000,17.6016,96.3984,1151,ok
1536,1536,16,grid,bf16,125.7500,23.0652,102.6848,23015,ok
147,287,306,random,bf16,119.4800,17.4633,102.0167,4760,ok
2873,267,368,random,bf16,124.4600,25.1322,99.3278,29294,ok
4096,4096,2,grid,bf16,154.2910,52.0475,102.2435,143295,ok
4096,128,64,grid,bf16,121.7001,19.5775,102.1226,4477,ok
64,4096,257,grid,bf16,118.2400,18.4842,99.7558,42815,ok
127,768,64,grid,bf16,121.4400,17.6293,103.8107,3053,ok
2048,129,32,grid,bf16,120.1900,19.2792,100.9108,4859,ok
1024,4096,384,grid,bf16,135.1600,34.8456,100.3144,134975,ok
128,384,4096,grid,bf16,121.3800,20.0168,101.3632,48959,ok
136,2983,1433,random,bf16,127.2900,23.4759,103.8140,149183,ok
768,2,8,grid,bf16,118.7800,17.8364,100.9436,1149,ok
1,128,129,grid,bf16,118.2500,18.7324,99.5176,765,ok
32,512,512,grid,bf16,118.9600,18.0481,100.9119,6623,ok
2048,4096,64,grid,bf16,136.4300,38.9869,97.4431,77759,ok
257,2048,2,grid,bf16,123.2800,19.1727,104.1072,10223,ok
1536,129,4096,grid,bf16,128.8500,25.7717,103.0783,122751,ok
384,129,384,grid,bf16,116.7690,18.2145,98.5545,4595,ok
64,64,256,grid,bf16,119.1490,18.1514,100.9976,891,ok
32,1024,512,grid,bf16,119.8800,18.8124,101.0676,13247,ok
4392,93,44,random,bf16,121.4500,18.8659,102.5841,4773,ok
512,1024,4096,grid,bf16,134.4000,35.7494,98.6506,228863,ok
1,8319,16,gemv_wideN,bf16,118.1200,18.5937,99.5263,24894,ok
384,127,127,grid,bf16,119.8690,17.9269,101.9421,765,ok
384,8,4096,grid,bf16,120.4600,19.6431,100.8169,24511,ok
192,4096,129,grid,bf16,120.8600,20.6831,100.1769,36735,ok
1536,2048,2,grid,bf16,126.0890,26.1510,99.9381,30687,ok
2,4999,627,random,bf16,118.9000,18.1992,100.7009,76799,ok
1536,1536,256,grid,bf16,127.4700,26.8246,100.6454,46031,ok
384,1024,512,grid,bf16,118.4000,22.7457,95.6543,24511,ok
4,64,64,grid,bf16,114.7200,18.5239,96.1960,385,ok
384,64,8,grid,bf16,114.3700,17.9569,96.4131,765,ok
4096,256,512,grid,bf16,122.6300,23.8654,98.7647,35823,ok
242,3,10,random,bf16,117.8500,17.2447,100.6053,623,ok
16,128,1536,grid,bf16,119.5000,18.7376,100.7624,4775,ok
192,128,2048,grid,bf16,117.7100,18.9468,98.7633,9183,ok
192,768,129,grid,bf16,118.4201,18.3499,100.0702,6887,ok
2,192,4096,grid,bf16,120.2000,18.5445,101.6555,24575,ok
127,32,4,grid,bf16,118.4800,19.6624,98.8176,508,ok
1024,2,384,grid,bf16,114.5000,18.5669,95.9331,4217,ok
32,16,96,grid,bf16,113.7390,19.8173,93.9217,413,ok
2022,861,4,random,bf16,123.7400,21.7327,102.0073,16827,ok
16,64,64,grid,bf16,115.5900,17.0011,98.5889,397,ok
257,2048,129,grid,bf16,121.1700,20.2939,100.8761,20447,ok
257,4096,512,grid,bf16,124.2100,24.1759,100.0341,81791,ok
64,768,8,grid,bf16,117.9600,18.5953,99.3648,2675,ok
21,1680,11,random,bf16,116.1500,18.2905,97.8595,5641,ok
192,2048,4096,grid,bf16,133.7510,31.9041,101.8469,293887,ok
384,127,32,grid,bf16,115.5900,18.2954,97.2946,765,ok
8,4129,64,wide_output,bf16,116.9400,17.7412,99.1988,12869,ok
4,3,8045,random,bf16,114.5700,18.9922,95.5778,24317,ok
486,2,980,random,bf16,119.4700,18.3456,101.1244,6943,ok
1120,16,16,tall,bf16,117.6400,17.4674,100.1726,1501,ok
32,127,64,grid,bf16,116.3110,21.5985,94.7125,413,ok
128,128,2112,deepK,bf16,127.1890,20.1458,107.0431,8669,ok
4,257,1536,grid,bf16,120.1800,19.8687,100.3113,13895,ok
1024,128,16,grid,bf16,119.7800,23.5462,96.2338,1405,ok
2048,128,1536,grid,bf16,124.0890,22.5880,101.5010,29159,ok
768,768,192,grid,bf16,121.7000,20.7466,100.9534,13799,ok
8,384,129,grid,bf16,117.9000,18.7424,99.1576,2339,ok
192,384,512,grid,bf16,118.6500,18.4214,100.2285,6887,ok
32,65,212,random,bf16,117.9900,19.1063,98.8837,827,ok
1,1536,1024,grid,bf16,122.4600,22.9403,99.5197,36767,ok
122,1,50,random,bf16,116.1500,17.8895,98.2605,503,ok
96,512,1024,grid,bf16,119.4400,18.8043,100.6357,15295,ok
4,1536,96,grid,bf16,118.3300,18.3560,99.9740,4631,ok
192,16,512,grid,bf16,121.3510,20.5903,100.7606,2295,ok
11,1348,3976,random,bf16,121.6900,20.8172,100.8727,138335,ok
2081,2048,64,thinK,bf16,129.7800,27.4806,102.2994,39407,ok
5080,1,343,random,bf16,126.0000,25.1931,100.8069,16385,ok
16,16,2049,deepK,bf16,120.6400,18.2219,102.4181,6765,ok
96,384,257,grid,bf16,116.2500,19.1735,97.0764,4301,ok
13,7677,9,random,bf16,118.3400,17.0418,101.2982,23699,ok
16,16,384,grid,bf16,117.3400,18.5784,98.7616,1193,ok
129,96,129,grid,bf16,119.4900,18.8732,100.6168,1021,ok
4192,1,1,tall,bf16,116.6700,18.0019,98.6681,4573,ok
128,2,2048,grid,bf16,118.6600,20.2650,98.3950,8159,ok
190,20,738,random,bf16,119.0110,18.4390,100.5720,3431,ok
2,200,20,random,bf16,116.3700,19.1404,97.2297,767,ok
512,96,32,grid,bf16,117.5700,17.2947,100.2752,893,ok
1,5540,231,random,bf16,122.0900,22.3144,99.7756,33703,ok
1032,16,16,tall,bf16,117.0510,17.2337,99.8173,1413,ok
251,1123,2351,random,bf16,126.1700,26.7004,99.4696,108242,ok
2048,127,384,grid,bf16,105.6500,12.6342,93.0159,7289,ok
128,1536,127,grid,bf16,104.0400,10.4520,93.5880,6119,ok
128,2,4096,grid,bf16,101.0900,11.3712,89.7188,16319,ok
2,2,4096,grid,bf16,103.3200,10.3011,93.0189,12287,ok
128,2112,128,fat,bf16,102.1300,10.0488,92.0812,8669,ok
128,4096,384,grid,bf16,105.3200,13.0769,92.2431,48959,ok
1024,768,1,grid,bf16,106.8200,14.2282,92.5917,8435,ok
8256,256,256,tall,bf16,106.6100,16.0086,90.6014,34551,ok
32,32,129,grid,bf16,102.8000,8.8075,93.9925,827,ok
914,61,1230,random,bf16,102.7400,13.1180,89.6220,12959,ok
278,479,849,random,bf16,102.5900,12.1929,90.3971,18479,ok
5070,514,88,random,bf16,108.9600,18.4595,90.5004,27259,ok
16,4160,16,fat,bf16,103.2400,10.3894,92.8506,13133,ok
64,1536,192,grid,bf16,100.2600,10.4639,89.7961,10703,ok
1615,2,34,random,bf16,102.1710,15.2580,86.9130,1996,ok
16,2,32,grid,bf16,101.7800,9.7233,92.0567,397,ok
54,232,125,random,bf16,102.2800,7.7855,94.4945,871,ok
192,192,4,grid,bf16,101.7400,11.1888,90.5512,1147,ok
4,384,64,grid,bf16,101.5800,11.2529,90.3271,1157,ok
4096,192,2,grid,bf16,106.5400,13.2800,93.2600,8955,ok
768,127,32,grid,bf16,104.6900,10.1666,94.5234,1149,ok
1,1,289,deepK,bf16,102.1710,12.7764,89.3946,1148,ok
4,512,2048,grid,bf16,106.2000,12.1250,94.0750,24703,ok
816,2020,517,random,bf16,119.3100,23.2804,96.0296,95839,ok
608,256,256,tall,bf16,106.5200,12.2599,94.2601,3959,ok
2,6,3,random,bf16,101.1500,13.7074,87.4426,383,ok
4,32,2,grid,bf16,100.8500,11.9733,88.8767,385,ok
768,64,16,grid,bf16,105.8600,12.3375,93.5225,1149,ok
257,129,129,grid,bf16,102.6600,12.5783,90.0817,2555,ok
576,16,16,tall,bf16,107.0400,11.4678,95.5722,957,ok
6,25,730,random,bf16,107.4900,13.0010,94.4890,2327,ok
16,384,32,grid,bf16,104.3300,14.7051,89.6249,1193,ok
4096,1536,127,grid,bf16,121.0910,28.0668,93.0242,53735,ok
128,2,32,grid,bf16,108.8110,14.4019,94.4091,509,ok
1757,1457,1788,random,bf16,147.5301,53.6218,93.9083,359351,ok
16,768,127,grid,bf16,104.9300,15.8879,89.0421,2387,ok
512,128,2048,grid,bf16,109.7200,16.3187,93.4013,14303,ok
256,32,1024,grid,bf16,105.0910,16.6330,88.4580,5103,ok
4192,128,128,tall,bf16,110.7500,15.1828,95.5672,4573,ok
2,8,1536,grid,bf16,106.9910,13.9237,93.0673,4607,ok
4096,16,16,grid,bf16,110.5800,15.2827,95.2973,4477,ok
127,129,2048,grid,bf16,109.2100,16.5378,92.6723,16287,ok
384,127,257,grid,bf16,108.7700,15.1958,93.5742,2297,ok
127,4096,2,grid,bf16,109.7300,16.9695,92.7605,16287,ok
384,4,2048,grid,bf16,108.1400,14.2198,93.9202,12255,ok
32,2,64,grid,bf16,106.2310,14.2013,92.0297,413,ok
192,8,768,grid,bf16,107.5300,15.4708,92.0592,3443,ok
285,96,2,random,bf16,109.5600,15.5209,94.0391,666,ok
1,289,64,wide_output,bf16,103.6100,14.4098,89.2003,1148,ok
1536,1,512,grid,bf16,107.2200,20.2415,86.9784,7671,ok
192,96,257,grid,bf16,108.1600,14.2628,93.8972,1721,ok
1148,23,152,random,bf16,108.4100,15.2139,93.1960,3059,ok
8,1,2284,random,bf16,104.0100,12.9534,91.0566,7019,ok
64,1,4096,grid,bf16,106.6200,15.3181,91.3019,14271,ok
16,8192,16,fat,bf16,103.7090,12.2143,91.4947,25471,ok
4,128,127,grid,bf16,101.4600,12.2551,89.2049,385,ok
256,2048,4,grid,bf16,102.1700,14.8699,87.3001,10207,ok
9,1,3,random,bf16,100.9400,11.4550,89.4850,390,ok
127,257,32,grid,bf16,103.3800,13.0051,90.3749,1526,ok
2,129,64,grid,bf16,101.0500,12.5837,88.4664,767,ok
128,1,4096,grid,bf16,105.8300,15.5407,90.2893,16319,ok
64,257,257,grid,bf16,105.1900,11.6880,93.5021,4013,ok
257,1024,768,grid,bf16,106.1500,17.5709,88.5791,30671,ok
15,2377,50,random,bf16,103.8100,12.0445,91.7655,7542,ok
96,512,768,grid,bf16,103.0200,12.4827,90.5372,11471,ok
16,128,256,grid,bf16,103.5300,14.1077,89.4223,795,ok
4096,512,16,grid,bf16,104.8200,16.7141,88.1060,17911,ok
129,1024,256,grid,bf16,104.5900,13.6099,90.9801,8175,ok
256,320,256,fat,bf16,102.9200,12.0403,90.8796,3827,ok
512,4,128,grid,bf16,103.2800,12.1638,91.1162,893,ok
192,128,96,grid,bf16,104.9600,11.8339,93.1261,573,ok
1536,16,16,grid,bf16,106.6100,11.8195,94.7905,1917,ok
1025,128,128,tall,bf16,104.6100,13.9508,90.6592,1406,ok
1536,257,4096,grid,bf16,119.2690,27.1452,92.1238,184127,ok
257,4,256,grid,bf16,102.3690,12.3538,90.0152,1277,ok
576,64,64,tall,bf16,104.9300,13.3329,91.5971,957,ok
64,768,128,grid,bf16,102.4900,12.1592,90.3308,2675,ok
16,4097,16,fat,bf16,100.6400,15.7080,84.9320,13133,ok
64,2048,256,grid,bf16,102.0000,12.3170,89.6829,14271,ok
1,352,16,gemv_wideN,bf16,99.6200,11.9000,87.7200,1148,ok
8,2,127,grid,bf16,102.1300,11.8977,90.2323,389,ok
1081,26,100,random,bf16,103.3700,12.2244,91.1456,1462,ok
192,96,8,grid,bf16,104.0100,11.6280,92.3820,573,ok
2048,64,192,grid,bf16,104.3700,14.0017,90.3683,4859,ok
23,1,6500,random,bf16,104.5800,13.3824,91.1977,20654,ok
8,256,4096,grid,bf16,103.6300,13.0290,90.6010,24959,ok
8288,8,8,tall,bf16,101.7200,12.6401,89.0798,8669,ok
44,34,1,random,bf16,103.0100,11.1715,91.8384,425,ok
129,96,127,grid,bf16,102.8510,13.7125,89.1385,510,ok
648,21,268,random,bf16,106.2200,12.9980,93.2220,3089,ok
4,192,129,grid,bf16,100.5800,12.2273,88.3527,1543,ok
2112,128,128,tall,bf16,106.9500,14.5162,92.4338,2493,ok
5,2491,5615,random,bf16,110.2700,19.0802,91.1898,340559,ok
32,4096,257,grid,bf16,105.1200,12.9839,92.1360,39743,ok
1024,129,257,grid,bf16,105.6500,14.2015,91.4484,8435,ok
768,1024,4096,grid,bf16,133.8900,37.8264,96.0636,294399,ok
256,256,64,grid,bf16,103.0200,11.2819,91.7381,1275,ok
256,256,2048,deepK,bf16,104.7700,14.1404,90.6296,20415,ok
384,512,256,grid,bf16,104.2800,14.5998,89.6802,6127,ok
128,513,128,fat,bf16,102.5400,12.2395,90.3005,2549,ok
1024,256,64,grid,bf16,103.8500,12.7018,91.1482,2811,ok
192,127,1,grid,bf16,103.6600,12.3049,91.3551,573,ok
257,1,768,grid,bf16,106.2100,14.8170,91.3930,3833,ok
513,128,128,tall,bf16,103.3200,14.0926,89.2274,894,ok
8,712,130,random,bf16,102.0700,13.7625,88.3075,4679,ok
257,192,129,grid,bf16,104.6500,13.3810,91.2690,2555,ok
264,256,64,thinK,bf16,101.9710,13.8059,88.1651,1291,ok
1024,1024,1,grid,bf16,106.4500,16.4973,89.9527,11247,ok
16,4096,384,grid,bf16,106.0600,12.9961,93.0639,38207,ok
1024,192,2048,grid,bf16,112.9890,21.0800,91.9090,44991,ok
1,3,2513,random,bf16,104.7700,14.2994,90.4706,7659,ok
3454,5728,1,random,bf16,143.9400,52.3433,91.5967,172619,ok
513,256,256,tall,bf16,103.7200,13.4836,90.2364,3579,ok
1,257,257,grid,bf16,105.0090,13.7950,91.2140,3446,ok
16,192,64,grid,bf16,103.0400,13.4439,89.5960,795,ok
21,3066,6,random,bf16,105.1200,14.2766,90.8435,9671,ok
384,127,4096,grid,bf16,104.5000,14.8880,89.6120,24511,ok
257,128,96,grid,bf16,103.6600,12.4267,91.2333,638,ok
26,31,348,random,bf16,103.3799,13.9288,89.4511,1223,ok
256,1,257,grid,bf16,103.5800,16.0906,87.4894,1913,ok
1024,127,4,grid,bf16,104.2800,12.8158,91.4642,1405,ok
3413,44,128,random,bf16,100.5700,13.1589,87.4111,3794,ok
257,32,64,grid,bf16,105.3900,12.1006,93.2894,638,ok
16,16,1024,deepK,bf16,102.1500,15.2678,86.8822,3183,ok
256,8288,64,wide_output,bf16,110.5600,19.8111,90.7488,41469,ok
4096,384,128,grid,bf16,111.7600,19.3774,92.3826,13433,ok
96,2048,4,grid,bf16,109.4100,17.4422,91.9678,7647,ok
16,384,257,grid,bf16,109.1700,14.4456,94.7244,3581,ok
96,8,2048,grid,bf16,109.1400,14.5019,94.6381,7647,ok
520,8,8,tall,bf16,107.1900,16.8081,90.3819,901,ok
64,4160,64,fat,bf16,110.1110,16.2418,93.8692,14717,ok
2,8,64,grid,bf16,108.8000,14.8381,93.9619,383,ok
14,4,8,random,bf16,104.8900,14.6325,90.2575,395,ok
257,512,127,grid,bf16,108.2600,15.8093,92.4508,2555,ok
512,257,129,grid,bf16,109.6090,15.8498,93.7592,5363,ok
8,768,512,grid,bf16,107.4800,17.1385,90.3415,9359,ok
2,256,2048,grid,bf16,108.0710,15.4551,92.6159,12287,ok
8,1,118,random,bf16,107.6700,16.2455,91.4245,389,ok
257,384,8,grid,bf16,109.3301,14.8982,94.4318,1916,ok
128,127,257,grid,bf16,111.0600,16.7226,94.3374,1529,ok
257,2048,16,grid,bf16,107.1300,18.0268,89.1033,10223,ok
1536,64,96,grid,bf16,107.2300,15.1887,92.0413,1917,ok
571,4583,106,random,bf16,114.7500,22.2567,92.4933,34307,ok
11,102,525,random,bf16,109.1000,13.8594,95.2406,1964,ok
2,256,1,grid,bf16,106.9900,14.8791,92.1109,767,ok
2,1100,3,random,bf16,108.2400,14.9276,93.3124,3455,ok
4988,4224,2,random,bf16,148.6600,59.0821,89.5779,177209,ok
256,32,1,grid,bf16,108.1800,15.2861,92.8939,637,ok
512,64,129,grid,bf16,109.2900,13.9420,95.3480,1787,ok
8,1536,64,grid,bf16,105.9400,13.7540,92.1860,4679,ok
1,4129,256,gemv_wideN,bf16,114.1400,20.7501,93.3899,25277,ok
384,8,768,grid,bf16,110.3600,17.3412,93.0188,4595,ok
64,64,576,deepK,bf16,108.8100,14.8267,93.9833,2229,ok
1,8288,16,gemv_wideN,bf16,106.7000,18.1407,88.5593,24894,ok
384,8,2,grid,bf16,105.4900,14.0231,91.4669,765,ok
8,256,2,grid,bf16,109.7900,16.4119,93.3781,779,ok
264,8,8,tall,bf16,105.5300,18.0231,87.5069,645,ok
128,512,2,grid,bf16,108.9490,16.0294,92.9196,2039,ok
96,1,127,grid,bf16,107.3690,16.8023,90.5667,477,ok
768,127,512,grid,bf16,107.0400,13.4555,93.5845,4599,ok
384,129,96,grid,bf16,106.3310,11.4842,94.8469,1531,ok
3250,1,342,random,bf16,111.3000,20.8905,90.4095,10895,ok
128,4,1,grid,bf16,106.6800,12.9535,93.7265,509,ok
2,2048,64,grid,bf16,108.3800,16.3958,91.9842,6143,ok
97,18,685,random,bf16,105.3900,17.1081,88.2819,2873,ok
127,96,768,grid,bf16,108.7110,14.4306,94.2804,3053,ok
16,16,289,deepK,bf16,107.6700,16.0033,91.6666,1193,ok
384,2,8,grid,bf16,108.9600,16.2647,92.6954,765,ok
256,2048,8,grid,bf16,111.3800,16.8653,94.5148,10207,ok
128,128,4160,deepK,bf16,109.6300,16.7850,92.8450,16829,ok
1,4,3,random,bf16,105.5900,30.9631,74.6269,382,ok
1,1088,16,gemv_wideN,bf16,107.1910,14.8900,92.3010,3446,ok
64,192,768,grid,bf16,112.3699,16.5362,95.8337,5351,ok
64,576,64,fat,bf16,108.2100,14.8277,93.3823,2229,ok
96,96,8,grid,bf16,105.3910,15.0024,90.3887,477,ok
2147,5311,1441,random,bf16,258.8600,162.5062,96.3538,1274615,ok
6867,3625,164,random,bf16,167.4910,75.1315,92.3595,420441,ok
4104,4096,64,thinK,bf16,142.8600,50.4751,92.3849,143551,ok
1536,1024,1536,grid,bf16,129.5100,33.7807,95.7293,184127,ok
1536,384,1536,grid,bf16,118.0400,22.6520,95.3880,69047,ok
384,256,128,grid,bf16,105.2400,12.6840,92.5560,1531,ok
1536,8,16,grid,bf16,102.9900,11.7082,91.2818,1917,ok
384,32,384,grid,bf16,104.1400,13.2474,90.8926,2297,ok
128,128,8288,deepK,bf16,110.7200,17.1021,93.6179,33149,ok
1536,2048,1,grid,bf16,111.4000,20.3165,91.0834,30687,ok
4,4096,256,grid,bf16,104.7800,14.6035,90.1765,24703,ok
8319,256,256,tall,bf16,110.7000,18.3985,92.3016,34803,ok
32,128,96,grid,bf16,104.3900,15.0949,89.2952,413,ok
512,192,257,grid,bf16,109.5100,16.5164,92.9935,5363,ok
64,2048,384,grid,bf16,109.5800,15.5862,93.9938,21407,ok
3,4336,5156,random,bf16,120.7300,28.3690,92.3610,536689,ok
1024,129,1536,grid,bf16,109.9500,19.0172,90.9329,33743,ok
384,512,384,grid,bf16,107.0700,16.4071,90.6629,9191,ok
4,512,8,grid,bf16,105.3300,15.7382,89.5918,1543,ok
4,256,4,grid,bf16,109.3200,14.9597,94.3603,771,ok
2048,384,64,grid,bf16,112.2400,17.0805,95.1595,7289,ok
16,16,4160,deepK,bf16,109.8500,21.0241,88.8259,13133,ok
545,1,1,tall,bf16,105.4000,14.5132,90.8868,926,ok
1024,1,257,grid,bf16,111.0800,19.2788,91.8012,4217,ok
320,9,2751,random,bf16,107.8000,15.3505,92.4495,15443,ok
4,64,1,grid,bf16,107.9200,15.2067,92.7133,385,ok
4096,4096,257,grid,bf16,164.4200,70.5402,93.8798,429887,ok
512,4096,4096,grid,bf16,173.2510,84.4303,88.8208,915455,ok
1,128,8,grid,bf16,106.0800,15.0897,90.9904,382,ok
32,1024,192,grid,bf16,106.7600,14.4292,92.3308,6623,ok
1024,4,128,grid,bf16,103.8500,14.3892,89.4607,1405,ok
1184,40,33,random,bf16,106.0890,14.3754,91.7136,1565,ok
8193,128,128,tall,bf16,107.5700,18.8926,88.6774,8574,ok
1536,256,128,grid,bf16,109.7500,15.3979,94.3522,3835,ok
8,32,127,grid,bf16,104.6000,16.1960,88.4040,389,ok
384,1,192,grid,bf16,100.1200,17.2556,82.8644,1531,ok
256,96,64,grid,bf16,109.0400,17.5400,91.5000,637,ok
1,1024,4096,grid,bf16,119.1600,25.4930,93.6670,98047,ok
1536,2,256,grid,bf16,109.4700,13.8806,95.5894,3835,ok
1536,1,129,grid,bf16,104.9000,18.5192,86.3809,3835,ok
14,22,2,random,bf16,107.6700,15.1155,92.5545,395,ok
96,2,384,grid,bf16,108.2600,18.7037,89.5563,1433,ok
2048,512,1536,grid,bf16,121.4900,29.1643,92.3257,116639,ok
127,127,129,grid,bf16,109.3900,19.0056,90.3844,1017,ok
16,2048,129,grid,bf16,105.8200,17.3313,88.4887,12735,ok
4,32,1536,grid,bf16,105.7500,17.1251,88.6249,4631,ok
83,569,7,random,bf16,109.0200,15.6220,93.3980,2324,ok
1024,2048,64,grid,bf16,112.7200,20.0051,92.7149,22495,ok
384,257,384,grid,bf16,111.6490,14.0294,97.6196,6893,ok
4,96,129,grid,bf16,104.5600,12.9337,91.6263,771,ok
127,127,127,grid,bf16,105.3400,13.9293,91.4107,508,ok
768,192,1024,grid,bf16,107.9401,14.6552,93.2848,18399,ok
512,2048,512,grid,bf16,111.6500,21.7280,89.9220,57215,ok
32,64,2,grid,bf16,103.7200,13.2238,90.4962,413,ok
9,13,38,random,bf16,106.8200,13.1819,93.6381,390,ok
1024,192,1536,grid,bf16,106.6500,16.8978,89.7522,33743,ok
256,8225,256,fat,bf16,112.8400,19.3938,93.4462,82939,ok
384,127,768,grid,bf16,105.9100,13.8528,92.0572,4595,ok
257,1536,1024,grid,bf16,110.5700,17.9251,92.6449,61343,ok
129,1024,2048,grid,bf16,108.7000,17.0590,91.6410,65407,ok
192,4,128,grid,bf16,103.7200,13.0194,90.7006,573,ok
64,2,768,grid,bf16,103.1600,12.4331,90.7269,2675,ok
2048,512,512,grid,bf16,104.5300,16.1978,88.3321,38879,ok
4,256,8,grid,bf16,105.8200,13.8482,91.9718,771,ok
7127,814,16,random,bf16,119.1600,23.5660,95.5940,52562,ok
257,96,128,grid,bf16,100.1910,10.5742,89.6169,638,ok
8319,128,128,tall,bf16,105.2100,12.4802,92.7298,8700,ok
32,127,8,grid,bf16,101.0000,10.7045,90.2955,413,ok
16,2144,16,fat,bf16,100.8490,11.3310,89.5181,6765,ok
1536,192,384,grid,bf16,99.5000,13.8257,85.6743,11507,ok
1,520,8,gemv_wideN,bf16,106.8100,11.7660,95.0440,1914,ok
4096,127,1,grid,bf16,108.6910,13.3422,95.3487,4477,ok
8,127,2,grid,bf16,106.3700,11.4897,94.8803,389,ok
512,64,192,grid,bf16,105.8100,12.9611,92.8489,1787,ok
32,32,256,grid,bf16,105.2090,11.3034,93.9056,827,ok
1,1057,256,gemv_wideN,bf16,111.0900,15.7444,95.3456,6893,ok
383,6,97,random,bf16,104.0200,11.2500,92.7700,764,ok
16,64,32,grid,bf16,102.7900,10.3021,92.4879,397,ok
1536,32,4,grid,bf16,103.7900,13.5929,90.1972,1917,ok
32,257,129,grid,bf16,103.6000,12.5305,91.0696,2483,ok
1,261,292,random,bf16,107.6700,12.1777,95.4922,3446,ok
127,2,1024,grid,bf16,104.5500,11.4959,93.0541,4071,ok
32,16,1024,grid,bf16,104.1600,11.0928,93.0671,3311,ok
11,120,757,random,bf16,105.1500,13.8316,91.3184,2357,ok
4096,129,512,grid,bf16,109.5200,14.3602,95.1597,35823,ok
16,320,16,fat,bf16,107.8000,10.5043,97.2957,1193,ok
384,256,512,grid,bf16,107.4500,11.6343,95.8157,6127,ok
2,128,16,grid,bf16,106.5000,10.6628,95.8372,383,ok
32,96,129,grid,bf16,106.1500,11.5750,94.5750,827,ok
1151,1,1,tall,bf16,104.4900,8.7440,95.7460,1532,ok
512,768,768,grid,bf16,105.7800,11.7723,94.0078,32183,ok
64,64,352,deepK,bf16,105.4000,9.3775,96.0225,1337,ok
128,4,2,grid,bf16,103.3700,7.9386,95.4314,509,ok
257,4096,257,grid,bf16,106.5800,13.7778,92.8022,61343,ok
25,4879,5,random,bf16,101.6500,8.1239,93.5261,15872,ok
32,257,64,grid,bf16,99.7900,7.3737,92.4163,1241,ok
384,512,127,grid,bf16,103.0400,8.6801,94.3599,3063,ok
129,129,1536,grid,bf16,102.1600,9.0725,93.0875,12263,ok
1536,32,1024,grid,bf16,107.4200,11.5115,95.9085,15343,ok
144,1,42,random,bf16,97.3800,11.4562,85.9238,525,ok
8,384,1,grid,bf16,106.3600,10.8219,95.5381,1169,ok
4107,1981,3273,random,bf16,327.1000,231.5093,95.5907,1867423,ok
64,64,129,grid,bf16,107.1300,10.8936,96.2364,891,ok
2,768,128,grid,bf16,104.2500,11.9605,92.2896,2303,ok
8256,1,1,tall,bf16,105.2900,11.4827,93.8074,8637,ok
256,129,8,grid,bf16,111.5600,9.6111,101.9490,1275,ok
1,2048,16,gemv_wideN,bf16,101.7400,8.1502,93.5898,6127,ok
1,2048,8,grid,bf16,101.3500,10.6492,90.7008,6127,ok
8,512,1024,grid,bf16,101.7500,8.6818,93.0682,12479,ok
1,6,2196,random,bf16,105.9100,8.9861,96.9239,6893,ok
289,128,128,tall,bf16,98.8090,8.2033,90.6057,670,ok
96,768,96,grid,bf16,108.7300,8.1239,100.6060,2867,ok
286,88,725,random,bf16,102.6600,8.7491,93.9109,4007,ok
32,96,4096,grid,bf16,100.6200,8.8146,91.8053,13247,ok
1,128,64,grid,bf16,101.1000,7.8489,93.2511,382,ok
2048,257,16,grid,bf16,104.6500,9.3821,95.2679,7289,ok
192,4096,128,grid,bf16,104.0300,10.3174,93.7125,18367,ok
1,352,8,gemv_wideN,bf16,102.6000,8.1841,94.4160,1148,ok
4,1536,127,grid,bf16,101.7700,8.4395,93.3305,4631,ok
256,257,1024,grid,bf16,102.0700,9.9055,92.1645,15311,ok
32,257,1536,grid,bf16,101.4400,8.7533,92.6867,14903,ok
16,352,64,wide_output,bf16,100.6800,7.9302,92.7498,1193,ok
3,3,625,random,bf16,99.9800,7.9391,92.0409,1924,ok
2,4,284,random,bf16,104.1300,8.0680,96.0620,1151,ok
2,2,64,grid,bf16,102.0900,8.0315,94.0585,383,ok
768,96,4,grid,bf16,102.8000,8.0828,94.7171,1149,ok
2,768,2048,grid,bf16,101.0800,8.8644,92.2157,36863,ok
128,2175,64,wide_output,bf16,99.1300,8.4360,90.6940,8669,ok
4096,1,257,grid,bf16,102.4700,12.5536,89.9165,13433,ok
768,768,1024,grid,bf16,106.3000,15.5796,90.7204,55199,ok
128,264,64,wide_output,bf16,102.0400,7.7349,94.3051,1529,ok
4,4,512,grid,bf16,99.7310,7.8842,91.8468,1543,ok
768,256,1,grid,bf16,103.7200,10.1580,93.5620,2299,ok
1024,2048,2,grid,bf16,106.8300,13.8573,92.9727,22495,ok
16,257,128,grid,bf16,103.4900,8.1994,95.2906,1193,ok
96,3,130,random,bf16,101.4000,8.0061,93.3939,955,ok
384,192,1536,grid,bf16,103.6200,9.8876,93.7324,18383,ok
384,128,2,grid,bf16,101.7800,8.1195,93.6605,765,ok
16,96,512,grid,bf16,102.1300,8.3770,93.7530,1591,ok
128,1,2048,grid,bf16,102.1110,10.6551,91.4559,8159,ok
1536,1024,128,grid,bf16,103.7300,12.5462,91.1838,15343,ok
1,127,4096,grid,bf16,102.9400,10.7190,92.2210,12255,ok
256,1088,64,wide_output,bf16,101.1100,8.6688,92.4412,5741,ok
1024,8,1024,grid,bf16,102.5100,8.8800,93.6300,11247,ok
2049,8,8,tall,bf16,101.4800,8.8787,92.6012,2430,ok
16,192,128,grid,bf16,97.8800,6.9913,90.8887,795,ok
768,16,64,grid,bf16,104.3100,8.4232,95.8868,1149,ok
16,1025,16,fat,bf16,105.1100,8.8767,96.2333,3581,ok
96,64,512,grid,bf16,103.0900,8.0151,95.0749,1911,ok
1025,64,64,tall,bf16,100.9700,8.5581,92.4120,1406,ok
1536,4,2048,grid,bf16,103.9700,9.6757,94.2943,30687,ok
3,4638,50,random,bf16,98.6710,9.2195,89.4515,14244,ok
1,16,257,grid,bf16,102.6100,9.9009,92.7090,1148,ok
64,1,512,grid,bf16,103.0000,9.1867,93.8133,1783,ok
64,1,1024,grid,bf16,99.9700,9.0287,90.9413,3567,ok
1202,1374,5772,random,bf16,184.3590,92.1332,92.2258,801503,ok
16,257,8,grid,bf16,100.1800,8.9369,91.2430,1193,ok
384,129,1024,grid,bf16,103.5900,8.9864,94.6035,12255,ok
1536,128,128,grid,bf16,102.4000,8.2160,94.1840,1917,ok
196,2630,41,random,bf16,103.4600,9.9518,93.5082,12137,ok
438,566,385,random,bf16,105.2900,10.3912,94.8988,16399,ok
128,4096,2048,grid,bf16,107.5910,17.3018,90.2892,261119,ok
8,4294,31,random,bf16,100.9090,8.3032,92.6058,13259,ok
4,512,32,grid,bf16,100.7600,7.4342,93.3258,1543,ok
1,3472,1220,random,bf16,113.8600,19.6291,94.2309,107239,ok
8225,1,1,tall,bf16,100.7000,8.0784,92.6216,8606,ok
3,8,373,random,bf16,101.3000,10.0896,91.2105,1154,ok
6197,7,145,random,bf16,101.5800,8.4534,93.1266,13157,ok
8,1536,768,grid,bf16,101.6300,10.9331,90.6969,28079,ok
384,4,127,grid,bf16,99.2900,7.5382,91.7518,765,ok
256,4223,256,fat,bf16,106.9200,11.9555,94.9646,42107,ok
257,2,1024,grid,bf16,100.5700,9.7581,90.8119,5111,ok
1157,224,7317,random,bf16,122.1300,27.7083,94.4217,178523,ok
1536,128,16,grid,bf16,100.0200,8.8308,91.1892,1917,ok
8,4223,64,wide_output,bf16,98.7400,8.1539,90.5861,12869,ok
16,16,1536,grid,bf16,102.5400,9.7628,92.7772,4775,ok
1,1120,16,gemv_wideN,bf16,100.9500,9.2436,91.7064,3446,ok
192,768,257,grid,bf16,103.1300,8.5625,94.5675,10331,ok
127,129,257,grid,bf16,101.1600,7.0756,94.0844,3053,ok
384,192,127,grid,bf16,102.4710,9.4130,93.0580,1531,ok
256,384,4096,grid,bf16,109.3100,12.7277,96.5823,61247,ok
2,1,127,grid,bf16,100.6300,9.4550,91.1750,383,ok
32,1024,128,grid,bf16,101.4890,8.4572,93.0318,3311,ok
156,4938,1,random,bf16,102.6100,12.5085,90.1015,20981,ok
32,96,2,grid,bf16,100.8600,8.7463,92.1137,413,ok
246,249,574,random,bf16,104.1300,10.1760,93.9540,6279,ok
256,1,1536,grid,bf16,102.6600,11.0887,91.5713,7655,ok
8,128,32,grid,bf16,106.5290,11.8664,94.6626,389,ok
16,1024,4096,grid,bf16,109.8800,13.3493,96.5307,101887,ok
129,512,96,grid,bf16,106.3300,10.6073,95.7227,2043,ok
8,4,128,grid,bf16,106.0200,11.7405,94.2795,389,ok
37,12,769,random,bf16,105.8910,11.2012,94.6898,2932,ok
16,8200,16,fat,bf16,107.0100,11.3538,95.6562,25869,ok
384,768,768,grid,bf16,107.1090,13.4918,93.6172,27575,ok
57,2,18,random,bf16,103.7800,12.7928,90.9871,438,ok
1536,64,4,grid,bf16,108.5400,12.3950,96.1450,1917,ok
257,192,128,grid,bf16,107.5000,11.7750,95.7250,1277,ok
1,1,8256,deepK,bf16,105.8200,14.4375,91.3825,24894,ok
4223,128,128,tall,bf16,105.0199,12.2212,92.7987,4604,ok
1024,2048,128,grid,bf16,109.9800,19.9987,89.9813,22495,ok
2,2197,36,random,bf16,98.1800,9.2793,88.9007,6911,ok
96,4096,127,grid,bf16,105.4500,9.4119,96.0381,15295,ok
576,256,256,tall,bf16,104.6900,9.6591,95.0309,3831,ok
4,256,16,grid,bf16,100.9700,10.4497,90.5202,771,ok
2,7,1,random,bf16,104.6300,12.1274,92.5027,383,ok
8,192,32,grid,bf16,102.4600,11.0051,91.4549,779,ok
192,257,257,grid,bf16,106.2400,11.7775,94.4625,5165,ok
8,32,768,grid,bf16,102.3500,10.8588,91.4911,2339,ok
32,96,257,grid,bf16,105.0600,12.0205,93.0395,1241,ok
128,8288,64,wide_output,bf16,110.1100,14.2559,95.8541,33149,ok
608,1,1,tall,bf16,104.7100,12.0371,92.6729,989,ok
256,768,127,grid,bf16,105.3800,11.1257,94.2543,3827,ok
1,96,768,grid,bf16,106.7890,12.5931,94.1959,2297,ok
1,513,1,fat,bf16,106.2900,10.7373,95.5527,1914,ok
512,1,96,grid,bf16,105.6800,11.5381,94.1419,893,ok
4,2048,4,grid,bf16,103.8800,11.0720,92.8080,6175,ok
192,16,1,grid,bf16,106.3200,14.1351,92.1849,573,ok
32,768,127,grid,bf16,103.3299,10.9224,92.4075,2483,ok
8,16,1024,grid,bf16,104.7200,11.2755,93.4445,3119,ok
1032,8,8,tall,bf16,105.0500,13.4192,91.6308,1413,ok
5,6017,26,random,bf16,103.8890,11.3061,92.5830,18575,ok
256,1024,64,grid,bf16,105.0600,13.0030,92.0570,5103,ok
2081,16,16,tall,bf16,106.1100,10.9775,95.1325,2462,ok
64,8,2048,grid,bf16,105.5800,13.3298,92.2503,7135,ok
1,127,32,grid,bf16,99.6200,11.5955,88.0245,382,ok
1447,6273,357,random,bf16,139.3110,45.6862,93.6248,274349,ok
128,2081,64,wide_output,bf16,106.2500,11.9520,94.2980,8669,ok
129,257,1024,grid,bf16,108.9700,12.0249,96.9452,12263,ok
8,768,256,grid,bf16,105.9700,11.7680,94.2020,4679,ok
16,639,16,fat,bf16,106.0500,11.8947,94.1553,1989,ok
8,1120,8,fat,bf16,105.9900,11.4710,94.5190,3509,ok
512,257,512,grid,bf16,107.9000,12.3666,95.5334,10727,ok
2048,128,384,grid,bf16,108.2100,13.5858,94.6242,7289,ok
1,4096,257,grid,bf16,110.7100,16.0770,94.6330,36767,ok
4,22,41,random,bf16,101.4600,10.2464,91.2136,385,ok
129,2048,127,grid,bf16,105.6300,12.1489,93.4811,8175,ok
256,768,64,grid,bf16,102.8400,13.1670,89.6729,3827,ok
32,384,192,grid,bf16,108.8500,11.1112,97.7388,2483,ok
5847,3297,1591,random,bf16,393.7800,295.6459,98.1341,2105401,ok
2048,1536,4096,grid,bf16,209.2500,114.2188,95.0312,933119,ok
32,96,384,grid,bf16,106.2200,12.2167,94.0034,1241,ok
384,96,257,grid,bf16,104.5600,12.7813,91.7787,2297,ok
2,96,128,grid,bf16,106.8600,12.6360,94.2240,383,ok
4,25,100,random,bf16,107.9500,11.2971,96.6529,385,ok
2363,153,904,random,bf16,111.8900,16.7361,95.1539,43919,ok
4,16,2,grid,bf16,106.1900,11.0393,95.1507,385,ok
4582,8085,4,random,bf16,177.6100,84.0566,93.5534,317695,ok
16,768,4,grid,bf16,104.5400,11.3281,93.2119,2387,ok
384,127,1,grid,bf16,102.1000,12.2237,89.8763,765,ok
127,2,1,grid,bf16,102.8200,11.1211,91.6989,508,ok
32,4,127,grid,bf16,104.3300,10.6461,93.6839,413,ok
3,4154,11,random,bf16,109.1000,10.9547,98.1453,12704,ok
69,645,3,random,bf16,103.7300,11.3990,92.3310,2705,ok
2048,128,127,grid,bf16,105.4800,12.1109,93.3691,2429,ok
1,1057,8,gemv_wideN,bf16,104.5800,12.3288,92.2512,3446,ok
192,1,1,grid,bf16,104.1500,9.5957,94.5543,573,ok
32,1536,128,grid,bf16,107.3400,12.1932,95.1468,4967,ok
2,361,435,random,bf16,109.2890,11.3448,97.9442,4607,ok
1536,4096,4,grid,bf16,120.9110,29.0334,91.8776,61375,ok
384,1,129,grid,bf16,105.8000,16.9061,88.8939,1531,ok
1024,512,1536,grid,bf16,112.9400,21.9296,91.0103,67487,ok
8,64,127,grid,bf16,104.0800,13.2638,90.8162,389,ok
299,31,4,random,bf16,107.7400,13.3669,94.3731,680,ok
256,4,768,grid,bf16,103.8400,13.6080,90.2320,3827,ok
4096,16,128,grid,bf16,106.1800,14.7261,91.4540,4477,ok
1,16,64,grid,bf16,101.2700,14.5754,86.6946,382,ok
4197,28,14,random,bf16,102.4710,16.5629,85.9082,4578,ok
8,8193,8,fat,bf16,103.5600,12.8383,90.7216,25349,ok
257,256,1536,grid,bf16,106.7200,14.1292,92.5908,15335,ok
256,96,1536,grid,bf16,107.1500,13.5130,93.6370,7655,ok
2048,384,8,grid,bf16,106.2400,15.5947,90.6453,7289,ok
8,8,8256,deepK,bf16,107.7800,12.8937,94.8863,25349,ok
256,96,768,grid,bf16,107.5690,13.5847,93.9843,3827,ok
4096,8,1536,grid,bf16,109.3800,15.7853,93.5947,53735,ok
4096,96,1024,grid,bf16,107.8600,18.3031,89.5569,35823,ok
256,1024,2,grid,bf16,104.6800,13.6473,91.0328,5103,ok
1025,256,256,tall,bf16,106.7800,14.6861,92.0939,5627,ok
12,4,2754,random,bf16,109.7200,13.4507,96.2693,8667,ok
2048,129,8,grid,bf16,105.9300,13.7828,92.1472,4859,ok
1024,128,64,grid,bf16,108.9500,13.9950,94.9550,1405,ok
24,3855,3311,random,bf16,113.7800,22.5390,91.2410,327235,ok
2303,5,3,random,bf16,107.5400,12.4374,95.1026,2684,ok
2048,96,384,grid,bf16,105.7000,14.2285,91.4715,7289,ok
1,4096,64,wide_output,bf16,106.7900,16.5530,90.2370,12255,ok
1,383,128,gemv_wideN,bf16,104.7800,13.5255,91.2545,1148,ok
96,96,129,grid,bf16,104.4800,15.7799,88.7002,955,ok
256,512,32,grid,bf16,105.5600,13.1131,92.4469,2551,ok
256,257,64,grid,bf16,105.3400,13.2572,92.0829,1913,ok
16,8225,16,fat,bf16,105.5310,12.8791,92.6518,25869,ok
1024,8,16,grid,bf16,104.6900,13.0153,91.6747,1405,ok
256,1024,256,fat,bf16,106.1400,14.1213,92.0187,10207,ok
16,16,2175,deepK,bf16,107.7890,14.9006,92.8884,6765,ok
1,1,1088,deepK,bf16,105.4200,15.8157,89.6042,3446,ok
1,264,256,gemv_wideN,bf16,107.3200,13.9499,93.3701,2297,ok
1,2,1536,grid,bf16,101.9510,14.0139,87.9371,4595,ok
256,4,384,grid,bf16,103.8600,12.6781,91.1819,1913,ok
512,257,192,grid,bf16,105.5300,13.1222,92.4078,5363,ok
384,512,192,grid,bf16,108.1200,14.5306,93.5894,6127,ok
129,16,768,grid,bf16,106.4200,14.6918,91.7282,3065,ok
64,1536,32,grid,bf16,108.3100,13.9632,94.3468,5351,ok
127,1024,64,grid,bf16,109.9500,14.8032,95.1467,4071,ok
127,192,4,grid,bf16,107.5000,14.5253,92.9747,1017,ok
129,2048,129,grid,bf16,109.8300,14.2791,95.5509,16351,ok
129,128,2048,grid,bf16,108.7700,14.6755,94.0945,8175,ok
129,512,127,grid,bf16,106.4300,14.2867,92.1434,2043,ok
8,8,2144,deepK,bf16,103.4000,14.3709,89.0292,6629,ok
2048,16,64,grid,bf16,108.2600,13.8953,94.3647,2429,ok
2682,46,1,random,bf16,108.5100,15.7023,92.8077,3063,ok
4096,1024,256,grid,bf16,117.2300,24.6475,92.5825,71647,ok
384,32,192,grid,bf16,101.4510,12.7792,88.6718,1531,ok
4,44,916,random,bf16,106.2800,13.2884,92.9915,3087,ok
512,257,256,grid,bf16,106.5000,12.8587,93.6413,5363,ok
4096,8,192,grid,bf16,103.3400,14.1764,89.1636,8955,ok
20,525,3712,random,bf16,106.7700,14.5385,92.2315,58289,ok
10,79,70,random,bf16,102.0700,12.7590,89.3110,391,ok
512,128,96,grid,bf16,103.8800,13.5124,90.3676,893,ok
8,512,128,grid,bf16,101.2400,14.0353,87.2047,1559,ok
128,8200,128,fat,bf16,107.6800,15.7635,91.9166,33149,ok
128,1032,64,wide_output,bf16,102.9110,12.7434,90.1677,4589,ok
1,4096,512,grid,bf16,111.8100,19.8774,91.9326,49023,ok
257,128,768,grid,bf16,107.3500,15.2209,92.1291,3833,ok
257,96,4,grid,bf16,106.1300,12.9794,93.1506,638,ok
64,1536,2048,grid,bf16,107.3600,27.7541,79.6060,85631,ok
4104,1,1,tall,bf16,108.6200,14.4899,94.1302,4485,ok
1536,8,32,grid,bf16,105.5900,12.3989,93.1911,1917,ok
2048,16,512,grid,bf16,108.2900,15.3936,92.8964,9719,ok
520,1,1,tall,bf16,105.6600,13.3126,92.3474,901,ok
1044,1,26,random,bf16,105.5700,37.5667,68.0033,1425,ok
4,96,257,grid,bf16,110.2900,12.4581,97.8319,1157,ok
4,2,2048,grid,bf16,106.0300,12.9562,93.0737,6175,ok
257,4,96,grid,bf16,108.1700,13.1659,95.0041,638,ok
768,64,2,grid,bf16,106.7100,13.3090,93.4010,1149,ok
64,4,16,grid,bf16,109.1000,14.9222,94.1779,445,ok
1024,16,16,tall,bf16,107.2900,13.4797,93.8102,1405,ok
2048,4,64,grid,bf16,106.9600,12.8143,94.1458,2429,ok
4,192,4096,grid,bf16,108.5200,15.3170,93.2030,24703,ok
768,64,256,grid,bf16,104.3600,14.4757,89.8843,2299,ok
512,4,96,grid,bf16,112.7600,13.3691,99.3909,893,ok
2048,2048,512,grid,bf16,128.8300,34.3194,94.5106,155519,ok
512,4,256,grid,bf16,106.9400,13.7167,93.2234,1787,ok
512,2048,4,grid,bf16,107.3900,17.2812,90.1088,14303,ok
2,3158,94,random,bf16,107.7100,13.4719,94.2381,9599,ok
8,129,1,grid,bf16,107.2800,14.1319,93.1482,779,ok
81,2,8,random,bf16,107.3100,13.0744,94.2356,462,ok
14,35,140,random,bf16,104.6700,15.1582,89.5118,791,ok
992,68,449,random,bf16,109.0800,13.6487,95.4313,5495,ok
16,96,257,grid,bf16,106.6100,27.6091,79.0009,1193,ok
2,1024,257,grid,bf16,108.0300,14.6274,93.4026,9215,ok
1,1,8192,deepK,bf16,105.2800,15.6222,89.6578,24511,ok
512,384,512,grid,bf16,109.6400,15.8510,93.7890,10727,ok
512,128,512,grid,bf16,106.3700,13.9769,92.3931,3575,ok
4,1,127,grid,bf16,104.4300,12.4007,92.0293,385,ok
32,512,257,grid,bf16,104.6700,13.6019,91.0681,4967,ok
4096,16,64,grid,bf16,106.2200,13.3043,92.9157,4477,ok
2048,768,127,grid,bf16,111.2800,17.5772,93.7029,14579,ok
8,257,4096,grid,bf16,107.1990,13.0682,94.1308,37439,ok
20,3847,4204,random,bf16,118.1600,25.6598,92.5003,411245,ok
512,1024,129,grid,bf16,109.2400,15.6043,93.6357,14303,ok
264,16,16,tall,bf16,107.3500,14.3470,93.0030,645,ok
127,512,512,grid,bf16,107.2000,12.6222,94.5778,8143,ok
1,4192,128,gemv_wideN,bf16,111.5100,16.3913,95.1187,12638,ok
5829,672,2,random,bf16,114.8100,22.1098,92.7003,37265,ok
192,384,128,grid,bf16,106.2000,13.0292,93.1708,1721,ok
64,1536,384,grid,bf16,106.8000,13.4378,93.3622,16055,ok
998,5072,3,random,bf16,117.2200,23.4692,93.7508,55199,ok
192,192,129,grid,bf16,111.2500,12.3145,98.9355,2295,ok
512,16,512,grid,bf16,106.7900,12.2148,94.5752,3575,ok
1,854,555,random,bf16,108.3200,18.1377,90.1823,13404,ok
128,4104,64,wide_output,bf16,108.6890,14.1194,94.5696,16829,ok
1009,608,25,random,bf16,105.7100,16.0241,89.6859,6954,ok
3482,1493,3,random,bf16,118.3700,27.3865,90.9835,46367,ok
1536,512,768,grid,bf16,113.4600,18.4273,95.0327,46031,ok
79,1,18,random,bf16,104.0000,13.3917,90.6083,460,ok
384,768,1024,grid,bf16,110.8110,16.7668,94.0442,36767,ok
1024,1024,64,thinK,bf16,114.0400,15.8500,98.1900,11247,ok
1,8,2,grid,bf16,103.0290,11.9226,91.1064,382,ok
2,1009,411,random,bf16,107.5900,13.3533,94.2367,12287,ok
127,2048,64,grid,bf16,108.9000,13.5743,95.3258,8143,ok
257,128,2,grid,bf16,107.5000,14.5551,92.9449,638,ok
32,768,257,grid,bf16,108.5200,14.2628,94.2571,7451,ok
256,1120,64,wide_output,bf16,109.3800,14.1989,95.1811,5741,ok
1536,2048,129,grid,bf16,119.4310,24.8349,94.5961,61375,ok
41,253,1402,random,bf16,109.0690,12.9357,96.1333,9305,ok
16,129,32,grid,bf16,105.7900,13.4614,92.3286,795,ok
275,59,331,random,bf16,102.9300,12.7258,90.2042,1970,ok
64,64,2056,deepK,bf16,105.2900,15.4895,89.8005,7581,ok
1536,2048,32,grid,bf16,115.0000,20.2471,94.7529,30687,ok
1536,64,192,grid,bf16,108.7700,13.9786,94.7915,3835,ok
1,8256,1,fat,bf16,104.0100,12.6737,91.3364,24894,ok
1,8256,128,gemv_wideN,bf16,107.3000,16.8909,90.4091,24894,ok
1536,128,32,grid,bf16,109.6100,13.0174,96.5927,1917,ok
768,8,768,grid,bf16,108.8500,13.3436,95.5064,6899,ok
16,2237,2407,random,bf16,109.6600,16.9445,92.7154,136115,ok
768,64,2048,grid,bf16,104.6800,14.3133,90.3666,18399,ok
192,127,16,grid,bf16,106.8800,13.6888,93.1912,573,ok
16,32,1024,grid,bf16,107.4200,13.4444,93.9756,3183,ok
192,768,16,grid,bf16,107.8000,15.5165,92.2835,3443,ok
2346,3510,2,random,bf16,121.9600,31.7202,90.2398,76383,ok
1024,1536,32,grid,bf16,110.5900,16.2591,94.3309,16871,ok
4,384,512,grid,bf16,107.2700,15.3937,91.8763,4631,ok
64,64,2,grid,bf16,105.9900,15.0274,90.9627,445,ok
1,4192,1,fat,bf16,105.8400,13.8850,91.9550,12638,ok
256,1536,257,grid,bf16,109.6100,15.3487,94.2613,22967,ok
3,29,109,random,bf16,102.9800,12.3672,90.6128,384,ok
4233,2,9,random,bf16,106.9500,13.0352,93.9148,4614,ok
512,192,1,grid,bf16,107.9000,14.5183,93.3817,1787,ok
4096,4,32,grid,bf16,106.8910,13.5629,93.3281,4477,ok
12,512,269,random,bf16,108.3290,12.6737,95.6553,4727,ok
2,7482,2208,random,bf16,119.4500,23.0723,96.3777,407807,ok
16,8193,64,wide_output,bf16,106.6800,13.8537,92.8263,25869,ok
8,4,384,grid,bf16,107.5400,13.6653,93.8747,1169,ok
183,7619,591,random,bf16,114.1000,21.3515,92.7484,169499,ok
1024,8,257,grid,bf16,106.2100,13.2536,92.9564,4217,ok
2,12,59,random,bf16,105.4200,12.9499,92.4702,383,ok
32,256,32,grid,bf16,106.0800,13.2829,92.7971,827,ok
8,96,64,grid,bf16,104.9110,11.9964,92.9146,389,ok
16,16,8319,deepK,bf16,106.7800,14.0661,92.7139,25869,ok
16,384,16,grid,bf16,105.9300,12.1617,93.7683,1193,ok
415,228,1808,random,bf16,108.4900,16.2318,92.2582,23909,ok
129,32,128,grid,bf16,107.4900,12.9529,94.5371,510,ok
129,512,8,grid,bf16,107.2700,12.8782,94.3918,2043,ok
2048,32,2048,grid,bf16,113.9510,15.0463,98.9047,38879,ok
512,2,96,grid,bf16,108.7700,14.1599,94.6101,893,ok
96,127,257,grid,bf16,104.9699,13.9577,91.0122,1433,ok
768,2,192,grid,bf16,104.8000,14.0999,90.7001,2299,ok
512,96,257,grid,bf16,105.8690,13.9164,91.9526,2681,ok
256,4,127,grid,bf16,106.1100,13.3964,92.7136,637,ok
128,768,2,grid,bf16,110.6890,13.4662,97.2228,3059,ok
4,768,127,grid,bf16,106.9900,14.4569,92.5331,2315,ok
1464,5079,24,random,bf16,121.5400,29.0624,92.4777,73839,ok
98,1437,574,random,bf16,106.7000,14.8143,91.8857,28799,ok
8,8225,64,wide_output,bf16,106.8200,13.4601,93.3598,25349,ok
4,768,1,grid,bf16,108.4500,12.4309,96.0191,2315,ok
4096,32,2,grid,bf16,105.6710,14.2667,91.4043,4477,ok
128,127,64,grid,bf16,106.9700,12.5457,94.4243,509,ok
384,129,4,grid,bf16,105.6100,15.5683,90.0417,1531,ok
8,2048,8,fat,bf16,108.2000,12.7771,95.4229,6239,ok
768,1024,16,grid,bf16,105.9600,15.8927,90.0673,9199,ok
512,1536,128,grid,bf16,108.1300,16.7693,91.3607,10727,ok
192,128,1536,grid,bf16,108.1910,15.5652,92.6257,6887,ok
1,512,256,gemv_wideN,bf16,108.1600,15.2833,92.8767,3063,ok
512,4096,4,grid,bf16,113.1600,22.0550,91.1050,28607,ok
129,2,384,grid,bf16,108.8800,16.9484,91.9316,1532,ok
256,1536,512,grid,bf16,110.6500,16.1613,94.4887,30623,ok
256,257,512,grid,bf16,108.9490,15.5556,93.3934,7655,ok
293,31,10,random,bf16,103.4600,12.1072,91.3528,674,ok
192,129,128,grid,bf16,105.8400,13.8478,91.9923,1147,ok
128,352,64,wide_output,bf16,106.9000,13.6420,93.2580,1529,ok
1,8193,1,fat,bf16,104.5900,13.5411,91.0490,24894,ok
190,10,17,random,bf16,103.9600,12.6043,91.3557,571,ok
8,1536,2,grid,bf16,105.9700,13.1235,92.8464,4679,ok
289,256,64,thinK,bf16,108.3500,13.6701,94.6799,1341,ok
4096,768,1024,grid,bf16,133.9200,41.2377,92.6823,214943,ok
192,512,64,grid,bf16,105.6200,14.7258,90.8942,2295,ok
8,1024,64,wide_output,bf16,106.7800,13.9147,92.8652,3119,ok
1,4192,64,wide_output,bf16,108.5200,14.8706,93.6494,12638,ok
4096,384,4,grid,bf16,109.9310,18.1140,91.8169,13433,ok
256,96,2048,grid,bf16,107.1600,15.5063,91.6537,10207,ok
1536,2048,192,grid,bf16,117.5400,23.3321,94.2080,61375,ok
127,257,4096,grid,bf16,108.6000,17.5249,91.0751,48863,ok
1,4096,128,gemv_wideN,bf16,104.2700,15.3694,88.9006,12255,ok
2175,2048,64,thinK,bf16,114.0400,24.3479,89.6921,40911,ok
4,96,192,grid,bf16,106.7400,12.8266,93.9133,771,ok
192,256,4096,grid,bf16,108.7400,18.0921,90.6479,36735,ok
716,6153,62,random,bf16,116.8900,24.7146,92.1754,53801,ok
8,8,4192,deepK,bf16,107.5800,13.2419,94.3381,12869,ok
23,5,94,random,bf16,104.0100,13.2456,90.7644,404,ok
16,16,8,grid,bf16,106.7200,14.2831,92.4370,397,ok
127,16,16,grid,bf16,108.7900,12.8967,95.8933,508,ok
1536,129,768,grid,bf16,109.3000,16.3063,92.9937,23015,ok
257,2048,4,grid,bf16,108.4900,14.6785,93.8115,10223,ok
1,4129,1,fat,bf16,105.1400,13.2910,91.8490,12638,ok
384,768,8,grid,bf16,109.5400,13.9594,95.5806,4595,ok
32,2,2048,grid,bf16,107.9400,13.1382,94.8018,6623,ok
512,2,1536,grid,bf16,104.5800,17.6216,86.9583,10727,ok
131,4,2162,random,bf16,107.7700,13.3163,94.4536,8720,ok
32,512,1024,grid,bf16,105.0600,13.9479,91.1121,13247,ok
512,257,8,grid,bf16,109.0200,13.4175,95.6025,2681,ok
64,129,257,grid,bf16,106.7800,13.4089,93.3710,2675,ok
2550,6,166,random,bf16,106.7310,14.3958,92.3352,5863,ok
16,4,1024,grid,bf16,107.4500,13.8149,93.6351,3183,ok
32,256,128,grid,bf16,105.8310,12.8892,92.9418,827,ok
192,256,257,grid,bf16,108.4000,14.7559,93.6441,3443,ok
129,512,2,grid,bf16,106.1690,14.0665,92.1025,2043,ok
90,8,2264,random,bf16,106.2000,14.2576,91.9424,8495,ok
2048,256,2,grid,bf16,109.1400,14.4868,94.6532,4859,ok
4,512,4,grid,bf16,107.2090,11.9893,95.2197,1543,ok
41,3970,1,random,bf16,108.7800,14.2809,94.4990,13535,ok
1,293,293,random,bf16,108.9600,17.0437,91.9163,3446,ok
768,8,1536,grid,bf16,106.4700,13.0761,93.3939,13799,ok
257,512,129,grid,bf16,108.1300,13.0701,95.0599,5111,ok
1,8,1024,grid,bf16,103.5500,14.3539,89.1961,3063,ok
4096,127,16,grid,bf16,109.2300,15.6234,93.6066,4477,ok
256,64,128,grid,bf16,106.0800,13.4331,92.6469,637,ok
70,232,1868,random,bf16,107.6600,13.6233,94.0367,13559,ok
96,16,4,grid,bf16,102.9800,13.3097,89.6704,477,ok
1,257,16,gemv_wideN,bf16,108.0500,13.3630,94.6870,1148,ok
2,1024,768,grid,bf16,105.9900,12.7869,93.2032,18431,ok
4,2213,387,random,bf16,104.5800,14.1886,90.3914,27791,ok
129,8,192,grid,bf16,102.5300,13.3812,89.1488,1021,ok
2,127,4,grid,bf16,108.0510,12.8621,95.1889,383,ok
8,127,512,grid,bf16,108.6510,14.1926,94.4584,1559,ok
1536,128,96,grid,bf16,106.5300,14.6411,91.8889,1917,ok
188,1862,8043,random,bf16,136.2300,41.5379,94.6921,538649,ok
1536,257,768,grid,bf16,108.7800,16.1750,92.6050,34523,ok
127,384,512,grid,bf16,106.2300,15.8949,90.3351,6107,ok
64,127,1,grid,bf16,104.4910,13.0349,91.4562,445,ok
4,1536,384,grid,bf16,107.4700,12.9864,94.4835,13895,ok
1536,257,127,grid,bf16,109.2300,15.4285,93.8015,5753,ok
1,2,16,grid,bf16,104.6000,12.6318,91.9682,382,ok
1536,384,4,grid,bf16,108.7500,15.2792,93.4708,5753,ok
257,128,256,grid,bf16,107.2000,13.7083,93.4917,1277,ok
16,64,192,grid,bf16,104.9600,12.4093,92.5507,795,ok
1,2,8,grid,bf16,107.5800,12.4138,95.1661,382,ok
2,32,768,grid,bf16,104.5100,12.9703,91.5397,2303,ok
1024,8,256,grid,bf16,107.1100,14.1510,92.9591,2811,ok
8,4104,64,wide_output,bf16,106.8100,13.9581,92.8519,12869,ok
8,8,520,deepK,bf16,105.9501,13.4613,92.4888,1949,ok
512,128,8,grid,bf16,105.1200,13.4480,91.6720,893,ok
324,3,44,random,bf16,104.0200,13.5674,90.4526,705,ok
64,127,192,grid,bf16,109.3510,13.8205,95.5305,891,ok
2048,512,768,grid,bf16,115.7200,21.1402,94.5798,58319,ok
1536,257,384,grid,bf16,106.7000,15.0786,91.6214,17261,ok
64,129,8,grid,bf16,107.3300,14.3431,92.9869,891,ok
256,1,64,grid,bf16,105.8400,13.5536,92.2865,637,ok
2,129,192,grid,bf16,107.5200,13.5845,93.9354,1535,ok
64,257,96,grid,bf16,108.2000,13.2171,94.9829,1337,ok
1,4097,64,wide_output,bf16,109.7200,15.0976,94.6224,12638,ok
127,4096,768,grid,bf16,110.6300,17.8941,92.7359,97727,ok
256,8192,256,fat,bf16,113.8500,19.7908,94.0592,81663,ok
192,192,1536,grid,bf16,108.2700,15.4016,92.8685,13775,ok
3677,852,2,random,bf16,115.3400,21.2394,94.1006,28412,ok
328,7,2,random,bf16,106.7500,12.9127,93.8373,709,ok
127,16,384,grid,bf16,103.9000,13.4006,90.4994,1526,ok
53,692,375,random,bf16,107.7200,13.7916,93.9284,7829,ok
1536,96,96,grid,bf16,107.6500,14.5886,93.0614,1917,ok
3,472,111,random,bf16,107.2500,13.2294,94.0206,1539,ok
32,512,2048,grid,bf16,105.7800,14.0165,91.7635,26495,ok
384,4,8,grid,bf16,104.4100,13.1802,91.2298,765,ok
23,12,128,random,bf16,105.8490,13.9494,91.8996,404,ok
2048,4,8,grid,bf16,108.4400,14.0730,94.3670,2429,ok
8192,128,128,tall,bf16,110.8000,14.8367,95.9634,8573,ok
2048,32,127,grid,bf16,105.5900,13.4528,92.1372,2429,ok
96,4,16,grid,bf16,107.1600,13.5718,93.5882,477,ok
8288,16,16,tall,bf16,105.8290,13.5345,92.2945,8669,ok
4097,64,64,tall,bf16,108.3500,13.8214,94.5286,4478,ok
2049,128,128,tall,bf16,109.0400,14.3437,94.6963,2430,ok
4096,1536,4096,grid,bf16,305.0690,210.3010,94.7680,1719551,ok
96,16,16,grid,bf16,107.6200,14.6062,93.0138,477,ok
4,3,94,random,bf16,105.3200,13.2046,92.1154,385,ok
2655,2491,69,random,bf16,123.5300,27.9856,95.5444,60739,ok
53,73,14,random,bf16,105.2500,13.4295,91.8205,434,ok
8200,8,8,tall,bf16,107.3900,14.2963,93.0937,8581,ok
768,32,32,grid,bf16,106.1300,13.1013,93.0287,1149,ok
768,257,2,grid,bf16,106.3800,14.1255,92.2545,3449,ok
9,21,300,random,bf16,115.6700,13.0094,102.6606,1172,ok
8,1086,4,random,bf16,104.8100,14.4807,90.3293,3509,ok
1,2144,128,gemv_wideN,bf16,107.2700,15.1747,92.0953,6510,ok
384,64,2,grid,bf16,106.0200,13.2397,92.7804,765,ok
8,192,256,grid,bf16,106.0200,12.9826,93.0374,1559,ok
967,255,154,random,bf16,106.9200,15.5014,91.4186,5395,ok
64,1,127,grid,bf16,103.3700,13.9439,89.4261,445,ok
4038,40,34,random,bf16,108.2900,14.6010,93.6890,4419,ok
1536,128,256,grid,bf16,108.9200,14.8568,94.0632,3835,ok
128,127,256,grid,bf16,106.9200,14.4470,92.4730,1019,ok
32,16,4,grid,bf16,105.1700,13.1834,91.9866,413,ok
384,8,1024,grid,bf16,106.7800,14.9690,91.8110,6127,ok
2048,1,1536,grid,bf16,115.8700,26.0586,89.8114,29159,ok
256,1025,64,wide_output,bf16,108.6500,13.9425,94.7074,5741,ok
256,257,16,grid,bf16,106.1500,14.0404,92.1096,1913,ok
8,383,64,wide_output,bf16,106.0400,12.7674,93.2726,1169,ok
1536,64,16,grid,bf16,104.9800,17.1941,87.7859,1917,ok
32,2,96,grid,bf16,106.8800,12.0511,94.8289,413,ok
1,545,128,gemv_wideN,bf16,105.1900,17.3250,87.8650,1914,ok
677,1891,217,random,bf16,114.1300,18.2574,95.8726,31769,ok
131,50,56,random,bf16,107.3800,14.1476,93.2324,512,ok
128,128,1120,deepK,bf16,108.0000,14.1492,93.8508,4589,ok
18,7179,2,random,bf16,107.3800,15.0500,92.3301,22799,ok
85,1476,5140,random,bf16,115.5400,21.2737,94.2663,229763,ok
192,2048,1,grid,bf16,107.9600,16.9106,91.0494,9183,ok
4640,1921,15,random,bf16,124.2000,33.4184,90.7816,80351,ok
256,2,64,grid,bf16,105.1300,13.0101,92.1198,637,ok
517,4814,38,random,bf16,112.5700,22.2610,90.3090,34161,ok
2048,1,16,grid,bf16,107.9400,12.5658,95.3742,2429,ok
768,128,64,grid,bf16,106.3300,14.8456,91.4844,1149,ok
128,545,64,wide_output,bf16,106.6000,14.2906,92.3094,2549,ok
2,96,127,grid,bf16,107.5900,12.2846,95.3054,383,ok
1,256,8,gemv_wideN,bf16,107.2290,15.1040,92.1250,765,ok
128,639,64,wide_output,bf16,107.8800,13.5204,94.3596,2549,ok
93,4497,22,random,bf16,106.7100,15.7742,90.9359,17099,ok
96,192,129,grid,bf16,108.5800,13.9068,94.6732,1911,ok
2048,129,4,grid,bf16,107.1000,13.4336,93.6664,4859,ok
1536,256,4,grid,bf16,107.8600,14.5905,93.2695,3835,ok
1536,96,4,grid,bf16,107.7901,14.2209,93.5691,1917,ok
70,1,3610,random,bf16,107.4500,15.6389,91.8111,13107,ok
1024,2,127,grid,bf16,106.0700,12.7842,93.2858,1405,ok
32,257,1024,grid,bf16,106.4600,14.1733,92.2867,9935,ok
256,4104,256,fat,bf16,108.8600,16.3705,92.4896,42107,ok
653,4255,150,random,bf16,115.9900,21.2732,94.7168,70379,ok
3641,123,461,random,bf16,109.2400,17.0993,92.1407,16091,ok
127,192,1024,grid,bf16,107.6000,15.6984,91.9016,8143,ok
8,16,192,grid,bf16,106.1400,14.7134,91.4266,779,ok
257,384,2048,grid,bf16,107.7400,17.5245,90.2155,30671,ok
2,127,96,grid,bf16,103.9900,12.8635,91.1265,383,ok
8,8,1025,deepK,bf16,106.0110,12.9954,93.0155,3509,ok
2,384,4,grid,bf16,105.8600,14.1430,91.7170,1151,ok
96,16,1,grid,bf16,102.3100,11.8531,90.4570,477,ok
1511,5,8149,random,bf16,111.8200,20.1263,91.6937,121151,ok
7431,94,912,random,bf16,111.6200,20.9291,90.6909,62503,ok
32,384,129,grid,bf16,105.3700,14.6230,90.7470,2483,ok
534,31,206,random,bf16,107.1600,14.0679,93.0921,1831,ok
384,512,2,grid,bf16,106.4900,13.8209,92.6691,3063,ok
384,512,4,grid,bf16,107.9100,14.9399,92.9701,3063,ok
1,1,1084,random,bf16,106.2600,16.4897,89.7704,3446,ok
127,96,2,grid,bf16,110.2600,14.5569,95.7031,508,ok
1057,128,128,tall,bf16,106.1100,13.8712,92.2388,1438,ok
3,3131,69,random,bf16,106.2000,13.5548,92.6452,9624,ok
2,1310,11,random,bf16,105.5000,13.0167,92.4833,4223,ok
1114,840,5,random,bf16,108.1090,15.6190,92.4899,10471,ok
64,768,129,grid,bf16,106.1300,14.1530,91.9770,5351,ok
1,4097,256,gemv_wideN,bf16,110.0800,20.8246,89.2554,25277,ok
1,8319,256,gemv_wideN,bf16,110.7200,20.9182,89.8018,49789,ok
384,4096,127,grid,bf16,111.0900,16.9516,94.1383,24511,ok
1024,8,4096,grid,bf16,106.7600,14.4751,92.2849,44991,ok
1,166,2,random,bf16,107.4800,14.4340,93.0460,765,ok
75,18,714,random,bf16,104.5000,14.7286,89.7714,2741,ok
1,2056,8,gemv_wideN,bf16,107.4600,13.5232,93.9368,6510,ok
1120,128,128,tall,bf16,109.3300,15.5145,93.8154,1501,ok
127,127,128,grid,bf16,106.8900,13.0235,93.8666,508,ok
2056,8,8,tall,bf16,106.4300,12.5199,93.9101,2437,ok
1536,384,127,grid,bf16,110.2800,15.1383,95.1417,5753,ok
257,257,384,grid,bf16,106.2300,13.5468,92.6832,5750,ok
384,1,8,grid,bf16,107.7400,14.7222,93.0178,765,ok
38,800,112,random,bf16,109.6090,13.6538,95.9552,2939,ok
8,8,1151,deepK,bf16,108.0499,14.2859,93.7640,3509,ok
128,128,1025,deepK,bf16,107.8100,14.6619,93.1481,4589,ok
384,127,384,grid,bf16,106.9000,13.9387,92.9613,2297,ok
256,129,384,grid,bf16,107.0000,13.6493,93.3507,3827,ok
432,4,436,random,bf16,109.3800,16.5755,92.8045,3255,ok
384,1,16,grid,bf16,104.2800,14.1300,90.1500,765,ok
8,256,8,grid,bf16,104.3100,12.9362,91.3739,779,ok
64,128,1536,grid,bf16,106.5400,15.2470,91.2930,5351,ok
655,36,1690,random,bf16,105.9900,14.9340,91.0560,14517,ok
768,256,64,grid,bf16,107.2400,15.6690,91.5710,2299,ok
8192,16,16,tall,bf16,105.6710,15.2202,90.4508,8573,ok
4096,257,128,grid,bf16,110.3600,16.1826,94.1774,13433,ok
256,129,256,grid,bf16,104.8800,14.6200,90.2600,2551,ok
257,127,4,grid,bf16,107.0100,14.0751,92.9349,638,ok
512,1536,64,grid,bf16,107.5500,16.2062,91.3438,10727,ok
1024,768,128,grid,bf16,108.1500,15.4606,92.6894,8435,ok
768,257,32,grid,bf16,105.9000,12.7849,93.1151,3449,ok
64,32,64,grid,bf16,105.4100,13.5884,91.8216,445,ok
16,16,512,grid,bf16,105.3400,13.4375,91.9025,1591,ok
129,64,64,grid,bf16,104.4500,13.0951,91.3549,510,ok
295,5206,22,random,bf16,110.8800,18.2582,92.6218,27756,ok
192,256,4,grid,bf16,105.4500,12.3803,93.0697,1147,ok
384,512,257,grid,bf16,106.1900,15.6815,90.5085,9191,ok
6523,53,106,random,bf16,105.1900,13.8568,91.3333,6904,ok
34,28,14,random,bf16,106.0200,14.1372,91.8828,415,ok
1536,16,4096,grid,bf16,107.9500,16.7711,91.1789,61375,ok
1,1,768,grid,bf16,107.0400,14.7347,92.3052,2297,ok
1536,32,128,grid,bf16,106.1400,15.8463,90.2937,1917,ok
2446,2905,4871,random,bf16,384.6500,289.4824,95.1676,2536715,ok
64,1024,257,grid,bf16,105.6000,13.1710,92.4290,10703,ok
4096,64,129,grid,bf16,105.8800,16.6999,89.1802,8955,ok
16,16,352,deepK,bf16,105.6400,15.6197,90.0203,1193,ok
512,96,1536,grid,bf16,108.5600,14.2421,94.3178,10727,ok
1,128,2048,grid,bf16,107.3600,16.7651,90.5949,6127,ok
16,4096,16,fat,bf16,104.9890,14.1199,90.8691,12735,ok
1530,3947,329,random,bf16,126.8300,36.2020,90.6280,177815,ok
384,128,384,grid,bf16,106.3400,12.8674,93.4726,2297,ok
1,309,2,random,bf16,104.4199,15.9165,88.5034,1148,ok
576,128,128,tall,bf16,105.0800,13.7800,91.3000,957,ok
128,64,256,grid,bf16,106.6600,12.5874,94.0726,1019,ok
8,127,1024,grid,bf16,107.5490,13.7119,93.8371,3119,ok
1536,129,16,grid,bf16,107.4000,14.7544,92.6456,3835,ok
127,2,192,grid,bf16,105.2690,12.5185,92.7506,1017,ok
192,384,64,grid,bf16,106.1300,13.5901,92.5399,1721,ok
129,2048,4,grid,bf16,107.6500,13.3832,94.2668,8175,ok
384,4096,768,grid,bf16,117.0911,25.1892,91.9019,147071,ok
80,292,2028,random,bf16,107.8290,16.0171,91.8119,22175,ok
1536,1,2048,grid,bf16,114.3000,21.2000,93.1000,30687,ok
384,128,96,grid,bf16,107.2400,13.5212,93.7188,765,ok
4,2048,2048,grid,bf16,107.9290,16.7249,91.2041,98815,ok
8,256,2048,grid,bf16,105.7000,12.9611,92.7390,12479,ok
257,96,2048,grid,bf16,108.4400,15.9731,92.4669,10223,ok
128,512,128,grid,bf16,107.5600,14.1049,93.4551,2039,ok
16,264,16,fat,bf16,107.2500,12.1034,95.1466,1193,ok
192,256,129,grid,bf16,107.6700,13.8672,93.8027,2295,ok
7,103,99,random,bf16,105.0300,12.1532,92.8768,388,ok
4096,1,1,grid,bf16,103.1300,13.3402,89.7898,4477,ok
32,256,512,grid,bf16,105.5400,14.0912,91.4488,3311,ok
281,13,1,random,bf16,104.7800,13.0662,91.7138,662,ok
1,257,127,grid,bf16,104.7300,13.0068,91.7232,1148,ok
2,512,257,grid,bf16,106.6700,12.9325,93.7375,4607,ok
22,5670,3,random,bf16,106.7900,13.2616,93.5284,18179,ok
2,1,129,grid,bf16,107.1000,14.0820,93.0180,767,ok
8,2144,64,wide_output,bf16,106.7200,13.1465,93.5736,6629,ok
1536,1,384,grid,bf16,107.9100,15.8883,92.0217,5753,ok
2809,8,347,random,bf16,104.6200,14.0894,90.5306,9572,ok
127,1,4,grid,bf16,106.1800,12.3714,93.8086,508,ok
10,425,16,random,bf16,105.0600,12.9690,92.0910,1567,ok
289,16,16,tall,bf16,105.5400,12.9403,92.5997,670,ok
701,8,874,random,bf16,103.9800,14.4854,89.4947,7580,ok
96,96,128,grid,bf16,108.0900,12.2320,95.8580,477,ok
32,384,2,grid,bf16,104.0200,14.3481,89.6719,1241,ok
1,740,6391,random,bf16,119.6200,25.5408,94.0792,114899,ok
128,8193,128,fat,bf16,110.1200,16.1362,93.9838,33149,ok
256,1120,256,fat,bf16,106.8100,16.0852,90.7247,11483,ok
129,4096,4096,grid,bf16,127.5600,32.1889,95.3710,523263,ok
2,129,1024,grid,bf16,107.0400,12.0240,95.0160,6143,ok
1024,127,4096,grid,bf16,110.5200,18.9862,91.5338,44991,ok
4096,2048,96,grid,bf16,125.0490,32.0910,92.9581,71647,ok
16,513,64,wide_output,bf16,110.0000,13.0442,96.9558,1989,ok
768,257,768,grid,bf16,110.6800,14.9762,95.7038,20699,ok
1,576,8,gemv_wideN,bf16,105.9300,14.7467,91.1834,1914,ok
16,1024,1024,grid,bf16,105.6600,14.6688,90.9912,25471,ok
16,32,8,grid,bf16,105.7300,12.5727,93.1573,397,ok
2,16,768,grid,bf16,108.0300,13.1918,94.8382,2303,ok
128,2048,16,grid,bf16,109.6300,15.2196,94.4104,8159,ok
3,188,4,random,bf16,106.5800,12.7333,93.8466,769,ok
1024,384,129,grid,bf16,107.0800,14.3833,92.6967,8435,ok
512,512,96,grid,bf16,107.7100,14.1812,93.5288,3575,ok
4,512,16,grid,bf16,106.2200,15.0981,91.1219,1543,ok
1,2048,1024,grid,bf16,113.7000,19.5501,94.1499,49023,ok
3,1,16,random,bf16,103.7900,13.9496,89.8403,384,ok
1,4,6960,random,bf16,104.9700,14.9055,90.0645,21064,ok
4,4,192,grid,bf16,103.9290,14.2484,89.6806,771,ok
4,128,1536,grid,bf16,106.9800,13.4137,93.5663,4631,ok
512,16,96,grid,bf16,102.8600,15.4253,87.4348,893,ok
256,1025,256,fat,bf16,105.4700,13.7263,91.7437,11483,ok
129,96,2,grid,bf16,105.9400,13.5287,92.4113,510,ok
64,512,192,grid,bf16,103.5200,16.0857,87.4343,3567,ok
35,940,12,random,bf16,106.2000,13.0685,93.1315,3335,ok
8200,128,128,tall,bf16,107.2100,16.3967,90.8133,8581,ok
4096,127,2048,grid,bf16,115.0600,23.3978,91.6622,71647,ok
768,2048,8,grid,bf16,110.0890,18.7810,91.3080,18399,ok
768,512,768,grid,bf16,109.3400,17.2304,92.1096,27599,ok
4,129,16,grid,bf16,105.3900,13.1647,92.2253,771,ok
2,4,64,grid,bf16,103.5910,13.0901,90.5009,383,ok
1,513,16,gemv_wideN,bf16,105.3110,13.7490,91.5621,1914,ok
8,2144,8,fat,bf16,106.2100,12.8118,93.3982,6629,ok
2,129,128,grid,bf16,107.3100,12.6336,94.6764,767,ok
3,76,325,random,bf16,105.4300,14.1577,91.2723,1154,ok
192,1536,16,grid,bf16,107.7200,15.6313,92.0886,6887,ok
2,2048,512,grid,bf16,107.3200,16.9733,90.3467,24575,ok
7,332,1751,random,bf16,104.5700,13.6095,90.9605,16337,ok
16,32,4,grid,bf16,106.1500,12.8645,93.2855,397,ok
512,257,2048,grid,bf16,107.8100,16.0235,91.7866,42911,ok
96,4096,4,grid,bf16,106.0900,13.8901,92.1999,15295,ok
8193,1,1,tall,bf16,103.8600,12.0428,91.8171,8574,ok
4,16,1024,grid,bf16,106.2000,13.1354,93.0646,3087,ok
256,192,256,grid,bf16,105.8100,15.5180,90.2920,2551,ok
2048,8,127,grid,bf16,105.4700,13.6265,91.8435,2429,ok
512,127,32,grid,bf16,105.6400,12.5801,93.0599,893,ok
129,8,1,grid,bf16,103.4900,10.8518,92.6381,510,ok
5,4,684,random,bf16,102.1300,10.1350,91.9950,2321,ok
148,152,2,random,bf16,104.2600,12.1348,92.1252,1059,ok
256,1024,1024,grid,bf16,105.3100,12.4046,92.9054,40831,ok
64,32,129,grid,bf16,105.3800,9.7664,95.6136,891,ok
129,96,512,grid,bf16,104.9700,10.8940,94.0760,2043,ok
128,128,8192,deepK,bf16,106.0400,14.6331,91.4069,32639,ok
8,8,1057,deepK,bf16,102.1600,11.9113,90.2487,3509,ok
8,768,1536,grid,bf16,102.5500,10.8543,91.6957,28079,ok
1,8192,8,gemv_wideN,bf16,103.3400,11.7950,91.5450,24511,ok
4096,1024,8,grid,bf16,113.4100,19.8807,93.5293,35823,ok
2,1536,8,grid,bf16,108.2100,9.5304,98.6796,4607,ok
8,1,512,grid,bf16,100.9800,11.5066,89.4734,1559,ok
1024,768,384,grid,bf16,106.0500,14.2948,91.7552,25307,ok
7112,983,12,random,bf16,117.0200,23.6573,93.3627,59951,ok
384,64,16,grid,bf16,102.8400,11.6382,91.2018,765,ok
3,768,25,random,bf16,103.6200,10.5246,93.0954,2309,ok
2048,96,1024,grid,bf16,104.0400,15.8118,88.2282,19439,ok
128,8,64,grid,bf16,102.8000,9.7694,93.0306,509,ok
96,4096,2,grid,bf16,104.7300,11.0831,93.6468,15295,ok
16,16,64,grid,bf16,102.3100,9.3688,92.9412,397,ok
1536,1,1,grid,bf16,99.8100,10.4949,89.3151,1917,ok
1,8319,8,gemv_wideN,bf16,100.8800,11.7275,89.1525,24894,ok
1,512,64,wide_output,bf16,101.9900,11.1756,90.8144,1531,ok
129,127,4,grid,bf16,104.4000,9.8925,94.5075,510,ok
1120,256,256,tall,bf16,102.8400,12.6523,90.1877,6007,ok
64,64,2112,deepK,bf16,102.0600,12.0557,90.0043,7581,ok
2048,64,32,grid,bf16,104.7490,10.6783,94.0707,2429,ok
16,2048,768,grid,bf16,104.5300,11.1977,93.3323,38207,ok
32,8,4096,grid,bf16,102.9100,10.4327,92.4773,13247,ok
32,8,2048,grid,bf16,101.8500,10.2064,91.6436,6623,ok
32,4,128,grid,bf16,102.1800,11.3072,90.8728,413,ok
4,64,2,grid,bf16,102.4000,9.7863,92.6137,385,ok
1024,768,64,grid,bf16,105.7200,13.2199,92.5001,8435,ok
129,1,1536,grid,bf16,104.7100,14.0687,90.6413,6131,ok
32,129,96,grid,bf16,102.5300,10.1363,92.3937,827,ok
9,1973,1451,random,bf16,103.9600,10.9674,92.9926,75071,ok
1,362,1,random,bf16,102.6100,9.6146,92.9954,1148,ok
64,32,1024,grid,bf16,101.9400,8.9856,92.9544,3567,ok
1536,129,257,grid,bf16,103.0000,10.8629,92.1371,11507,ok
384,384,1024,grid,bf16,104.5400,14.1358,90.4042,18383,ok
1856,2,3767,random,bf16,104.3800,14.2310,90.1490,67139,ok
383,8,8,tall,bf16,101.8000,9.0171,92.7828,764,ok
64,384,1536,grid,bf16,105.6800,12.0983,93.5816,16055,ok
128,2048,4,grid,bf16,109.0200,11.0375,97.9825,8159,ok
128,384,127,grid,bf16,103.9910,12.7927,91.1983,1529,ok
32,4096,127,grid,bf16,102.4600,9.1862,93.2738,13247,ok
2048,4,96,grid,bf16,102.2700,9.6732,92.5968,2429,ok
1,1024,64,wide_output,bf16,100.9500,10.7231,90.2269,3063,ok
384,16,4,grid,bf16,101.8600,9.4781,92.3819,765,ok
2048,1024,256,grid,bf16,109.7710,15.8488,93.9222,38879,ok
257,1536,128,grid,bf16,104.2600,9.9823,94.2777,7667,ok
2,4520,900,random,bf16,104.8510,12.2656,92.5854,110591,ok
512,4,192,grid,bf16,102.9800,9.0551,93.9249,1787,ok
158,1,3,random,bf16,101.8800,11.3840,90.4959,539,ok
7,736,1563,random,bf16,103.1100,10.0909,93.0191,30341,ok
512,384,2048,grid,bf16,110.7100,22.3162,88.3938,42911,ok
20,312,34,random,bf16,103.7500,9.2531,94.4969,1205,ok
8,2,129,grid,bf16,101.2800,9.8107,91.4693,779,ok
2,4096,1024,grid,bf16,104.3000,11.3994,92.9006,98303,ok
384,1536,32,grid,bf16,105.6000,11.2882,94.3118,9191,ok
1840,896,1,random,bf16,109.3899,17.0021,92.3878,15553,ok
8,512,512,grid,bf16,102.9400,10.3363,92.6037,6239,ok
129,1024,129,grid,bf16,103.9800,9.7977,94.1823,8175,ok
256,1024,16,grid,bf16,105.1900,9.7705,95.4196,5103,ok
64,1024,2048,grid,bf16,105.5800,11.4788,94.1012,57087,ok
1536,16,1536,grid,bf16,104.0800,10.9501,93.1299,23015,ok
128,128,4096,grid,bf16,106.0900,12.6587,93.4314,16319,ok
106,240,7,random,bf16,103.0900,9.7517,93.3383,975,ok
2,1536,127,grid,bf16,103.5600,9.3430,94.2171,4607,ok
828,58,12,random,bf16,102.5300,11.1450,91.3850,1209,ok
1,192,127,grid,bf16,102.9000,10.2704,92.6296,765,ok
384,4,96,grid,bf16,101.9900,9.7541,92.2359,765,ok
192,257,512,grid,bf16,104.2700,10.8149,93.4551,6887,ok
192,129,64,grid,bf16,101.9710,9.8664,92.1045,1147,ok
2175,256,256,tall,bf16,103.4500,11.9920,91.4580,10227,ok
129,16,8,grid,bf16,101.6600,9.1656,92.4944,510,ok
384,512,96,grid,bf16,103.5900,10.6977,92.8923,3063,ok
1536,257,1,grid,bf16,105.3100,12.9561,92.3539,5753,ok
2379,275,5676,random,bf16,139.3500,44.5495,94.8005,372734,ok
16,768,1024,grid,bf16,103.3700,10.1732,93.1968,19103,ok
6,181,317,random,bf16,103.0800,12.0075,91.0725,2327,ok
54,587,451,random,bf16,102.5700,10.2705,92.2995,8719,ok
3,247,1111,random,bf16,105.8000,10.6533,95.1467,6929,ok
7,32,96,random,bf16,103.9310,8.6804,95.2506,388,ok
64,128,129,grid,bf16,103.6300,9.6765,93.9534,891,ok
6,3,131,random,bf16,102.0200,8.7853,93.2346,775,ok
816,566,72,random,bf16,105.9000,12.0149,93.8851,5989,ok
96,16,32,grid,bf16,102.4400,9.3005,93.1395,477,ok
32,2,2,grid,bf16,101.5090,8.3280,93.1811,413,ok
384,4,192,grid,bf16,103.3100,10.8595,92.4505,1531,ok
1,545,64,wide_output,bf16,101.7910,10.5738,91.2172,1914,ok
2,192,1536,grid,bf16,103.5000,9.8328,93.6672,9215,ok
1211,1223,2,random,bf16,108.4700,14.6817,93.7883,15929,ok
256,2056,64,wide_output,bf16,103.0900,11.4712,91.6188,10845,ok
127,16,128,grid,bf16,103.1900,10.3521,92.8378,508,ok
2,768,2,grid,bf16,101.4400,10.1715,91.2685,2303,ok
256,64,256,grid,bf16,103.0500,8.8293,94.2207,1275,ok
96,96,4096,grid,bf16,104.8510,10.4376,94.4134,15295,ok
127,32,2,grid,bf16,103.1300,9.9262,93.2038,508,ok
64,16,257,grid,bf16,103.4800,9.8603,93.6197,1337,ok
2048,768,129,grid,bf16,108.9800,15.2826,93.6974,29159,ok
257,128,16,grid,bf16,104.7900,12.8647,91.9253,638,ok
257,4,1024,grid,bf16,102.1100,9.3428,92.7671,5111,ok
32,2048,2048,grid,bf16,105.9500,12.6563,93.2937,105983,ok
1536,257,1024,grid,bf16,108.9900,13.6363,95.3537,46031,ok
2081,64,64,tall,bf16,105.0400,12.7076,92.3324,2462,ok
256,127,256,grid,bf16,103.2200,8.9317,94.2883,1275,ok
128,128,8256,deepK,bf16,106.7400,12.3933,94.3467,33149,ok
14,74,9,random,bf16,103.8800,9.7110,94.1690,395,ok
404,419,4595,random,bf16,112.6000,19.6042,92.9958,113183,ok
4,16,256,grid,bf16,103.8200,10.0858,93.7342,771,ok
16,512,16,fat,bf16,102.7600,9.2935,93.4665,1591,ok
409,994,439,random,bf16,106.3900,11.4825,94.9075,25311,ok
1,1024,4,grid,bf16,102.1690,11.2126,90.9564,3063,ok
1539,130,5914,random,bf16,119.5700,24.4813,95.0887,180573,ok
257,2048,768,grid,bf16,109.8400,14.3400,95.5000,61343,ok
512,127,1,grid,bf16,102.3200,11.8590,90.4609,893,ok
8,8,96,grid,bf16,103.5700,9.1707,94.3993,389,ok
16,1032,16,fat,bf16,103.2290,9.4209,93.8081,3581,ok
69,2,27,random,bf16,103.1300,8.4712,94.6588,450,ok
62,4,20,random,bf16,104.2700,8.9794,95.2906,443,ok
1090,208,4,random,bf16,105.5400,11.5462,93.9939,2943,ok
257,1024,129,grid,bf16,107.9500,11.8608,96.0892,10223,ok
7624,382,652,random,bf16,124.8800,29.4245,95.4555,144107,ok
32,512,384,grid,bf16,103.7600,10.0795,93.6805,4967,ok
257,8,192,grid,bf16,104.7600,10.2880,94.4720,1277,ok
1,1151,1,fat,bf16,101.5310,8.7712,92.7598,3446,ok
16,1,257,grid,bf16,100.6600,11.3872,89.2729,1193,ok
1,2112,1,fat,bf16,105.2700,9.3531,95.9169,6510,ok
256,64,16,grid,bf16,104.7800,9.2412,95.5388,637,ok
192,256,64,grid,bf16,103.9800,10.5451,93.4349,1147,ok
3879,18,89,random,bf16,103.4200,9.7851,93.6349,4260,ok
127,768,257,grid,bf16,103.5000,11.7871,91.7128,9161,ok
110,215,35,random,bf16,102.2900,9.6238,92.6662,983,ok
1071,3,1063,random,bf16,106.1890,9.5887,96.6003,13076,ok
384,2048,1,grid,bf16,107.0100,13.8254,93.1846,12255,ok
2,384,192,grid,bf16,102.7500,9.9207,92.8292,2303,ok
2,512,96,grid,bf16,102.1200,8.3518,93.7682,1535,ok
512,192,127,grid,bf16,106.5500,9.4043,97.1457,1787,ok
8,129,32,grid,bf16,103.7600,9.2443,94.5157,779,ok
32,4,512,grid,bf16,102.5900,7.9228,94.6672,1655,ok
127,127,4,grid,bf16,102.8400,8.3633,94.4766,508,ok
384,192,2,grid,bf16,104.9900,9.9499,95.0401,1531,ok
11,19,3019,random,bf16,101.7900,10.4112,91.3789,9431,ok
129,1024,128,grid,bf16,102.5200,10.3825,92.1376,4087,ok
9,729,3,random,bf16,102.2690,8.4903,93.7786,2345,ok
64,64,257,deepK,bf16,103.8290,11.8626,91.9664,1337,ok
576,1,1,tall,bf16,102.3300,9.4420,92.8880,957,ok
6,348,318,random,bf16,104.4500,8.9258,95.5242,3491,ok
1,4104,16,gemv_wideN,bf16,102.5200,9.5470,92.9730,12638,ok
127,1,32,grid,bf16,99.0200,10.2991,88.7209,508,ok
2144,16,16,tall,bf16,101.8300,11.3337,90.4963,2525,ok
64,64,2048,deepK,bf16,105.1890,9.9367,95.2523,7135,ok
4096,4096,64,grid,bf16,136.9890,43.0645,93.9245,143295,ok
111,27,2387,random,bf16,108.9800,9.9811,98.9989,9366,ok
129,4,768,grid,bf16,102.8600,9.2081,93.6519,3065,ok
128,4096,96,grid,bf16,105.4500,10.6021,94.8479,16319,ok
1,1,4160,deepK,bf16,102.5400,13.1770,89.3629,12638,ok
128,512,4,grid,bf16,102.9600,9.8678,93.0921,2039,ok
2,6806,7953,random,bf16,132.7110,40.1970,92.5139,1306367,ok
695,7867,1239,random,bf16,161.5500,68.0980,93.4520,667739,ok
4,1536,129,grid,bf16,102.7100,8.8252,93.8848,9263,ok
2048,129,2,grid,bf16,103.9900,12.3763,91.6137,4859,ok
162,1,4372,random,bf16,104.5300,15.4153,89.1147,19039,ok
1,128,2,grid,bf16,101.1500,9.5787,91.5713,382,ok
1,608,128,gemv_wideN,bf16,101.5110,10.4723,91.0387,1914,ok
5,5088,178,random,bf16,103.0900,9.0171,94.0728,30959,ok
4096,1,384,grid,bf16,107.8200,14.9394,92.8806,13433,ok
4,768,8,grid,bf16,101.4301,9.9450,91.4851,2315,ok
11,75,1412,random,bf16,105.8200,12.3221,93.4979,4715,ok
128,1,768,grid,bf16,103.9300,11.1468,92.7832,3059,ok
1,1,4192,deepK,bf16,107.0090,12.7525,94.2566,12638,ok
129,128,384,grid,bf16,104.0090,11.9100,92.0990,1532,ok
2048,192,16,grid,bf16,103.1100,15.0988,88.0112,4859,ok
192,1,768,grid,bf16,103.8300,11.1039,92.7261,3443,ok
5047,4,4,random,bf16,102.9200,12.6354,90.2846,5428,ok
256,96,96,grid,bf16,103.9000,11.4388,92.4612,637,ok
1,256,16,gemv_wideN,bf16,100.6200,11.6014,89.0186,765,ok
16,2175,16,fat,bf16,101.4600,9.5476,91.9124,6765,ok
192,127,257,grid,bf16,103.9600,11.0625,92.8975,1721,ok
2048,16,8,grid,bf16,100.6000,9.5157,91.0843,2429,ok
128,1,32,grid,bf16,98.5001,11.5110,86.9891,509,ok
481,4,152,random,bf16,99.4900,10.3612,89.1288,1725,ok
1,4096,256,grid,bf16,104.8100,13.4470,91.3630,24511,ok
33,2782,1,random,bf16,101.1690,12.6505,88.5185,9129,ok
8,8,192,grid,bf16,100.8200,8.9633,91.8566,779,ok
405,216,1388,random,bf16,104.7800,12.0851,92.6948,17313,ok
127,32,192,grid,bf16,98.5500,11.8700,86.6800,1017,ok
2,5,14,random,bf16,100.4200,9.2912,91.1289,383,ok
675,822,3398,random,bf16,119.0090,27.7828,91.2262,199772,ok
64,257,64,fat,bf16,100.1800,10.2168,89.9632,1337,ok
1021,6,333,random,bf16,101.2000,11.6775,89.5225,4208,ok
512,768,32,grid,bf16,100.8600,11.3202,89.5398,5363,ok
16,127,768,grid,bf16,100.3600,9.4180,90.9421,2387,ok
16,1536,384,grid,bf16,101.2800,8.5949,92.6851,14327,ok
129,4,192,grid,bf16,99.5000,11.9806,87.5194,1021,ok
3,1548,11,random,bf16,98.7200,9.7493,88.9708,5004,ok
4,128,32,grid,bf16,99.7900,9.9328,89.8573,385,ok
16,32,129,grid,bf16,102.0000,8.9957,93.0042,795,ok
24,402,699,random,bf16,101.4301,9.9730,91.4571,9743,ok
1536,384,2,grid,bf16,102.7500,12.3153,90.4346,5753,ok
1536,8,127,grid,bf16,100.5000,8.1683,92.3317,1917,ok
16,1,129,grid,bf16,98.7400,10.9305,87.8095,795,ok
127,1024,128,grid,bf16,101.9900,11.4525,90.5375,4071,ok
468,11,705,random,bf16,101.7800,9.6875,92.0925,5099,ok
2,32,2,grid,bf16,99.4100,8.7962,90.6138,383,ok
4,791,514,random,bf16,99.8900,9.2233,90.6667,13509,ok
129,96,96,grid,bf16,98.9501,9.2975,89.6526,510,ok
768,384,127,grid,bf16,105.6700,10.8061,94.8639,3449,ok
1,3,232,random,bf16,102.2900,11.5287,90.7613,765,ok
16,16,2048,deepK,bf16,105.9000,12.3483,93.5517,6367,ok
128,1,512,grid,bf16,101.0900,12.0076,89.0824,2039,ok
384,8,129,grid,bf16,99.1710,9.5136,89.6574,1531,ok
8,2048,129,grid,bf16,101.7300,10.4487,91.2813,12479,ok
8,608,8,fat,bf16,100.2200,11.5977,88.6223,1949,ok
1,2048,2048,grid,bf16,109.8700,21.1003,88.7696,98047,ok
16,1024,1,grid,bf16,100.6401,10.4039,90.2362,3183,ok
1,8,96,grid,bf16,97.9600,9.6492,88.3108,382,ok
432,857,5,random,bf16,102.6600,10.8068,91.8532,5697,ok
2,1024,1536,grid,bf16,100.3900,11.8614,88.5286,36863,ok
14,484,6,random,bf16,100.2900,10.8255,89.4645,1583,ok
128,256,1,grid,bf16,101.0600,10.3081,90.7519,1019,ok
384,32,257,grid,bf16,99.5300,11.0538,88.4762,2297,ok
1024,128,128,grid,bf16,102.2900,9.3931,92.8969,1405,ok
128,192,4,grid,bf16,100.0000,11.2412,88.7588,1019,ok
4,1,128,grid,bf16,101.9500,9.7844,92.1656,385,ok
1,4104,128,gemv_wideN,bf16,102.4200,13.9267,88.4933,12638,ok
4,369,6173,random,bf16,103.1290,11.7594,91.3696,56741,ok
256,639,64,wide_output,bf16,101.7600,12.2651,89.4949,3189,ok
1,14,9,random,bf16,101.5200,10.1455,91.3745,382,ok
1536,1024,257,grid,bf16,109.8890,16.8442,93.0448,46031,ok
2,127,129,grid,bf16,103.8700,10.3025,93.5675,767,ok
128,1024,128,grid,bf16,100.0401,11.6605,88.3796,4079,ok
127,96,1536,grid,bf16,100.7690,9.3438,91.4252,6107,ok
6,22,9,random,bf16,100.8600,10.0107,90.8493,387,ok
1499,215,449,random,bf16,103.6290,13.7996,89.8294,15047,ok
4096,32,4,grid,bf16,102.4900,12.6061,89.8839,4477,ok
1024,8,32,grid,bf16,100.0900,8.9583,91.1317,1405,ok
31,127,2,random,bf16,99.5690,9.6199,89.9492,412,ok
768,4,768,grid,bf16,100.8300,9.7429,91.0871,6899,ok
6,1,544,random,bf16,100.9800,13.2689,87.7111,1939,ok
4160,1,1,tall,bf16,99.3800,8.1243,91.2557,4541,ok
16,128,4096,grid,bf16,104.6000,10.5233,94.0767,12735,ok
8,96,4,grid,bf16,100.9300,9.5425,91.3875,389,ok
4,412,24,random,bf16,101.1500,10.0963,91.0537,1543,ok
256,1024,32,grid,bf16,104.3200,13.5165,90.8035,5103,ok
2048,8,8,grid,bf16,100.9300,8.7523,92.1777,2429,ok
96,1024,129,grid,bf16,99.1800,11.0028,88.1771,7647,ok
96,1536,8,grid,bf16,101.7700,11.7056,90.0644,5735,ok
192,4,1536,grid,bf16,100.0600,11.4050,88.6550,6887,ok
512,4096,1,grid,bf16,109.6500,15.8050,93.8450,28607,ok
64,257,1536,grid,bf16,101.2400,10.7451,90.4949,16055,ok
257,256,192,grid,bf16,99.9300,9.9604,89.9696,2555,ok
256,256,513,deepK,bf16,103.6300,10.8406,92.7894,6379,ok
4096,4,64,grid,bf16,100.0800,9.4287,90.6513,4477,ok
6608,5,54,random,bf16,100.2600,10.6650,89.5950,6989,ok
288,13,5,random,bf16,100.1700,9.2638,90.9062,669,ok
768,192,4096,grid,bf16,107.5200,17.3232,90.1968,73599,ok
1,256,129,grid,bf16,100.9200,14.4103,86.5096,1531,ok
195,1,3,random,bf16,102.3800,10.0819,92.2981,576,ok
257,512,257,grid,bf16,102.4500,10.6639,91.7861,7667,ok
289,64,64,tall,bf16,100.3500,10.5852,89.7648,670,ok
1,2081,256,gemv_wideN,bf16,104.0890,13.8425,90.2465,13021,ok
1104,96,1713,random,bf16,104.0000,13.3943,90.6057,20803,ok
512,256,384,grid,bf16,104.1300,9.1700,94.9600,5363,ok
64,127,384,grid,bf16,99.5400,10.0100,89.5300,1337,ok
1024,257,256,grid,bf16,100.3800,11.0332,89.3468,8435,ok
1311,233,899,random,bf16,107.5900,17.0563,90.5337,27087,ok
768,1024,512,grid,bf16,103.6600,14.6681,88.9919,36799,ok
1024,4096,32,grid,bf16,109.6801,20.3739,89.3061,44991,ok
96,1536,256,grid,bf16,100.9200,10.8888,90.0311,11471,ok
7,327,38,random,bf16,99.5400,13.9511,85.5889,1166,ok
8,8,8288,deepK,bf16,104.5800,12.3628,92.2173,25349,ok
6471,165,137,random,bf16,108.2200,15.5964,92.6236,27411,ok
2415,6,14,random,bf16,103.0400,13.3305,89.7095,2796,ok
4,1,4096,grid,bf16,103.3600,15.1024,88.2576,12351,ok
2,1024,8,grid,bf16,100.4100,16.3983,84.0116,3071,ok
57,816,58,random,bf16,105.4500,13.0832,92.3668,3072,ok
96,128,2,grid,bf16,103.3201,11.9391,91.3810,477,ok
1,264,16,gemv_wideN,bf16,107.0600,13.5080,93.5520,1148,ok
25,756,38,random,bf16,103.0700,11.7539,91.3161,2441,ok
128,512,64,grid,bf16,99.5710,15.2538,84.3172,2039,ok
16,1536,2,grid,bf16,102.2300,11.8283,90.4017,4775,ok
16,4096,2,grid,bf16,102.8400,11.4228,91.4172,12735,ok
192,2048,4,grid,bf16,106.0500,13.7027,92.3473,9183,ok
512,127,127,grid,bf16,102.6600,13.0876,89.5724,893,ok
25,3383,913,random,bf16,109.3400,16.2891,93.0509,87911,ok
2048,8,1536,grid,bf16,106.4200,13.5207,92.8992,29159,ok
1685,2518,5465,random,bf16,301.4090,204.7764,96.6326,1777619,ok
32,4,2048,grid,bf16,104.2100,15.1913,89.0187,6623,ok
1536,512,192,grid,bf16,105.7100,15.7445,89.9655,15343,ok
384,2,384,grid,bf16,113.5300,12.9018,100.6282,2297,ok
1,1032,1,fat,bf16,102.6300,12.6044,90.0256,3446,ok
8,4,1536,grid,bf16,107.6000,13.0392,94.5608,4679,ok
3599,204,8,random,bf16,104.7400,14.5935,90.1465,7961,ok
4,2,256,grid,bf16,102.6290,12.8961,89.7329,771,ok
512,32,8,grid,bf16,108.2700,13.1295,95.1405,893,ok
129,1536,512,grid,bf16,105.2800,14.1260,91.1541,24527,ok
256,192,257,grid,bf16,104.5700,12.6772,91.8928,3827,ok
1447,915,6524,random,bf16,181.1100,89.5675,91.5425,746231,ok
8192,64,64,tall,bf16,106.9300,13.9662,92.9638,8573,ok
1,127,127,grid,bf16,101.4000,12.9274,88.4726,382,ok
573,1392,88,random,bf16,106.1200,14.1882,91.9318,10504,ok
8,8,256,deepK,bf16,104.1600,12.9483,91.2117,779,ok
868,80,313,random,bf16,106.5599,11.7605,94.7995,3749,ok
1024,32,4096,grid,bf16,107.0800,14.9051,92.1749,44991,ok
1,8288,256,gemv_wideN,bf16,110.5600,21.5572,89.0027,49789,ok
32,4096,2048,grid,bf16,109.1090,16.9890,92.1199,211967,ok
2,8,4096,grid,bf16,101.9700,12.2484,89.7216,12287,ok
4,192,8,grid,bf16,102.3800,12.2443,90.1357,771,ok
4,1024,8,grid,bf16,104.9300,12.1418,92.7882,3087,ok
256,96,1,grid,bf16,104.7000,12.9783,91.7216,637,ok
4,32,257,grid,bf16,105.1600,11.8317,93.3283,1157,ok
2,2,192,grid,bf16,105.1400,12.4145,92.7254,767,ok
289,1,64,random,bf16,105.2300,11.5182,93.7118,670,ok
16,320,64,wide_output,bf16,106.1800,12.0075,94.1725,1193,ok
129,257,192,grid,bf16,105.5310,12.9756,92.5554,3065,ok
70,4635,2,random,bf16,106.1599,12.1995,93.9604,16723,ok
256,512,64,grid,bf16,105.0400,11.7841,93.2559,2551,ok
264,1,15,random,bf16,104.4400,11.7711,92.6689,645,ok
2,127,16,grid,bf16,107.2300,11.3757,95.8543,383,ok
16,16,2144,deepK,bf16,106.8200,13.6065,93.2135,6765,ok
2,270,1,random,bf16,105.5100,12.6899,92.8201,1151,ok
4096,64,768,grid,bf16,107.5800,14.9609,92.6191,26867,ok
16,129,64,grid,bf16,106.6900,12.7857,93.9043,795,ok
768,129,1536,grid,bf16,110.8110,13.8394,96.9716,27599,ok
512,4,129,grid,bf16,106.5090,12.9242,93.5849,1787,ok
352,256,64,thinK,bf16,105.2600,11.9281,93.3319,1467,ok
553,364,8,random,bf16,104.6601,13.2798,91.3803,2804,ok
1,128,1024,grid,bf16,108.0600,14.6488,93.4111,3063,ok
1,192,96,grid,bf16,105.6800,12.3274,93.3526,765,ok
257,384,4,grid,bf16,107.0999,12.5767,94.5233,1916,ok
1024,256,1,grid,bf16,106.9600,14.4883,92.4717,2811,ok
257,384,257,grid,bf16,106.8500,12.8794,93.9706,5750,ok
4,4,128,grid,bf16,104.7400,12.5947,92.1453,385,ok
64,8192,64,fat,bf16,107.1900,13.7391,93.4509,28543,ok
75,746,1827,random,bf16,106.9400,13.2981,93.6419,41129,ok
8,512,129,grid,bf16,104.1000,11.9349,92.1651,3119,ok
1,2338,473,random,bf16,110.5800,18.1038,92.4762,29107,ok
8,8319,64,wide_output,bf16,106.0200,12.0862,93.9338,25349,ok
8,4096,2,grid,bf16,104.0200,12.4583,91.5617,12479,ok
8,192,512,grid,bf16,109.1900,12.5099,96.6801,3119,ok
256,32,128,grid,bf16,106.7800,13.8682,92.9119,637,ok
512,1,1024,grid,bf16,108.0900,15.0910,92.9990,7151,ok
512,512,1536,grid,bf16,112.9800,20.5520,92.4279,42911,ok
1122,3,322,random,bf16,105.4000,11.6015,93.7984,4511,ok
510,224,234,random,bf16,107.0800,14.0279,93.0521,3567,ok
127,32,129,grid,bf16,104.8900,12.1443,92.7457,1017,ok
1536,2,768,grid,bf16,103.2600,11.6261,91.6339,11507,ok
35,124,3202,random,bf16,105.2290,14.8687,90.3604,10841,ok
256,64,768,grid,bf16,107.2110,12.2713,94.9397,3827,ok
128,127,128,grid,bf16,106.6200,12.4679,94.1521,509,ok
257,1536,4096,grid,bf16,120.9900,27.1151,93.8749,245375,ok
2048,32,16,grid,bf16,105.6900,13.3932,92.2968,2429,ok
1024,4096,256,grid,bf16,117.8200,24.5462,93.2738,89983,ok
9,617,3191,random,bf16,107.5600,14.3365,93.2235,48874,ok
2048,257,2048,grid,bf16,120.0700,23.5731,96.4969,116639,ok
16,192,8,grid,bf16,105.4300,13.3703,92.0598,795,ok
16,1536,16,grid,bf16,108.3500,12.8176,95.5324,4775,ok
2048,8,1024,grid,bf16,108.5300,13.5255,95.0045,19439,ok
192,2048,1024,grid,bf16,111.1500,16.8897,94.2603,73471,ok
8,4223,8,fat,bf16,106.4600,12.1480,94.3120,12869,ok
64,1024,64,grid,bf16,106.0000,11.9200,94.0800,3567,ok
888,6,5577,random,bf16,108.3910,15.0666,93.3244,55879,ok
257,16,768,grid,bf16,105.8700,12.3636,93.5064,3833,ok
4,32,512,grid,bf16,105.1900,12.0369,93.1530,1543,ok
4,2,64,grid,bf16,103.9910,11.8299,92.1611,385,ok
768,4096,1024,grid,bf16,134.1900,39.2205,94.9696,294399,ok
768,32,1,grid,bf16,107.3400,12.8125,94.5275,1149,ok
128,64,2,grid,bf16,105.3000,12.8894,92.4105,509,ok
64,32,4096,grid,bf16,107.9300,13.4132,94.5168,14271,ok
278,5018,78,random,bf16,110.8000,15.6230,95.1771,26399,ok
1536,129,2,grid,bf16,106.1200,13.4726,92.6474,3835,ok
2048,32,192,grid,bf16,106.6890,12.0153,94.6737,4859,ok
1536,4,16,grid,bf16,105.9300,12.0376,93.8924,1917,ok
64,64,1151,deepK,bf16,106.2100,13.6824,92.5276,4013,ok
7377,2917,21,random,bf16,150.9700,58.0581,92.9119,178456,ok
7544,645,5047,random,bf16,326.3100,226.8570,99.4530,1902239,ok
16,1151,16,fat,bf16,105.6300,11.9970,93.6329,3581,ok
64,32,2,grid,bf16,106.5200,11.5194,95.0006,445,ok
192,4096,768,grid,bf16,112.6000,19.0535,93.5466,110207,ok
256,384,1,grid,bf16,107.3100,14.4406,92.8694,1913,ok
1024,2048,96,grid,bf16,110.9600,17.1477,93.8122,22495,ok
1460,82,57,random,bf16,109.4300,13.6101,95.8199,1841,ok
2144,256,256,tall,bf16,106.9900,13.5610,93.4291,10103,ok
192,16,256,grid,bf16,105.4110,11.4167,93.9943,1147,ok
128,192,128,grid,bf16,107.0800,12.9361,94.1439,1019,ok
2582,12,1,random,bf16,106.3300,14.4500,91.8800,2963,ok
96,2,16,grid,bf16,107.4900,12.3865,95.1035,477,ok
1,1,4129,deepK,bf16,106.4500,15.3671,91.0829,12638,ok
256,8,128,grid,bf16,106.8800,11.8035,95.0765,637,ok
1834,115,25,random,bf16,107.8500,13.9201,93.9299,2215,ok
885,3064,60,random,bf16,114.0400,19.4433,94.5967,30407,ok
1536,8,4,grid,bf16,106.0400,12.1260,93.9141,1917,ok
1,2048,1,grid,bf16,104.2300,12.0299,92.2001,6127,ok
256,1536,16,grid,bf16,107.4000,14.7438,92.6562,7655,ok
1,257,1,fat,bf16,101.9900,11.6669,90.3230,1148,ok
6,404,522,random,bf16,104.7900,12.6028,92.1872,7759,ok
512,8,1536,grid,bf16,104.0000,12.1886,91.8115,10727,ok
257,96,192,grid,bf16,104.9900,14.3193,90.6707,1277,ok
7103,179,1,random,bf16,109.4000,20.9417,88.4583,14969,ok
225,1864,5,random,bf16,105.4000,14.2142,91.1859,9104,ok
128,2,96,grid,bf16,104.9000,13.8237,91.0763,509,ok
1151,256,256,tall,bf16,105.2890,14.1996,91.0893,6131,ok
192,128,256,grid,bf16,101.7700,15.2857,86.4842,1147,ok
8,2056,8,fat,bf16,104.5600,12.7703,91.7897,6629,ok
128,257,4,grid,bf16,103.4400,13.7949,89.6451,1529,ok
1024,2,1,grid,bf16,103.2400,13.0249,90.2151,1405,ok
192,32,128,grid,bf16,105.6290,12.9977,92.6313,573,ok
8,608,64,wide_output,bf16,103.6500,12.5742,91.0759,1949,ok
128,128,256,deepK,bf16,104.2100,14.3098,89.9003,1019,ok
8,256,129,grid,bf16,104.6699,13.0561,91.6139,1559,ok
2,64,192,grid,bf16,103.6700,12.6673,91.0027,767,ok
726,953,671,random,bf16,110.9500,19.4649,91.4852,53183,ok
256,512,1024,grid,bf16,106.7000,15.9738,90.7262,20415,ok
4096,768,1,grid,bf16,112.5490,20.5911,91.9579,26867,ok
256,384,129,grid,bf16,106.2700,13.7197,92.5504,3827,ok
394,2045,68,random,bf16,105.4510,14.8320,90.6190,12415,ok
256,16,256,grid,bf16,103.1701,13.2288,89.9412,1275,ok
32,1024,2048,grid,bf16,106.4700,16.1101,90.3599,52991,ok
384,16,257,grid,bf16,104.1800,15.8036,88.3765,2297,ok
2048,192,2048,grid,bf16,111.5700,20.9450,90.6250,77759,ok
32,32,257,grid,bf16,102.9000,13.2444,89.6556,1241,ok
2144,64,64,tall,bf16,106.4400,14.1025,92.3376,2525,ok
37,997,7695,random,bf16,110.3400,16.9018,93.4382,204471,ok
5,198,1,random,bf16,101.9800,12.4343,89.5457,773,ok
17,417,1367,random,bf16,103.5000,12.8932,90.6067,17555,ok
15,48,785,random,bf16,104.0600,13.0354,91.0246,2778,ok
1,320,16,gemv_wideN,bf16,105.0900,14.3988,90.6913,1148,ok
768,2048,128,grid,bf16,108.3510,16.3328,92.0182,18399,ok
2,16,129,grid,bf16,103.1500,12.4217,90.7283,767,ok
8,96,128,grid,bf16,103.9600,12.6004,91.3596,389,ok
8319,64,64,tall,bf16,106.5400,16.2900,90.2500,8700,ok
1,8225,128,gemv_wideN,bf16,109.7600,18.5148,91.2452,24894,ok
2,2048,16,grid,bf16,103.6800,12.0813,91.5987,6143,ok
16,384,384,grid,bf16,104.8400,14.6015,90.2385,3581,ok
1,4192,256,gemv_wideN,bf16,109.7900,19.2557,90.5343,25277,ok
42,20,215,random,bf16,103.9110,12.7236,91.1874,847,ok
1024,96,4,grid,bf16,104.5000,12.2800,92.2200,1405,ok
256,129,16,grid,bf16,104.8400,15.3024,89.5376,1275,ok
2897,1380,4212,random,bf16,250.7500,156.0832,94.6668,1190276,ok
4096,4,16,grid,bf16,104.1300,13.0637,91.0663,4477,ok
64,1024,1,grid,bf16,104.6800,15.6308,89.0492,3567,ok
129,1024,96,grid,bf16,103.5800,12.7117,90.8683,4087,ok
127,4,256,grid,bf16,102.7710,12.3437,90.4273,1017,ok
520,128,128,tall,bf16,103.4200,12.3640,91.0560,901,ok
2,4,512,grid,bf16,102.7100,12.5608,90.1491,1535,ok
256,256,1025,deepK,bf16,106.0000,15.1767,90.8233,11483,ok
23,2611,209,random,bf16,103.3800,14.8937,88.4863,17009,ok
127,192,2,grid,bf16,104.1900,13.2563,90.9337,1017,ok
64,96,512,grid,bf16,103.9900,14.0585,89.9315,1783,ok
1,2081,16,gemv_wideN,bf16,104.4490,14.0109,90.4381,6510,ok
2048,1024,2048,grid,bf16,141.7490,48.0882,93.6608,311039,ok
8,384,128,grid,bf16,102.6700,13.8309,88.8391,1169,ok
96,4096,768,grid,bf16,107.2000,17.1341,90.0659,91775,ok
4160,256,256,tall,bf16,109.9700,16.7443,93.2257,18167,ok
1604,2,3136,random,bf16,107.3400,16.5549,90.7851,49649,ok
384,16,4096,grid,bf16,105.5300,13.5323,91.9977,24511,ok
2048,192,1536,grid,bf16,118.1110,20.9237,97.1873,58319,ok
96,192,128,grid,bf16,103.6500,13.0893,90.5608,955,ok
2175,1,1,tall,bf16,102.4300,13.0591,89.3709,2556,ok
64,128,2,grid,bf16,108.5600,12.7779,95.7822,445,ok
192,384,1536,grid,bf16,109.4600,16.2131,93.2469,20663,ok
128,1,16,grid,bf16,102.3100,13.6958,88.6141,509,ok
1536,32,2048,grid,bf16,105.1490,14.7431,90.4059,30687,ok
8,16,384,grid,bf16,102.7600,12.5582,90.2018,1169,ok
103,1173,11,random,bf16,106.0000,12.7372,93.2628,4849,ok
229,199,55,random,bf16,103.9000,13.5310,90.3689,1221,ok
1024,1536,384,grid,bf16,112.4100,20.2863,92.1237,50615,ok
12,153,493,random,bf16,103.1800,12.2503,90.9297,3151,ok
240,2633,52,random,bf16,105.2700,16.3690,88.9010,13061,ok
197,79,109,random,bf16,103.5400,13.0283,90.5117,578,ok
127,4096,4096,grid,bf16,122.3100,33.8619,88.4481,521215,ok
257,64,256,grid,bf16,104.6290,16.4504,88.1786,1277,ok
257,4,4,grid,bf16,106.4400,13.5714,92.8685,638,ok
819,36,1738,random,bf16,104.5000,13.5158,90.9842,16813,ok
383,256,64,thinK,bf16,104.6700,14.0477,90.6223,1529,ok
512,256,16,grid,bf16,103.9400,14.6735,89.2665,1787,ok
4096,1,127,grid,bf16,108.9500,15.5705,93.3795,4477,ok
1024,4,32,grid,bf16,104.3900,12.9972,91.3928,1405,ok
4096,768,16,grid,bf16,113.4100,20.2049,93.2051,26867,ok
512,4096,256,grid,bf16,112.9900,20.1700,92.8200,57215,ok
129,768,127,grid,bf16,103.9890,16.0245,87.9645,3065,ok
64,1024,8,grid,bf16,104.3000,14.0561,90.2439,3567,ok
32,4,1024,grid,bf16,104.4000,19.0823,85.3177,3311,ok
257,129,1,grid,bf16,103.7500,13.9049,89.8451,1277,ok
100,2,96,random,bf16,103.8000,11.9285,91.8715,481,ok
16,8,512,grid,bf16,104.5800,12.4916,92.0884,1591,ok
128,8,8,grid,bf16,102.5200,11.8753,90.6446,509,ok
2624,12,6750,random,bf16,115.7200,23.3987,92.3213,159317,ok
384,129,1,grid,bf16,104.2800,15.1761,89.1039,1531,ok
128,128,289,deepK,bf16,104.8000,13.6089,91.1911,1529,ok
2048,96,8,grid,bf16,105.7100,14.4616,91.2484,2429,ok
64,513,64,fat,bf16,103.5000,12.6148,90.8852,2229,ok
7182,1026,88,random,bf16,121.0200,30.0631,90.9569,68075,ok
16,2048,127,grid,bf16,103.8700,13.0820,90.7880,6367,ok
885,59,6,random,bf16,103.9400,15.5847,88.3552,1266,ok
1024,2,192,grid,bf16,103.5800,13.4462,90.1338,2811,ok
512,384,257,grid,bf16,106.5600,13.8874,92.6726,8045,ok
8,2048,2,grid,bf16,105.2900,12.7133,92.5767,6239,ok
3329,18,1,random,bf16,103.6100,14.7184,88.8915,3710,ok
384,16,1536,grid,bf16,103.7910,14.2800,89.5110,9191,ok
127,192,128,grid,bf16,104.9199,12.5319,92.3881,1017,ok
2,29,5421,random,bf16,104.8800,12.6394,92.2406,16511,ok
4192,4096,64,thinK,bf16,139.8500,48.8466,91.0035,146367,ok
64,4,1,grid,bf16,102.0400,12.0399,90.0001,445,ok
64,1536,96,grid,bf16,105.3900,15.3585,90.0316,5351,ok
384,4096,1,grid,bf16,107.1700,17.8446,89.3255,24511,ok
257,32,128,grid,bf16,104.3600,12.8720,91.4880,638,ok
192,129,256,grid,bf16,105.0400,14.3252,90.7147,2295,ok
129,768,384,grid,bf16,103.6800,13.0210,90.6591,9197,ok
128,128,352,deepK,bf16,106.8500,15.5720,91.2780,1529,ok
64,64,512,deepK,bf16,104.5100,15.0360,89.4740,1783,ok
257,257,2048,grid,bf16,108.7600,17.6568,91.1032,30671,ok
4096,768,384,grid,bf16,117.4300,25.6894,91.7406,80603,ok
16,256,4096,grid,bf16,106.0510,15.1707,90.8803,25471,ok
127,8,768,grid,bf16,106.4600,13.9711,92.4889,3053,ok
5,152,72,random,bf16,105.4000,12.3733,93.0267,773,ok
1,1024,32,grid,bf16,103.2700,14.2618,89.0082,3063,ok
76,3113,1667,random,bf16,112.0000,19.2041,92.7959,160299,ok
127,64,8,grid,bf16,105.3600,11.6429,93.7171,508,ok
1,639,128,gemv_wideN,bf16,105.9890,14.8653,91.1237,1914,ok
1261,2349,3,random,bf16,116.0000,21.7850,94.2150,31216,ok
1536,1536,8,grid,bf16,110.2900,19.8113,90.4787,23015,ok
352,16,16,tall,bf16,106.7900,13.0626,93.7274,733,ok
32,127,768,grid,bf16,106.5800,13.7223,92.8577,2483,ok
127,32,1024,grid,bf16,106.0300,13.1276,92.9024,4071,ok
1,2112,16,gemv_wideN,bf16,106.8200,16.3574,90.4626,6510,ok
2,1024,512,grid,bf16,107.5500,14.1469,93.4031,12287,ok
384,512,1,grid,bf16,105.6110,16.0822,89.5288,3063,ok
8,8,576,deepK,bf16,106.3600,12.0994,94.2606,1949,ok
256,768,257,grid,bf16,107.5600,14.9165,92.6436,11483,ok
4,8,8,grid,bf16,105.0300,11.8781,93.1520,385,ok
1,64,256,grid,bf16,107.0200,14.4686,92.5514,765,ok
384,384,768,grid,bf16,109.7700,14.6031,95.1669,13787,ok
1536,128,1536,grid,bf16,107.6900,16.1839,91.5061,23015,ok
8,8,320,deepK,bf16,103.3900,12.7499,90.6401,1169,ok
8,264,64,wide_output,bf16,102.2910,13.9332,88.3578,1169,ok
8,8,639,deepK,bf16,107.5200,12.6491,94.8709,1949,ok
4160,8,8,tall,bf16,104.7700,15.4373,89.3327,4541,ok
192,512,32,grid,bf16,104.8200,12.9411,91.8789,2295,ok
3,1407,6,random,bf16,104.0300,14.8233,89.2067,4234,ok
8,127,257,grid,bf16,104.3900,14.2660,90.1240,1169,ok
1,2761,9,random,bf16,104.6699,17.6788,86.9912,8425,ok
8,8256,8,fat,bf16,104.8800,12.0419,92.8381,25349,ok
22,46,78,random,bf16,106.1800,13.5788,92.6012,403,ok
5,4,857,random,bf16,104.0200,11.5806,92.4394,2708,ok
1,4160,8,gemv_wideN,bf16,104.8900,14.3980,90.4920,12638,ok
2,314,5,random,bf16,103.0200,15.4071,87.6129,1151,ok
2048,256,192,grid,bf16,107.6800,17.0618,90.6182,9719,ok
128,128,8319,deepK,bf16,109.6110,17.1161,92.4950,33149,ok
192,4096,1536,grid,bf16,120.6800,24.1070,96.5729,220415,ok
64,2,192,grid,bf16,104.9890,12.6725,92.3165,891,ok
2,4,192,grid,bf16,104.9600,13.6268,91.3332,767,ok
96,129,768,grid,bf16,107.1900,13.7270,93.4630,5735,ok
16,257,64,grid,bf16,104.8800,12.1982,92.6818,1193,ok
96,257,32,grid,bf16,105.2700,12.4380,92.8320,1433,ok
1024,64,129,grid,bf16,105.5800,14.6248,90.9553,2811,ok
32,1,32,grid,bf16,103.6900,11.5951,92.0948,413,ok
16,4,16,grid,bf16,106.2500,12.5877,93.6623,397,ok
1,192,16,grid,bf16,106.0900,12.9760,93.1140,765,ok
70,370,29,random,bf16,106.5600,15.2780,91.2820,1355,ok
64,1024,1536,grid,bf16,107.2700,13.9393,93.3307,42815,ok
32,1024,384,grid,bf16,106.3400,12.7751,93.5649,9935,ok
2048,384,768,grid,bf16,114.0900,20.3675,93.7225,43739,ok
512,2,2048,grid,bf16,106.0900,12.8009,93.2891,14303,ok
1088,8,8,tall,bf16,106.7700,14.0199,92.7501,1469,ok
768,4,128,grid,bf16,104.9600,13.2873,91.6727,1149,ok
4,1536,32,grid,bf16,104.8000,12.5418,92.2582,4631,ok
128,8200,64,wide_output,bf16,108.9700,16.3061,92.6640,33149,ok
128,257,1024,grid,bf16,107.8000,14.1955,93.6045,12239,ok
768,4,4,grid,bf16,106.0000,13.1979,92.8021,1149,ok
384,128,127,grid,bf16,105.9300,12.6973,93.2327,765,ok
192,2048,2,grid,bf16,105.8500,14.6173,91.2327,9183,ok
4131,15,55,random,bf16,106.2300,13.4593,92.7707,4512,ok
332,6948,3,random,bf16,111.8300,27.2828,84.5473,39269,ok
8,639,64,wide_output,bf16,106.1001,13.5532,92.5468,1949,ok
600,2,88,random,bf16,107.1200,13.0270,94.0930,981,ok
451,8,7383,random,bf16,113.6600,22.6627,90.9973,48313,ok
4,64,4096,grid,bf16,113.2710,19.4874,93.7836,12351,ok
384,1024,96,grid,bf16,114.8300,20.5363,94.2937,6127,ok
2049,64,64,tall,bf16,107.0300,14.9189,92.1111,2430,ok
129,384,256,grid,bf16,105.7500,12.2055,93.5445,3065,ok
129,768,4,grid,bf16,108.2000,14.9132,93.2868,3065,ok
257,16,4,grid,bf16,106.0400,14.6045,91.4355,638,ok
128,1536,2048,grid,bf16,117.5800,24.4880,93.0920,97919,ok
38,558,43,random,bf16,111.3600,20.5451,90.8149,2099,ok
16,64,257,grid,bf16,113.7100,21.9932,91.7168,1193,ok
128,32,127,grid,bf16,109.9800,21.5402,88.4398,509,ok
64,64,127,grid,bf16,115.0700,21.1866,93.8835,445,ok
62,165,4192,random,bf16,112.3101,24.0213,88.2887,29303,ok
2210,40,2388,random,bf16,114.5300,22.0811,92.4489,49247,ok
639,16,16,tall,bf16,111.4500,20.8621,90.5879,1020,ok
1823,17,5,random,bf16,113.8200,22.3711,91.4489,2204,ok
8,192,1,grid,bf16,111.1500,21.6896,89.4604,779,ok
768,2,768,grid,bf16,112.0100,18.6568,93.3532,6899,ok
512,2,64,grid,bf16,106.7000,21.4945,85.2055,893,ok
4,257,256,grid,bf16,111.3700,18.6215,92.7485,2315,ok
2048,4096,384,grid,bf16,144.3400,54.0843,90.2558,233279,ok
129,1,128,grid,bf16,110.2990,18.9718,91.3272,510,ok
3,24,5,random,bf16,110.7200,20.3745,90.3454,384,ok
64,768,16,grid,bf16,112.1310,19.2110,92.9200,2675,ok
310,7,41,random,bf16,111.0800,18.8612,92.2188,691,ok
2048,1,129,grid,bf16,111.6100,17.8188,93.7913,4859,ok
320,64,64,tall,bf16,106.0800,14.3964,91.6835,701,ok
192,4096,4096,grid,bf16,143.5400,40.5821,102.9579,587775,ok
1,2056,16,gemv_wideN,bf16,113.6400,20.1458,93.4942,6510,ok
1,2049,8,gemv_wideN,bf16,109.5900,20.7732,88.8168,6510,ok
128,4160,64,wide_output,bf16,112.2490,20.8433,91.4057,16829,ok
2112,1,1,tall,bf16,116.5300,13.4210,103.1090,2493,ok
1,2049,128,gemv_wideN,bf16,116.4510,20.8197,95.6313,6510,ok
2,8,129,grid,bf16,111.3900,21.3829,90.0071,767,ok
345,61,9,random,bf16,113.4800,23.0765,90.4035,726,ok
768,8,257,grid,bf16,111.4500,18.4892,92.9609,3449,ok
768,8,4096,grid,bf16,112.4000,23.8491,88.5509,36799,ok
8,192,192,grid,bf16,111.9690,18.9501,93.0189,1559,ok
384,64,4096,grid,bf16,113.8900,15.9755,97.9145,24511,ok
257,192,16,grid,bf16,111.2400,22.8003,88.4396,1277,ok
768,129,2,grid,bf16,111.7700,19.0103,92.7597,2299,ok
4,127,512,grid,bf16,114.0200,21.1366,92.8834,1543,ok
2048,32,32,grid,bf16,112.4290,18.9533,93.4757,2429,ok
16,2081,16,fat,bf16,109.9300,19.5810,90.3490,6765,ok
64,64,8256,deepK,bf16,113.7500,22.5130,91.2370,28989,ok
64,257,192,grid,bf16,117.3000,24.2457,93.0543,2675,ok
129,4,4096,grid,bf16,111.5110,20.8571,90.6538,16351,ok
1025,1024,64,thinK,bf16,117.4200,22.7717,94.6483,11255,ok
256,383,64,wide_output,bf16,112.5900,19.6480,92.9420,1913,ok
768,2,4,grid,bf16,110.7200,19.5811,91.1389,1149,ok
257,96,32,grid,bf16,110.9900,19.8319,91.1581,638,ok
4,4,129,grid,bf16,113.0600,23.5933,89.4667,771,ok
128,4,4096,grid,bf16,111.5100,18.3694,93.1406,16319,ok
768,8,96,grid,bf16,111.9800,22.8993,89.0807,1149,ok
129,192,192,grid,bf16,110.3600,19.8528,90.5072,2043,ok
1,239,4299,random,bf16,118.6400,23.7775,94.8625,26043,ok
128,608,128,fat,bf16,111.9100,19.6188,92.2912,2549,ok
1024,64,256,grid,bf16,111.6100,19.6767,91.9333,2811,ok
128,128,8,grid,bf16,113.5300,24.1420,89.3880,509,ok
256,2081,64,wide_output,bf16,111.8200,21.4084,90.4116,10845,ok
6,9,220,random,bf16,110.6800,18.0581,92.6219,775,ok
256,256,4096,deepK,bf16,114.3800,25.0883,89.2916,40831,ok
96,2,96,grid,bf16,110.6900,18.3436,92.3464,477,ok
1,4096,8,grid,bf16,110.9500,21.9360,89.0141,12255,ok
128,4,64,grid,bf16,110.4200,19.5404,90.8796,509,ok
512,1536,768,grid,bf16,116.4510,27.1690,89.2821,64367,ok
1024,512,4,grid,bf16,114.2600,22.7266,91.5334,5623,ok
1,384,257,grid,bf16,113.0700,17.6560,95.4141,3446,ok
15,115,31,random,bf16,113.5200,19.8039,93.7161,396,ok
545,16,16,tall,bf16,112.5000,18.2687,94.2313,926,ok
59,4648,4,random,bf16,112.1400,21.3094,90.8306,16316,ok
256,96,257,grid,bf16,115.8490,12.9685,102.8804,1913,ok
128,383,128,fat,bf16,115.3600,20.6603,94.6997,1529,ok
42,14,108,random,bf16,109.3400,14.4805,94.8595,423,ok
384,1024,384,grid,bf16,116.7600,14.4229,102.3371,18383,ok
257,64,1024,grid,bf16,116.0700,21.3661,94.7039,5111,ok
12,20,29,random,bf16,110.6000,20.1499,90.4502,393,ok
192,8,2048,grid,bf16,112.7800,21.0282,91.7518,9183,ok
512,128,32,grid,bf16,111.9800,18.1858,93.7941,893,ok
64,64,1120,deepK,bf16,113.5099,17.5231,95.9868,4013,ok
512,1024,768,grid,bf16,120.0000,23.3018,96.6982,42911,ok
109,352,23,random,bf16,113.0800,21.3089,91.7711,1472,ok
1024,384,4096,grid,bf16,131.2400,33.8977,97.3423,134975,ok
1536,192,257,grid,bf16,114.6100,16.4248,98.1852,11507,ok
512,1536,257,grid,bf16,119.5300,16.8761,102.6539,32183,ok
64,2175,64,fat,bf16,114.9200,11.7077,103.2122,7581,ok
384,8,1,grid,bf16,115.4600,12.0762,103.3838,765,ok
16,16,520,deepK,bf16,115.6700,11.7861,103.8840,1989,ok
8,639,8,fat,bf16,111.1700,12.9488,98.2212,1949,ok
2,1536,1,grid,bf16,115.0300,21.1097,93.9203,4607,ok
16,1088,16,fat,bf16,111.0400,18.6949,92.3451,3581,ok
35,6584,99,random,bf16,112.0800,22.8783,89.2016,21683,ok
1025,1,1,tall,bf16,111.2910,20.7956,90.4954,1406,ok
2056,1,1,tall,bf16,95.7800,11.2525,84.5275,2437,ok
127,127,384,grid,bf16,117.6900,12.4067,105.2833,1526,ok
256,4096,64,wide_output,bf16,98.2800,13.1152,85.1648,20415,ok
256,384,512,grid,bf16,115.7900,12.8233,102.9667,7655,ok
1024,1,129,grid,bf16,117.0800,13.7403,103.3397,2811,ok
4096,129,768,grid,bf16,118.6000,16.1013,102.4987,53735,ok
4096,96,2,grid,bf16,117.6100,11.9697,105.6403,4477,ok
2,4,2048,grid,bf16,94.7400,11.6228,83.1172,6143,ok
1444,51,31,random,bf16,96.4800,11.3749,85.1051,1825,ok
127,1,257,grid,bf16,94.5900,15.2320,79.3580,1526,ok
2081,1,1,tall,bf16,96.4200,8.4821,87.9379,2462,ok
18,6,14,random,bf16,115.1300,13.0278,102.1021,399,ok
1,2056,256,gemv_wideN,bf16,117.9890,15.0102,102.9788,13021,ok
1,1025,16,gemv_wideN,bf16,101.8500,11.2430,90.6071,3446,ok
129,2,768,grid,bf16,95.0500,11.0562,83.9938,3065,ok
1057,1,1,tall,bf16,98.1300,14.0118,84.1182,1438,ok
32,257,4,grid,bf16,93.9200,11.8161,82.1039,1241,ok
128,8256,64,wide_output,bf16,98.0600,13.2006,84.8594,33149,ok
1566,162,5330,random,bf16,132.9300,27.3829,105.5471,163631,ok
16,16,8200,deepK,bf16,116.1690,12.7782,103.3908,25869,ok
32,512,128,grid,bf16,115.6000,11.4338,104.1662,1655,ok
576,8,8,tall,bf16,115.2400,13.1213,102.1187,957,ok
10,11,5,random,bf16,96.3900,10.3817,86.0083,391,ok
8,257,64,grid,bf16,94.0400,9.8303,84.2097,1169,ok
512,1024,257,grid,bf16,99.7300,12.7944,86.9356,21455,ok
105,5534,5447,random,bf16,144.8600,44.7363,100.1237,921403,ok
1536,4,129,grid,bf16,115.6300,11.9592,103.6708,3835,ok
128,128,1032,deepK,bf16,116.0600,12.2551,103.8048,4589,ok
768,4096,32,grid,bf16,122.2100,21.2918,100.9182,36799,ok
32,2048,127,grid,bf16,115.6800,12.3171,103.3628,6623,ok
1536,32,129,grid,bf16,115.9700,12.2808,103.6891,3835,ok
4,16,1,grid,bf16,93.2500,9.5852,83.6648,385,ok
8,192,2,grid,bf16,94.4800,10.3075,84.1725,779,ok
512,16,4,grid,bf16,96.8700,11.5799,85.2901,893,ok
256,512,8,grid,bf16,95.9500,11.3517,84.5983,2551,ok
2826,758,636,random,bf16,108.8800,22.2008,86.6792,96239,ok
512,32,32,grid,bf16,94.9400,13.0782,81.8618,893,ok
154,4,2308,random,bf16,115.5200,11.8172,103.7028,10183,ok
1,289,16,gemv_wideN,bf16,94.2600,10.4605,83.7995,1148,ok
4096,8,1,grid,bf16,94.5300,10.7643,83.7657,4477,ok
8,2049,64,wide_output,bf16,94.8200,13.1023,81.7177,6629,ok
16,4129,64,wide_output,bf16,117.2910,13.4749,103.8161,13133,ok
128,1024,16,grid,bf16,115.7200,11.7720,103.9480,4079,ok
1120,1,1,tall,bf16,111.7000,10.7492,100.9508,1501,ok
128,1057,128,fat,bf16,116.0600,13.6697,102.3903,4589,ok
2,1536,4,grid,bf16,115.8400,11.6202,104.2198,4607,ok
64,64,8192,deepK,bf16,117.6000,14.8856,102.7144,28543,ok
257,4,129,grid,bf16,114.5800,11.9982,102.5818,1277,ok
257,384,1024,grid,bf16,116.7700,13.5882,103.1818,15335,ok
16,3,46,random,bf16,115.7200,12.9415,102.7785,397,ok
192,512,384,grid,bf16,119.6800,12.0750,107.6050,6887,ok
53,524,4,random,bf16,115.6000,12.3837,103.2163,2174,ok
422,214,38,random,bf16,116.4600,11.7105,104.7495,1607,ok
26,205,1525,random,bf16,116.2710,12.9226,103.3484,9791,ok
1,129,1536,grid,bf16,115.5200,14.2975,101.2225,9191,ok
2,1,16,grid,bf16,113.2200,11.8408,101.3791,383,ok
302,140,6,random,bf16,114.0300,12.2270,101.8029,1367,ok
1,2,1024,grid,bf16,115.2200,13.7792,101.4408,3063,ok
192,1024,129,grid,bf16,115.1500,12.4654,102.6846,9183,ok
387,17,139,random,bf16,113.4600,12.0175,101.4425,1537,ok
2,257,4096,grid,bf16,114.5000,13.3590,101.1410,36863,ok
384,4096,2048,grid,bf16,140.4600,40.0756,100.3844,392191,ok
2048,257,192,grid,bf16,115.7710,15.1688,100.6022,14579,ok
192,32,2,grid,bf16,113.7400,11.4775,102.2625,573,ok
1536,4,96,grid,bf16,114.3100,12.5497,101.7603,1917,ok
1536,512,1024,grid,bf16,122.5800,20.3094,102.2707,61375,ok
8,1,127,grid,bf16,114.9900,11.3555,103.6345,389,ok
2,96,4096,grid,bf16,115.5500,12.9802,102.5698,12287,ok
256,2144,256,fat,bf16,113.1700,14.1938,98.9762,21691,ok
2048,192,192,grid,bf16,112.7200,12.8614,99.8586,9719,ok
32,96,64,grid,bf16,108.5500,11.8153,96.7348,413,ok
3874,2598,462,random,bf16,158.3400,59.8886,98.4514,357503,ok
1536,512,1536,grid,bf16,120.6000,22.3846,98.2154,92063,ok
384,128,256,grid,bf16,109.9100,12.5720,97.3380,1531,ok
256,4223,64,wide_output,bf16,113.3500,14.2688,99.0812,21053,ok
1019,289,136,random,bf16,111.6500,13.5000,98.1500,8405,ok
129,128,8,grid,bf16,111.7300,11.1911,100.5389,510,ok
4,4,174,random,bf16,109.1000,11.6112,97.4888,771,ok
128,289,128,fat,bf16,109.0400,12.4230,96.6170,1529,ok
1,192,8,grid,bf16,108.8700,13.5861,95.2839,765,ok
8,1024,127,grid,bf16,114.2300,12.5902,101.6398,3119,ok
192,96,192,grid,bf16,119.9300,13.2119,106.7181,1147,ok
96,1024,512,grid,bf16,111.7800,11.9130,99.8670,15295,ok
9,312,30,random,bf16,111.4500,10.9536,100.4964,1172,ok
1536,256,16,grid,bf16,115.2000,14.3456,100.8544,3835,ok
2048,127,4,grid,bf16,113.7600,13.2317,100.5283,2429,ok
768,128,127,grid,bf16,114.6900,12.3910,102.2990,1149,ok
66,1768,3,random,bf16,116.6400,11.5180,105.1220,6271,ok
512,1536,2048,grid,bf16,128.3300,27.1815,101.1484,171647,ok
1,2175,256,gemv_wideN,bf16,118.0900,15.6184,102.4716,13021,ok
8,8288,64,wide_output,bf16,116.3900,12.0864,104.3036,25349,ok
256,256,257,deepK,bf16,115.3600,12.5061,102.8539,3827,ok
512,192,384,grid,bf16,115.4400,12.5723,102.8677,5363,ok
32,256,256,grid,bf16,113.4100,11.1267,102.2833,1655,ok
367,73,150,random,bf16,114.0600,12.9790,101.0810,1497,ok
128,4160,128,fat,bf16,114.5900,12.6518,101.9382,16829,ok
8,1,1024,grid,bf16,112.0700,13.4472,98.6228,3119,ok
256,1024,512,grid,bf16,116.0000,11.4740,104.5260,20415,ok
4096,64,1536,grid,bf16,121.1990,16.7582,104.4408,53735,ok
40,43,707,random,bf16,112.8700,12.0012,100.8688,2531,ok
2460,75,14,random,bf16,115.6900,15.2438,100.4462,2841,ok
4829,459,294,random,bf16,123.9500,20.7179,103.2321,62531,ok
1,96,1536,grid,bf16,114.6100,13.6741,100.9359,4595,ok
257,129,32,grid,bf16,112.2900,12.5618,99.7282,1277,ok
2,2048,129,grid,bf16,113.8100,12.3330,101.4770,12287,ok
2,384,4096,grid,bf16,115.9500,14.5044,101.4456,36863,ok
16,257,257,grid,bf16,113.2710,12.1422,101.1288,3581,ok
8,129,127,grid,bf16,112.3600,11.7032,100.6568,779,ok
129,127,768,grid,bf16,113.4400,12.8380,100.6020,3065,ok
378,6033,49,random,bf16,120.8400,17.8063,103.0337,36479,ok
256,768,16,grid,bf16,112.6800,12.2038,100.4762,3827,ok
32,2048,256,grid,bf16,111.9800,12.2915,99.6886,13247,ok
16,2,8,grid,bf16,112.3000,11.2427,101.0573,397,ok
127,129,4096,grid,bf16,115.8700,15.3480,100.5220,32575,ok
383,64,64,tall,bf16,114.4290,13.1204,101.3086,764,ok
7150,316,1454,random,bf16,141.8100,41.7663,100.0437,271151,ok
127,4096,128,grid,bf16,114.3510,12.9238,101.4272,16287,ok
129,16,384,grid,bf16,111.2300,11.8111,99.4189,1532,ok
29,289,4,random,bf16,111.6500,11.1296,100.5205,1232,ok
768,1024,192,grid,bf16,118.1800,17.6325,100.5475,18399,ok
192,127,128,grid,bf16,116.3100,27.7382,88.5718,573,ok
128,2048,128,grid,bf16,117.6200,30.4196,87.2004,8159,ok
1032,1024,64,thinK,bf16,117.3600,29.6770,87.6830,11311,ok
32,2048,257,grid,bf16,116.0100,23.4582,92.5518,19871,ok
127,1536,384,grid,bf16,117.8300,28.8945,88.9355,18323,ok
13,1115,979,random,bf16,115.4100,28.8758,86.5342,28439,ok
10,1762,5,random,bf16,114.8000,23.7605,91.0395,5487,ok
111,43,1205,random,bf16,116.7000,23.9633,92.7366,4929,ok
1,46,2,random,bf16,113.8300,24.3557,89.4742,382,ok
1,2112,256,gemv_wideN,bf16,120.0000,25.7053,94.2946,13021,ok
158,1727,2,random,bf16,115.8700,29.1763,86.6937,7559,ok
5773,3,887,random,bf16,116.5900,30.3018,86.2882,43084,ok
192,32,16,grid,bf16,115.4100,25.3561,90.0539,573,ok
164,262,441,random,bf16,114.2600,26.7846,87.4754,6551,ok
10,952,3711,random,bf16,118.2200,25.7054,92.5146,90943,ok
1099,49,25,random,bf16,118.1200,23.4145,94.7055,1480,ok
264,64,64,tall,bf16,114.6200,20.1387,94.4813,645,ok
257,256,16,grid,bf16,116.2510,23.3857,92.8653,1277,ok
256,64,1,grid,bf16,111.0600,13.3607,97.6993,637,ok
129,96,257,grid,bf16,114.0300,10.8093,103.2207,1532,ok
32,64,512,grid,bf16,100.6100,14.2461,86.3639,1655,ok
61,285,31,random,bf16,102.4100,16.2592,86.1509,1328,ok
2048,128,2,grid,bf16,100.4700,14.3550,86.1150,2429,ok
1,1,639,deepK,bf16,98.3300,17.8604,80.4696,1914,ok
256,256,608,deepK,bf16,101.1600,18.1357,83.0242,6379,ok
137,4,7398,random,bf16,102.2800,14.6476,87.6324,30101,ok
127,1536,4096,grid,bf16,109.3310,26.4418,82.8892,195455,ok
4,16,127,grid,bf16,105.2700,19.4162,85.8538,385,ok
73,22,50,random,bf16,101.0700,14.7942,86.2758,454,ok
486,1,3958,random,bf16,105.6000,21.3738,84.2262,26907,ok
378,2,105,random,bf16,102.4500,20.8992,81.5508,759,ok
1,3,16,random,bf16,116.0700,17.0799,98.9901,382,ok
42,20,47,random,bf16,117.1300,17.4654,99.6646,423,ok
8,384,256,grid,bf16,116.3490,18.3006,98.0484,2339,ok
2,8,32,grid,bf16,114.6100,17.3345,97.2755,383,ok
7,843,15,random,bf16,115.0400,18.8251,96.2148,2722,ok
128,128,639,deepK,bf16,116.0300,19.6583,96.3716,2549,ok
127,2048,1024,grid,bf16,118.7400,23.3721,95.3679,65151,ok
4,4096,384,grid,bf16,115.9900,18.1961,97.7939,37055,ok
8,64,8,grid,bf16,115.3300,19.7130,95.6170,389,ok
1536,128,1,grid,bf16,115.4600,22.1282,93.3318,1917,ok
128,512,1,grid,bf16,117.1000,19.4822,97.6177,2039,ok
16,1,64,grid,bf16,111.4900,18.5423,92.9477,397,ok
768,512,192,grid,bf16,114.6900,20.5577,94.1323,9199,ok
8,1,129,grid,bf16,114.1200,19.2926,94.8273,779,ok
128,2049,64,wide_output,bf16,119.0690,22.1203,96.9487,8669,ok
64,192,1024,grid,bf16,119.3800,19.4162,99.9638,7135,ok
64,2144,64,fat,bf16,115.4600,17.0883,98.3716,7581,ok
8,127,768,grid,bf16,116.3400,17.7083,98.6317,2339,ok
1024,1536,1,grid,bf16,117.5700,23.3751,94.1949,16871,ok
32,128,4,grid,bf16,118.2200,17.0277,101.1922,413,ok
6138,1,2397,random,bf16,148.2600,50.7722,97.4878,123879,ok
257,192,64,grid,bf16,112.3500,19.0441,93.3059,1277,ok
64,4129,64,fat,bf16,117.5600,18.9733,98.5867,14717,ok
4096,2,257,grid,bf16,116.2700,18.4500,97.8201,13433,ok
8169,2612,547,random,bf16,231.8200,132.2792,99.5408,897854,ok
129,4096,1,grid,bf16,116.0600,20.3440,95.7160,16351,ok
16,4160,64,wide_output,bf16,113.1600,16.2100,96.9500,13133,ok
2048,512,4,grid,bf16,121.2501,22.7648,98.4853,9719,ok
512,256,1,grid,bf16,116.0000,20.2861,95.7139,1787,ok
768,2,384,grid,bf16,113.1200,16.3573,96.7627,3449,ok
384,768,32,grid,bf16,115.2000,18.6082,96.5918,4595,ok
320,29,127,random,bf16,116.4600,19.1076,97.3524,701,ok
918,1996,5,random,bf16,123.3300,23.0922,100.2378,20799,ok
129,129,16,grid,bf16,117.1600,17.4220,99.7379,1021,ok
384,2048,768,grid,bf16,122.6500,26.4770,96.1730,73535,ok
451,943,8,random,bf16,118.1890,18.2585,99.9306,6663,ok
5866,102,59,random,bf16,116.4900,21.5361,94.9539,6247,ok
16,64,8,grid,bf16,115.8500,19.6809,96.1691,397,ok
1057,256,256,tall,bf16,117.9400,18.5765,99.3634,5755,ok
2,64,16,grid,bf16,116.8200,17.7822,99.0378,383,ok
2,128,129,grid,bf16,117.4490,18.3268,99.1222,767,ok
1,1658,117,random,bf16,116.8700,18.5157,98.3543,4978,ok
1536,2048,257,grid,bf16,129.5600,30.5066,99.0534,92063,ok
223,4728,95,random,bf16,120.8700,22.5054,98.3647,22384,ok
1536,4,1536,grid,bf16,117.2800,18.9829,98.2971,23015,ok
1403,4,3,random,bf16,115.3900,20.2455,95.1445,1784,ok
512,64,1024,grid,bf16,121.5200,18.7750,102.7449,7151,ok
256,192,96,grid,bf16,115.5700,21.2305,94.3395,1275,ok
281,5801,565,random,bf16,125.3300,28.3538,96.9762,152489,ok
8193,8192,64,thinK,bf16,247.5400,149.9774,97.5626,548799,ok
127,1536,2048,grid,bf16,119.9000,22.5455,97.3546,97727,ok
50,2268,1,random,bf16,118.4600,17.1855,101.2745,7775,ok
16,1,1,grid,bf16,111.7500,17.9736,93.7764,397,ok
10,6,110,random,bf16,116.9399,17.8223,99.1177,391,ok
2,512,1536,grid,bf16,123.2600,19.7694,103.4906,18431,ok
4096,64,192,grid,bf16,122.4900,20.1773,102.3127,8955,ok
43,2868,4929,random,bf16,126.3900,31.2439,95.1461,381224,ok
768,8,128,grid,bf16,116.7690,18.2453,98.5236,1149,ok
2,127,1536,grid,bf16,119.3500,19.4350,99.9150,4607,ok
4,256,32,grid,bf16,116.0100,18.0030,98.0070,771,ok
768,8,8,grid,bf16,118.0300,18.1623,99.8677,1149,ok
128,192,127,grid,bf16,118.1300,21.6712,96.4588,1019,ok
256,8,256,grid,bf16,117.0800,17.7721,99.3079,1275,ok
8,384,512,grid,bf16,116.1200,21.9913,94.1287,4679,ok
1,4104,64,wide_output,bf16,117.1300,18.5179,98.6121,12638,ok
2,2514,1,random,bf16,116.6600,19.8398,96.8203,7679,ok
4,4096,2048,grid,bf16,119.5800,23.0327,96.5474,197631,ok
4096,64,127,grid,bf16,115.6500,19.1351,96.5149,4477,ok
1536,4,8,grid,bf16,117.9000,18.5876,99.3124,1917,ok
6,231,1199,random,bf16,116.0600,19.7248,96.3352,7759,ok
8,320,64,wide_output,bf16,116.8800,18.0628,98.8172,1169,ok
32,768,1536,grid,bf16,117.1800,19.6494,97.5306,29807,ok
1024,768,127,grid,bf16,120.6500,21.0951,99.5549,8435,ok
8,128,512,grid,bf16,116.2800,18.8766,97.4034,1559,ok
11,1,4,random,bf16,116.0200,18.7681,97.2519,392,ok
768,192,512,grid,bf16,118.0890,20.1082,97.9807,9199,ok
1024,1,256,grid,bf16,108.4900,22.8497,85.6403,2811,ok
16,1024,64,grid,bf16,102.1700,17.7595,84.4105,3183,ok
257,4,384,grid,bf16,100.1900,21.2600,78.9300,1916,ok
16,16,8193,deepK,bf16,101.2300,21.8188,79.4112,25869,ok
320,1,1,tall,bf16,99.0900,17.2915,81.7984,701,ok
259,105,179,random,bf16,100.1200,16.6324,83.4876,1281,ok
1536,8,128,grid,bf16,101.0500,19.2524,81.7976,1917,ok
128,4096,129,grid,bf16,108.3300,22.4311,85.8989,32639,ok
16,96,768,grid,bf16,103.8201,18.0157,85.8044,2387,ok
96,127,127,grid,bf16,100.7200,17.7905,82.9295,477,ok
8,512,384,grid,bf16,100.5200,17.8911,82.6290,4679,ok
2048,16,1024,grid,bf16,101.5300,20.9057,80.6243,19439,ok
840,31,40,random,bf16,100.4300,17.2819,83.1481,1221,ok
192,4,384,grid,bf16,101.8700,19.8989,81.9711,1721,ok
1,32,16,grid,bf16,98.0700,16.4336,81.6364,382,ok
768,1536,129,grid,bf16,105.2800,25.3993,79.8807,27599,ok
16,1120,64,wide_output,bf16,103.1500,17.5874,85.5626,3581,ok
2,4096,2048,grid,bf16,104.5890,24.4435,80.1455,196607,ok
64,4096,32,grid,bf16,104.7300,20.0495,84.6805,14271,ok
4,64,1024,grid,bf16,103.4490,18.7072,84.7417,3087,ok
1,1151,8,gemv_wideN,bf16,104.3000,20.1274,84.1726,3446,ok
384,8,512,grid,bf16,104.8200,19.9398,84.8802,3063,ok
2,128,32,grid,bf16,99.6090,18.7685,80.8406,383,ok
129,257,1,grid,bf16,100.6710,16.8957,83.7753,1532,ok
127,4,8,grid,bf16,99.6100,15.9931,83.6169,508,ok
257,1536,384,grid,bf16,102.7000,19.7009,82.9991,23003,ok
8,129,768,grid,bf16,100.2900,16.2619,84.0281,4679,ok
257,4096,129,grid,bf16,103.9500,21.1372,82.8129,40895,ok
192,16,64,grid,bf16,101.4500,18.7347,82.7154,573,ok
64,64,4129,deepK,bf16,103.7000,19.0594,84.6406,14717,ok
128,383,64,wide_output,bf16,99.6900,15.9272,83.7627,1529,ok
192,384,768,grid,bf16,102.4400,21.8818,80.5582,10331,ok
551,798,1463,random,bf16,108.4500,25.0507,83.3993,78371,ok
4096,8,129,grid,bf16,102.3900,19.6727,82.7173,8955,ok
768,64,32,grid,bf16,102.2900,20.1419,82.1481,1149,ok
192,128,1024,grid,bf16,115.9200,23.5332,92.3868,4591,ok
2,256,4096,grid,bf16,107.1000,19.7069,87.3931,24575,ok
257,1536,2,grid,bf16,101.7200,18.6874,83.0327,7667,ok
1,18,1328,random,bf16,99.3700,20.6190,78.7510,4212,ok
256,128,128,grid,bf16,100.9500,19.3913,81.5587,637,ok
512,4096,512,grid,bf16,114.7700,32.3723,82.3977,114431,ok
1536,384,32,grid,bf16,103.3490,18.3605,84.9885,5753,ok
2048,127,96,grid,bf16,100.0300,16.6649,83.3652,2429,ok
64,4223,64,fat,bf16,101.5600,21.0063,80.5537,14717,ok
16,4096,32,grid,bf16,102.6700,17.3465,85.3234,12735,ok
512,4,512,grid,bf16,99.2400,19.1727,80.0673,3575,ok
2048,2048,8,grid,bf16,111.5400,29.4350,82.1049,38879,ok
546,1013,1,random,bf16,104.8601,21.8880,82.9721,7423,ok
7,1287,20,random,bf16,101.9900,16.6727,85.3172,4278,ok
2422,1860,19,random,bf16,115.0200,24.3882,90.6318,42059,ok
1536,96,192,grid,bf16,102.6100,18.6354,83.9746,3835,ok
16,257,2,grid,bf16,102.8100,19.7940,83.0159,1193,ok
1,16,4,grid,bf16,98.8200,20.1156,78.7044,382,ok
96,1024,1,grid,bf16,106.2000,16.7660,89.4340,3823,ok
1,32,2048,grid,bf16,102.2500,18.4347,83.8152,6127,ok
128,127,192,grid,bf16,101.6300,19.7594,81.8706,1019,ok
1057,64,64,tall,bf16,102.9700,20.3076,82.6624,1438,ok
384,4,64,grid,bf16,101.3200,18.2874,83.0326,765,ok
9,6115,1390,random,bf16,104.9600,22.6988,82.2612,206447,ok
608,64,64,tall,bf16,101.2100,18.4760,82.7341,989,ok
16,256,64,wide_output,bf16,99.4510,22.1099,77.3411,795,ok
8288,8192,64,thinK,bf16,240.0090,152.3156,87.6934,554879,ok
32,2048,32,grid,bf16,98.6100,17.7338,80.8762,6623,ok
64,2048,64,grid,bf16,103.0600,21.1835,81.8765,7135,ok
2,2,4,grid,bf16,103.6300,19.0332,84.5968,383,ok
129,16,4,grid,bf16,102.1490,17.7719,84.3771,510,ok
977,2,1674,random,bf16,105.2000,20.0003,85.1997,19025,ok
16,257,512,grid,bf16,101.6100,19.4329,82.1772,4775,ok
155,28,46,random,bf16,103.0800,18.0219,85.0581,536,ok
32,768,4,grid,bf16,102.4600,19.6241,82.8358,2483,ok
2048,4096,1024,grid,bf16,168.6600,85.0801,83.5799,622079,ok
64,8,96,grid,bf16,99.7200,19.0037,80.7163,445,ok
256,256,8200,deepK,bf16,108.7700,24.6524,84.1176,82939,ok
8,256,384,grid,bf16,101.9399,17.7946,84.1453,2339,ok
1,289,256,gemv_wideN,bf16,102.0800,19.2309,82.8491,2297,ok
9,1,1432,random,bf16,100.8600,18.7866,82.0735,4691,ok
4,96,4096,grid,bf16,105.9300,19.5930,86.3370,12351,ok
7,6,4772,random,bf16,101.6300,21.6144,80.0156,14781,ok
16,4223,16,fat,bf16,102.1500,21.5974,80.5526,13133,ok
129,257,2048,grid,bf16,103.6800,21.9282,81.7518,24527,ok
520,256,256,tall,bf16,104.0500,18.0170,86.0329,3607,ok
8,64,2,grid,bf16,102.3600,18.9284,83.4316,389,ok
2048,8,129,grid,bf16,103.3400,19.9867,83.3534,4859,ok
2048,4096,512,grid,bf16,141.3600,57.1728,84.1871,311039,ok
16,16,639,deepK,bf16,102.9800,18.2525,84.7275,1989,ok
64,192,16,grid,bf16,101.0400,17.9555,83.0845,891,ok
1024,2048,127,grid,bf16,106.8800,22.2683,84.6116,22495,ok
16,32,2,grid,bf16,99.5400,19.6687,79.8713,397,ok
268,2,12,random,bf16,101.0110,15.8276,85.1834,649,ok
2048,257,4,grid,bf16,101.8910,16.0224,85.8686,7289,ok
512,8,4,grid,bf16,100.1700,18.3732,81.7968,893,ok
1,1,8319,deepK,bf16,100.5800,22.4203,78.1597,24894,ok
11,13,48,random,bf16,101.6900,17.3555,84.3345,392,ok
4129,16,16,tall,bf16,102.1100,17.3368,84.7732,4510,ok
1536,2,1,grid,bf16,98.3300,17.4052,80.9248,1917,ok
32,128,257,grid,bf16,104.3800,16.8525,87.5275,1241,ok
256,8200,64,wide_output,bf16,106.6700,22.6335,84.0366,41469,ok
127,32,128,grid,bf16,102.4500,16.3450,86.1050,508,ok
384,512,128,grid,bf16,101.3911,17.1533,84.2377,3063,ok
1536,512,384,grid,bf16,105.4600,22.6366,82.8234,23015,ok
2048,127,64,grid,bf16,103.8700,18.5202,85.3498,2429,ok
4,581,70,random,bf16,101.0400,17.7774,83.2626,1929,ok
257,96,256,grid,bf16,106.4200,16.9639,89.4561,1277,ok
150,11,8,random,bf16,101.7500,18.6113,83.1386,531,ok
2,768,1024,grid,bf16,102.0600,16.3091,85.7509,18431,ok
129,2,127,grid,bf16,101.9800,28.6437,73.3363,510,ok
16,4,128,grid,bf16,114.8300,28.9870,85.8430,397,ok
768,192,127,grid,bf16,114.1200,28.0528,86.0673,2299,ok
1,1536,32,grid,bf16,116.8200,23.8594,92.9606,4595,ok
5,363,7326,random,bf16,118.3400,26.5019,91.8381,67337,ok
64,4,1024,grid,bf16,119.9300,25.5409,94.3891,3567,ok
16,127,64,grid,bf16,114.6300,25.3724,89.2576,397,ok
32,4096,129,grid,bf16,104.1600,13.6175,90.5425,26495,ok
64,1,192,grid,bf16,104.2800,15.9535,88.3265,891,ok
512,256,512,grid,bf16,103.6110,14.4216,89.1893,7151,ok
64,16,128,grid,bf16,104.2900,12.2081,92.0819,445,ok
2,5569,7474,random,bf16,127.7000,37.4704,90.2295,996863,ok
32,2,1,random,bf16,113.5090,25.0669,88.4421,413,ok
257,64,384,grid,bf16,115.5110,30.3454,85.1656,1916,ok
256,4160,256,fat,bf16,107.9400,17.4981,90.4419,42107,ok
2048,768,2,grid,bf16,108.4500,17.0038,91.4462,14579,ok
16,4096,4,grid,bf16,115.7800,21.4415,94.3384,12735,ok
768,16,1024,grid,bf16,104.6400,13.6551,90.9848,9199,ok
1628,4538,49,random,bf16,120.2300,32.4435,87.7865,72359,ok
1,2048,128,grid,bf16,96.3500,18.4220,77.9280,6127,ok
8,1151,8,fat,bf16,100.2100,18.0667,82.1434,3509,ok
8,768,4,grid,bf16,96.7199,16.6422,80.0778,2339,ok
70,5233,1309,random,bf16,105.6500,21.6786,83.9714,203851,ok
4096,2,128,grid,bf16,100.6000,16.7027,83.8973,4477,ok
2,4,768,grid,bf16,104.6690,16.6698,87.9992,2303,ok
2,1,4,grid,bf16,95.3400,15.8575,79.4825,383,ok
53,6190,166,random,bf16,97.6000,16.3393,81.2607,42629,ok
127,8,16,grid,bf16,96.1000,18.7359,77.3641,508,ok
1024,4,8,grid,bf16,96.5100,18.0299,78.4801,1405,ok
512,1536,1536,grid,bf16,108.2800,26.6782,81.6018,128735,ok
26,5198,158,random,bf16,97.4300,17.3129,80.1172,33455,ok
1,257,129,grid,bf16,95.7900,18.2061,77.5839,2297,ok
1536,257,257,grid,bf16,97.9000,22.6620,75.2380,17261,ok
2048,192,2,grid,bf16,99.1100,19.6834,79.4266,4859,ok
257,129,256,grid,bf16,109.7500,17.4648,92.2853,2555,ok
127,8,32,grid,bf16,106.5400,17.9883,88.5517,508,ok
256,1024,257,grid,bf16,113.1490,19.5682,93.5808,15311,ok
1,4160,16,gemv_wideN,bf16,112.1400,19.4309,92.7090,12638,ok
2081,8,8,tall,bf16,110.8100,19.2583,91.5516,2462,ok
129,256,4,grid,bf16,110.5600,18.9490,91.6109,1021,ok
49,6178,623,random,bf16,113.2700,22.3307,90.9392,105594,ok
256,384,2,grid,bf16,111.4600,17.0534,94.4065,1913,ok
1536,192,256,grid,bf16,109.9300,19.1720,90.7580,7671,ok
1027,2,1608,random,bf16,111.5600,20.4656,91.0944,18316,ok
768,2,16,grid,bf16,108.7700,17.7997,90.9702,1149,ok
95,3360,93,random,bf16,109.7300,19.4645,90.2655,12878,ok
2048,4096,768,grid,bf16,165.3100,73.8869,91.4231,466559,ok
432,4,7267,random,bf16,107.6700,20.2174,87.4527,46397,ok
2,1024,129,grid,bf16,109.1900,18.3877,90.8023,6143,ok
2048,768,4096,grid,bf16,161.9000,70.9293,90.9707,466559,ok
2,257,64,grid,bf16,108.5700,19.9995,88.5705,1151,ok
257,2,16,grid,bf16,110.3600,16.9698,93.3902,638,ok
16,16,1057,deepK,bf16,108.8400,18.3880,90.4520,3581,ok
384,2,512,grid,bf16,109.3200,17.9508,91.3692,3063,ok
7,198,1,random,bf16,109.7100,16.6402,93.0698,777,ok
128,8,4,grid,bf16,108.6800,18.1720,90.5080,509,ok
768,768,512,grid,bf16,113.6800,20.3675,93.3124,27599,ok
1102,27,13,random,bf16,110.1100,18.4712,91.6389,1483,ok
4,4096,768,grid,bf16,107.7500,19.5615,88.1885,74111,ok
272,3999,20,random,bf16,115.5910,22.1446,93.4464,20927,ok
8,128,2,grid,bf16,108.6300,18.5355,90.0945,389,ok
12,25,619,random,bf16,110.4300,17.4337,92.9963,1969,ok
8,96,1536,grid,bf16,107.6600,18.1695,89.4905,4679,ok
32,32,192,grid,bf16,105.3900,17.9334,87.4566,827,ok
192,4096,32,grid,bf16,110.0000,20.9145,89.0855,18367,ok
298,1851,238,random,bf16,115.2710,19.9833,95.2877,20399,ok
512,128,127,grid,bf16,107.8900,17.5217,90.3683,893,ok
4,696,13,random,bf16,106.8000,17.6758,89.1242,2315,ok
128,129,129,grid,bf16,112.5000,17.8325,94.6675,2039,ok
16,4097,64,wide_output,bf16,108.0499,17.5620,90.4879,13133,ok
96,256,768,grid,bf16,107.3290,20.2888,87.0402,5735,ok
587,7870,518,random,bf16,136.2300,45.4624,90.7676,300389,ok
8,192,384,grid,bf16,109.3500,18.8335,90.5166,2339,ok
1685,132,21,random,bf16,110.9800,19.4169,91.5631,4133,ok
6,1155,1252,random,bf16,111.5800,19.9508,91.6292,38799,ok
1024,512,64,grid,bf16,109.6300,20.1535,89.4765,5623,ok
192,96,4096,grid,bf16,113.2600,23.0198,90.2402,18367,ok
128,4096,127,grid,bf16,112.0500,18.2901,93.7599,16319,ok
3162,1257,187,random,bf16,118.1300,28.7137,89.4163,70879,ok
1,383,1,fat,bf16,104.1900,16.5587,87.6313,1148,ok
2,4096,257,grid,bf16,108.1290,17.1544,90.9746,36863,ok
2,16,128,grid,bf16,110.3100,17.7157,92.5943,383,ok
192,4096,1024,grid,bf16,121.3900,26.9309,94.4591,146943,ok
1,1,8225,deepK,bf16,110.3600,21.9498,88.4102,24894,ok
16,128,4,grid,bf16,110.1200,19.1188,91.0012,397,ok
128,1120,64,wide_output,bf16,106.6800,17.6206,89.0594,4589,ok
4104,8,8,tall,bf16,107.4500,18.4852,88.9648,4485,ok
4,2,8,grid,bf16,111.6600,19.9503,91.7097,385,ok
64,1,2,grid,bf16,109.1300,18.5835,90.5465,445,ok
1,128,16,grid,bf16,107.0700,18.2932,88.7768,382,ok
512,1024,16,grid,bf16,109.6700,21.3943,88.2757,7151,ok
3,32,33,random,bf16,109.5200,29.3993,80.1208,384,ok
2048,2,32,grid,bf16,110.2300,17.7089,92.5211,2429,ok
4096,2048,127,grid,bf16,127.2000,38.1311,89.0689,71647,ok
513,64,64,tall,bf16,109.3900,18.7296,90.6604,894,ok
64,264,64,fat,bf16,106.5490,18.4844,88.0646,1337,ok
8,8319,8,fat,bf16,111.4490,20.9030,90.5460,25349,ok
512,192,256,grid,bf16,111.1800,19.9420,91.2380,3575,ok
8192,1,1,tall,bf16,106.2500,17.0546,89.1954,8573,ok
2977,467,109,random,bf16,116.7400,22.6174,94.1226,13435,ok
1,192,257,grid,bf16,125.4900,22.3349,103.1551,2297,ok
768,64,4096,grid,bf16,110.8400,22.1136,88.7265,36799,ok
257,129,512,grid,bf16,112.7600,17.5944,95.1656,5111,ok
4096,1024,2048,grid,bf16,181.2400,87.9199,93.3201,573183,ok
512,1024,1,grid,bf16,114.3200,23.1110,91.2090,7151,ok
1,257,1024,grid,bf16,106.8500,22.6149,84.2351,9191,ok
256,256,1,grid,bf16,106.6800,19.7334,86.9466,1275,ok
127,16,512,grid,bf16,110.1310,17.8715,92.2594,2035,ok
768,257,96,grid,bf16,109.5600,19.1950,90.3650,3449,ok
32,768,256,grid,bf16,109.7200,20.3311,89.3889,4967,ok
2103,40,193,random,bf16,109.5690,17.9230,91.6460,4969,ok
127,1,8,grid,bf16,105.6100,16.8355,88.7745,508,ok
257,192,2048,grid,bf16,107.8090,20.1577,87.6513,20447,ok
192,4096,192,grid,bf16,111.4100,21.8630,89.5470,36735,ok
1,16,384,grid,bf16,109.5490,19.9942,89.5549,1148,ok
30,4,140,random,bf16,112.1700,18.6185,93.5515,823,ok
128,2048,384,grid,bf16,110.6800,19.9653,90.7147,24479,ok
512,32,2048,grid,bf16,110.1400,20.0546,90.0854,14303,ok
8225,8,8,tall,bf16,109.2400,18.0825,91.1575,8606,ok
127,8,129,grid,bf16,109.4500,21.7762,87.6738,1017,ok
1536,768,192,grid,bf16,111.6400,24.7850,86.8550,23015,ok
64,16,512,grid,bf16,111.9200,20.5837,91.3363,1783,ok
8,8,1032,deepK,bf16,106.6100,18.4440,88.1660,3509,ok
1024,16,2,grid,bf16,109.0100,21.1064,87.9036,1405,ok
8,4096,1536,grid,bf16,113.9200,21.0914,92.8285,149759,ok
127,2,768,grid,bf16,110.3890,19.3144,91.0746,3053,ok
32,1024,2,grid,bf16,109.8000,18.4912,91.3088,3311,ok
129,768,16,grid,bf16,106.6300,19.2127,87.4173,3065,ok
32,768,128,grid,bf16,110.1400,18.8941,91.2459,2483,ok
257,257,1536,grid,bf16,110.3400,22.1458,88.1942,23003,ok
32,16,8,grid,bf16,107.4700,17.6927,89.7773,413,ok
16,256,768,grid,bf16,110.6201,19.1928,91.4273,4775,ok
256,16,1536,grid,bf16,107.8800,20.6674,87.2126,7655,ok
1,2175,16,gemv_wideN,bf16,110.7311,17.2654,93.4657,6510,ok
8094,1734,2429,random,bf16,382.5800,289.2281,93.3519,2254615,ok
128,128,2048,grid,bf16,110.9400,18.8079,92.1322,8159,ok
256,96,128,grid,bf16,108.2300,17.2567,90.9734,637,ok
1,2175,128,gemv_wideN,bf16,107.4100,21.3623,86.0477,6510,ok
32,129,256,grid,bf16,109.1910,17.8505,91.3405,1655,ok
18,14,1484,random,bf16,108.0590,20.2162,87.8429,4799,ok
4096,8,128,grid,bf16,106.8100,17.8005,89.0095,4477,ok
1024,2,2,grid,bf16,108.6900,18.8458,89.8442,1405,ok
2,289,160,random,bf16,110.0200,17.6808,92.3392,2303,ok
64,64,4192,deepK,bf16,109.4200,19.3548,90.0652,14717,ok
129,2,8,grid,bf16,108.6100,17.2121,91.3979,510,ok
768,512,256,grid,bf16,111.5900,20.1884,91.4017,9199,ok
1479,2,322,random,bf16,110.9100,19.9472,90.9629,5582,ok
4,970,1636,random,bf16,109.3500,17.8394,91.5106,40143,ok
20,3204,2,random,bf16,108.1600,26.7635,81.3966,10451,ok
16,1536,512,grid,bf16,110.6500,18.2287,92.4213,19103,ok
64,256,16,grid,bf16,109.2400,17.7449,91.4952,891,ok
53,13,387,random,bf16,111.3100,20.0305,91.2795,1739,ok
8,256,32,grid,bf16,110.3600,21.6185,88.7414,779,ok
129,768,192,grid,bf16,109.9600,20.2108,89.7491,6131,ok
8,8,352,deepK,bf16,105.6400,18.6506,86.9895,1169,ok
32,129,32,grid,bf16,110.9700,19.9588,91.0111,827,ok
192,1,64,grid,bf16,109.4290,18.5114,90.9176,573,ok
257,512,8,grid,bf16,107.3800,19.5230,87.8570,2555,ok
129,16,127,grid,bf16,109.4200,18.4577,90.9623,510,ok
1,8288,1,fat,bf16,104.4510,17.9066,86.5444,24894,ok
8,8,8193,deepK,bf16,110.7800,18.5775,92.2025,25349,ok
1,4160,1,fat,bf16,103.6600,17.4542,86.2059,12638,ok
256,256,4129,deepK,bf16,110.1800,21.5125,88.6675,42107,ok
512,64,2,grid,bf16,109.3400,19.8937,89.4463,893,ok
127,257,2048,grid,bf16,114.4710,20.0011,94.4699,24431,ok
16,16,8256,deepK,bf16,113.9700,18.8633,95.1067,25869,ok
7082,1776,1994,random,bf16,323.9200,230.7036,93.2164,1671935,ok
1,4527,2,random,bf16,106.1800,18.5709,87.6092,13787,ok
1,384,16,grid,bf16,112.0200,18.5725,93.4475,1148,ok
127,384,2048,grid,bf16,111.8300,19.6268,92.2032,24431,ok
384,64,192,grid,bf16,106.1400,18.4317,87.7083,1531,ok
1024,1024,129,grid,bf16,112.2400,22.9858,89.2542,22495,ok
2,192,96,grid,bf16,109.9700,18.8950,91.0750,767,ok
512,768,2048,grid,bf16,121.0600,26.1584,94.9016,85823,ok
4096,2048,1,grid,bf16,125.0000,35.8765,89.1235,71647,ok
1,264,1,fat,bf16,104.6711,23.1770,81.4940,1148,ok
16,257,1024,grid,bf16,109.8400,18.0410,91.7990,9551,ok
257,256,4,grid,bf16,110.0100,21.0661,88.9439,1277,ok
128,1032,128,fat,bf16,110.4900,17.8236,92.6664,4589,ok
384,512,16,grid,bf16,113.9600,19.3486,94.6114,3063,ok
257,1024,64,grid,bf16,110.1000,21.0882,89.0118,5111,ok
992,37,77,random,bf16,111.1800,20.8185,90.3616,1373,ok
16,257,4,grid,bf16,109.5600,18.8325,90.7275,1193,ok
256,256,2112,deepK,bf16,112.4300,20.2650,92.1650,21691,ok
523,3,6,random,bf16,109.3100,19.1453,90.1647,904,ok
128,8225,128,fat,bf16,112.3200,21.2088,91.1112,33149,ok
3,54,435,random,bf16,106.4600,18.9351,87.5249,1539,ok
512,129,2048,grid,bf16,111.5100,19.8708,91.6392,28607,ok
1151,64,64,tall,bf16,109.2500,20.1110,89.1391,1532,ok
127,257,1536,grid,bf16,110.3310,22.7148,87.6162,18323,ok
113,10,3,random,bf16,109.6200,22.6731,86.9469,494,ok
13,25,5077,random,bf16,111.4700,19.0096,92.4604,15799,ok
64,512,96,grid,bf16,111.0110,19.4316,91.5795,1783,ok
2,192,1,grid,bf16,107.8400,18.4989,89.3411,767,ok
127,8,1024,grid,bf16,106.9200,16.8960,90.0241,4071,ok
128,192,512,grid,bf16,109.1000,20.3239,88.7761,4079,ok
192,4096,16,grid,bf16,112.6300,21.2632,91.3667,18367,ok
384,257,96,grid,bf16,110.3990,18.4439,91.9551,2297,ok
192,512,2048,grid,bf16,111.4890,20.2453,91.2436,36735,ok
96,1024,4,grid,bf16,111.9100,19.6426,92.2673,3823,ok
13,3,64,random,bf16,109.6700,17.8591,91.8109,394,ok
3459,6267,364,random,bf16,220.8900,126.7030,94.1870,564626,ok
3,1822,83,random,bf16,109.2200,17.1383,92.0816,5774,ok
152,171,410,random,bf16,110.3000,18.7030,91.5971,4271,ok
5582,1076,7488,random,bf16,477.7510,380.4489,97.3021,3166883,ok
145,536,34,random,bf16,109.6700,16.9181,92.7519,2634,ok
256,256,1057,deepK,bf16,114.1300,19.5678,94.5621,11483,ok
1536,1,96,grid,bf16,110.3890,17.6653,92.7236,1917,ok
1,1151,256,gemv_wideN,bf16,112.0890,20.4704,91.6186,6893,ok
127,64,384,grid,bf16,108.7400,16.7894,91.9506,1526,ok
128,1024,256,grid,bf16,112.7800,17.9641,94.8159,8159,ok
718,3292,475,random,bf16,120.5300,27.9628,92.5672,114399,ok
105,6598,1827,random,bf16,122.6800,30.5049,92.1752,379859,ok
2,8,2048,grid,bf16,109.4700,17.0675,92.4025,6143,ok
1,4096,16,gemv_wideN,bf16,108.4600,17.9594,90.5006,12255,ok
1044,13,6350,random,bf16,112.1600,20.7074,91.4526,71299,ok
768,768,8,grid,bf16,114.5000,20.8007,93.6993,6899,ok
2048,2,96,grid,bf16,111.1400,17.1548,93.9852,2429,ok
4096,4,192,grid,bf16,110.6400,21.3785,89.2614,8955,ok
16,512,4,grid,bf16,107.4100,18.6446,88.7653,1591,ok
10,13,5,random,bf16,107.9500,17.3003,90.6497,391,ok
2810,244,67,random,bf16,109.9200,20.0373,89.8828,6383,ok
2048,257,256,grid,bf16,108.5110,19.5086,89.0024,14579,ok
1,256,96,grid,bf16,108.4200,18.7546,89.6654,765,ok
1,2081,128,gemv_wideN,bf16,111.3600,18.5644,92.7956,6510,ok
750,8182,21,random,bf16,122.9900,30.3313,92.6587,72447,ok
94,393,11,random,bf16,109.7100,18.0337,91.6763,1903,ok
2048,384,96,grid,bf16,108.5300,18.4798,90.0502,7289,ok
4,64,128,grid,bf16,109.5000,17.3074,92.1926,385,ok
16,1024,512,grid,bf16,106.4600,17.7478,88.7123,12735,ok
2,64,2,grid,bf16,108.6200,17.1470,91.4730,383,ok
257,256,256,grid,bf16,110.0000,18.1432,91.8568,2555,ok
2,128,256,grid,bf16,107.6690,17.0920,90.5769,767,ok
129,2,1536,grid,bf16,107.0400,17.6587,89.3813,6131,ok
64,256,1024,grid,bf16,109.3400,19.2817,90.0583,7135,ok
88,2,2,random,bf16,108.7700,17.9762,90.7938,469,ok
64,685,2,random,bf16,111.1700,18.5293,92.6407,2675,ok
128,257,768,grid,bf16,110.1600,19.1870,90.9729,9179,ok
2,922,2699,random,bf16,111.3110,18.9879,92.3231,67583,ok
129,127,1,grid,bf16,106.1910,17.4171,88.7739,510,ok
8,127,129,grid,bf16,112.7800,16.6947,96.0853,779,ok
128,128,608,deepK,bf16,111.2310,18.3098,92.9212,2549,ok
3223,3,30,random,bf16,107.3000,18.2974,89.0026,3604,ok
8,8,8192,deepK,bf16,109.1600,17.3632,91.7968,24959,ok
129,192,96,grid,bf16,110.8400,20.3194,90.5206,1021,ok
1,4096,2,grid,bf16,109.6900,19.3050,90.3850,12255,ok
1,4097,1,fat,bf16,107.5900,16.9149,90.6751,12638,ok
64,2048,96,grid,bf16,111.3300,19.6076,91.7223,7135,ok
8,520,8,fat,bf16,111.0500,22.8497,88.2003,1949,ok
485,801,415,random,bf16,114.0400,22.4263,91.6137,24275,ok
384,32,1,grid,bf16,104.1500,18.0846,86.0654,765,ok
257,128,2048,grid,bf16,111.9000,18.2740,93.6259,10223,ok
127,64,128,grid,bf16,110.3300,16.7235,93.6065,508,ok
1120,8,8,tall,bf16,112.4500,21.4706,90.9794,1501,ok
2,161,24,random,bf16,110.0800,17.3260,92.7540,767,ok
256,256,4223,deepK,bf16,111.9900,21.1459,90.8440,42107,ok
96,192,32,grid,bf16,108.5500,18.7169,89.8331,955,ok
64,8,384,grid,bf16,111.5700,18.5521,93.0179,1337,ok
127,1024,4,grid,bf16,109.1300,20.0916,89.0384,4071,ok
32,64,96,grid,bf16,108.3400,18.7679,89.5721,413,ok
257,32,512,grid,bf16,112.1600,19.5028,92.6571,2555,ok
122,2,39,random,bf16,105.3900,22.4662,82.9238,503,ok
256,4096,16,grid,bf16,110.7300,23.3459,87.3841,20415,ok
96,8,1536,grid,bf16,110.3700,20.3330,90.0370,5735,ok
2621,50,2040,random,bf16,113.3100,27.6500,85.6600,48047,ok
192,16,129,grid,bf16,107.9700,17.7640,90.2059,1147,ok
2048,1,512,grid,bf16,109.3110,21.8529,87.4581,9719,ok
257,8,129,grid,bf16,108.1000,16.7746,91.3253,1277,ok
4,127,192,grid,bf16,109.1000,18.8579,90.2421,771,ok
8,256,64,wide_output,bf16,109.2800,19.4429,89.8371,779,ok
257,192,256,grid,bf16,109.7800,19.2715,90.5085,2555,ok
2048,8,192,grid,bf16,107.8600,18.8649,88.9951,4859,ok
8,1024,192,grid,bf16,108.3700,20.7790,87.5911,6239,ok
8,8,4223,deepK,bf16,109.4000,20.4362,88.9638,12869,ok
16,512,256,grid,bf16,112.6400,22.4920,90.1480,3183,ok
1536,4096,257,grid,bf16,131.7300,43.4104,88.3196,184127,ok
1,513,128,gemv_wideN,bf16,110.2600,19.4891,90.7708,1914,ok
96,4096,129,grid,bf16,110.4200,19.8076,90.6124,30591,ok
2,1216,59,random,bf16,108.7800,19.4968,89.2832,3839,ok
129,8,1536,grid,bf16,112.2700,22.5179,89.7521,6131,ok
16,16,257,deepK,bf16,108.6800,18.1899,90.4901,1193,ok
3,2,7040,random,bf16,109.8000,18.8475,90.9524,21174,ok
129,127,4096,grid,bf16,113.2000,20.9387,92.2613,16351,ok
1024,4096,4096,grid,bf16,243.9000,153.2763,90.6237,1439743,ok
127,384,1024,grid,bf16,108.7110,19.4381,89.2729,12215,ok
96,64,4,grid,bf16,107.8000,16.8207,90.9793,477,ok
384,2,192,grid,bf16,109.9900,19.5032,90.4868,1531,ok
2048,16,384,grid,bf16,110.3490,20.4817,89.8673,7289,ok
16,2112,64,wide_output,bf16,109.3000,19.8756,89.4244,6765,ok
96,2048,1024,grid,bf16,113.0100,22.9308,90.0792,61183,ok
768,768,256,grid,bf16,112.0000,20.7731,91.2268,13799,ok
127,2,8,grid,bf16,111.1400,18.1534,92.9866,508,ok
1068,2,1,random,bf16,108.8300,18.3274,90.5026,1449,ok
4096,127,96,grid,bf16,112.2400,21.4861,90.7540,4477,ok
13,903,3601,random,bf16,109.5300,21.5717,87.9583,91639,ok
128,2,129,grid,bf16,108.1600,17.4976,90.6624,1019,ok
96,16,768,grid,bf16,109.1600,19.0032,90.1568,2867,ok
4281,305,4788,random,bf16,167.3800,78.3226,89.0573,531581,ok
1,1,2056,deepK,bf16,109.3500,19.4987,89.8513,6510,ok
2,309,4407,random,bf16,109.0000,19.1622,89.8379,40319,ok
257,8,4,grid,bf16,108.9900,18.6415,90.3485,638,ok
41,304,38,random,bf16,106.6500,17.7197,88.9303,1268,ok
8,2,1536,grid,bf16,108.4100,18.3208,90.0892,4679,ok
64,1536,2,grid,bf16,106.2900,28.3870,77.9030,5351,ok
8,2,5,random,bf16,106.2700,18.9728,87.2973,389,ok
1,2175,64,wide_output,bf16,107.2200,19.5498,87.6701,6510,ok
823,1007,9,random,bf16,113.5000,20.6913,92.8087,9639,ok
257,1024,2048,grid,bf16,115.1200,26.5706,88.5494,81791,ok
1,2048,384,grid,bf16,116.1000,22.1370,93.9630,18383,ok
2175,64,64,tall,bf16,112.0300,20.6448,91.3852,2556,ok
8,64,1536,grid,bf16,109.7900,20.2269,89.5631,4679,ok
1024,1,1024,grid,bf16,110.2000,22.5533,87.6467,11247,ok
4096,64,257,grid,bf16,111.1100,19.5704,91.5397,13433,ok
4096,2048,384,grid,bf16,139.2500,48.0995,91.1505,214943,ok
768,16,192,grid,bf16,105.9800,19.3379,86.6422,2299,ok
192,2,384,grid,bf16,108.9100,21.8679,87.0422,1721,ok
256,384,127,grid,bf16,107.7000,18.6334,89.0666,1913,ok
1024,64,768,grid,bf16,108.5300,18.9750,89.5550,8435,ok
4,257,127,grid,bf16,110.9900,18.0470,92.9430,1157,ok
92,80,17,random,bf16,111.2800,18.4350,92.8449,473,ok
4096,8,8,tall,bf16,110.1700,17.4522,92.7178,4477,ok
512,512,64,thinK,bf16,109.7290,18.9734,90.7556,3575,ok
16,520,64,wide_output,bf16,111.1800,18.6789,92.5011,1989,ok
768,129,64,grid,bf16,108.2900,18.3724,89.9176,2299,ok
127,96,192,grid,bf16,111.3200,20.4374,90.8826,1017,ok
768,1,32,grid,bf16,104.4200,17.7067,86.7134,1149,ok
2048,64,2048,grid,bf16,109.9700,22.7339,87.2361,38879,ok
4096,96,1536,grid,bf16,116.2600,24.4633,91.7967,53735,ok
1,639,1,fat,bf16,109.8200,18.9289,90.8911,1914,ok
384,768,2048,grid,bf16,113.3000,26.3795,86.9205,73535,ok
117,19,543,random,bf16,109.6500,20.0690,89.5810,2494,ok
256,2048,192,grid,bf16,108.7600,27.2974,81.4626,20415,ok
1,129,768,grid,bf16,105.0100,19.5226,85.4874,4595,ok
2,1536,192,grid,bf16,110.1300,19.0836,91.0464,9215,ok
5968,188,16,random,bf16,111.0890,18.6544,92.4345,12699,ok
1,383,16,gemv_wideN,bf16,108.4000,29.5463,78.8537,1148,ok
192,128,64,grid,bf16,109.0800,22.9559,86.1241,573,ok
2,1,256,grid,bf16,117.4600,28.1420,89.3180,767,ok
20,2824,277,random,bf16,109.6200,17.2593,92.3607,27737,ok
1,8200,8,gemv_wideN,bf16,107.2710,20.4240,86.8470,24894,ok
127,2,256,grid,bf16,110.8000,18.1906,92.6094,1017,ok
1,1536,256,grid,bf16,111.0600,20.3569,90.7031,9191,ok
1235,2071,2,random,bf16,119.3000,25.6989,93.6011,27488,ok
129,8,4096,grid,bf16,108.2200,18.9721,89.2478,16351,ok
32,32,512,grid,bf16,109.8000,20.1064,89.6935,1655,ok
4096,2,512,grid,bf16,107.0700,18.8138,88.2562,17911,ok
4,512,127,grid,bf16,109.9300,17.0647,92.8653,1543,ok
24,26,25,random,bf16,106.8700,18.9263,87.9436,405,ok
1024,1024,192,grid,bf16,108.2400,21.3673,86.8727,22495,ok
1,129,2048,grid,bf16,107.3300,19.7478,87.5821,12255,ok
4,2,128,grid,bf16,106.0300,16.5428,89.4872,385,ok
1536,127,512,grid,bf16,111.8700,21.1315,90.7385,7671,ok
8,192,127,grid,bf16,110.3700,19.4415,90.9285,779,ok
768,16,127,grid,bf16,113.3800,16.0555,97.3245,1149,ok
4,192,64,grid,bf16,108.1100,17.0932,91.0168,771,ok
16,4096,8,grid,bf16,110.2000,17.3782,92.8218,12735,ok
129,4,32,grid,bf16,109.0600,18.3134,90.7466,510,ok
127,256,512,grid,bf16,109.0000,22.1381,86.8619,4071,ok
256,2144,64,wide_output,bf16,110.1100,18.3224,91.7877,10845,ok
308,5,7688,random,bf16,109.6200,18.9715,90.6485,42089,ok
1,8193,64,wide_output,bf16,108.1900,19.8461,88.3439,24894,ok
387,4119,160,random,bf16,112.7300,23.0402,89.6897,50753,ok
384,384,257,grid,bf16,113.0100,18.2264,94.7836,6893,ok
64,16,1,grid,bf16,104.5900,16.8773,87.7127,445,ok
2,119,117,random,bf16,109.1510,19.1012,90.0498,383,ok
384,96,32,grid,bf16,107.6090,16.5746,91.0343,765,ok
3,4519,17,random,bf16,111.3000,19.7827,91.5173,13859,ok
1,384,512,grid,bf16,110.2000,20.5718,89.6282,4595,ok
16,16,2081,deepK,bf16,107.6500,19.7589,87.8911,6765,ok
475,55,4,random,bf16,111.0100,17.5218,93.4882,856,ok
3,36,6,random,bf16,106.7600,16.7465,90.0135,384,ok
2048,1,2048,grid,bf16,116.6900,27.8417,88.8483,38879,ok
64,16,127,grid,bf16,109.3000,17.4754,91.8246,445,ok
1,16,129,grid,bf16,108.5800,19.2392,89.3408,765,ok
49,58,82,random,bf16,108.9500,19.4422,89.5079,430,ok
2,512,2,grid,bf16,108.8490,16.1519,92.6971,1535,ok
4909,1,347,random,bf16,111.7400,22.7238,89.0162,15872,ok
16,1024,384,grid,bf16,109.6000,16.5789,93.0211,9551,ok
32,257,4096,grid,bf16,108.0910,18.2405,89.8505,39743,ok
16,127,192,grid,bf16,105.4900,17.1170,88.3729,795,ok
96,1536,1536,grid,bf16,112.1400,19.4567,92.6833,68831,ok
997,485,1518,random,bf16,115.1800,26.4419,88.7381,66191,ok
32,129,4096,grid,bf16,113.5200,19.1291,94.3909,26495,ok
192,64,96,grid,bf16,109.0500,16.4796,92.5704,573,ok
32,32,127,grid,bf16,107.5500,16.6468,90.9032,413,ok
352,128,128,tall,bf16,109.7400,20.8936,88.8465,733,ok
512,2,129,grid,bf16,109.3300,16.5511,92.7789,1787,ok
16,4192,16,fat,bf16,108.5910,17.2284,91.3627,13133,ok
4096,16,1024,grid,bf16,112.1800,23.9969,88.1831,35823,ok
1,16,256,grid,bf16,108.8890,17.5277,91.3613,765,ok
4,2594,83,random,bf16,106.3800,18.4093,87.9707,8105,ok
1,1025,8,gemv_wideN,bf16,105.6900,16.3231,89.3669,3446,ok
32,257,2048,grid,bf16,109.0400,18.5105,90.5295,19871,ok
2109,512,4,random,bf16,112.2200,22.4049,89.8152,9963,ok
1,8,192,grid,bf16,106.5900,18.8237,87.7663,765,ok
1,127,4,grid,bf16,106.4800,17.4200,89.0600,382,ok
14,6,366,random,bf16,109.1400,17.0643,92.0757,1187,ok
256,1536,129,grid,bf16,110.6800,22.8592,87.8208,15311,ok
545,128,128,tall,bf16,109.1300,17.9344,91.1956,926,ok
16,8,1536,grid,bf16,110.4200,16.2797,94.1403,4775,ok
2048,128,1024,grid,bf16,111.2900,22.9111,88.3789,19439,ok
20,5,45,random,bf16,108.8200,17.8787,90.9413,401,ok
2048,2,127,grid,bf16,110.2400,17.1448,93.0953,2429,ok
4104,256,256,tall,bf16,113.2000,21.5662,91.6338,17943,ok
18,4,941,random,bf16,107.9600,17.2901,90.6698,3199,ok
128,64,4,grid,bf16,108.9500,17.1434,91.8065,509,ok
257,129,127,grid,bf16,109.7400,17.5241,92.2160,1277,ok
64,16,384,grid,bf16,107.9300,15.1341,92.7959,1337,ok
302,269,632,random,bf16,106.5100,18.9226,87.5874,10259,ok
5,26,440,random,bf16,109.2600,17.7758,91.4842,1547,ok
4,192,127,grid,bf16,106.8500,17.2880,89.5620,771,ok
1476,959,287,random,bf16,114.6300,24.0565,90.5735,44591,ok
8,8,384,grid,bf16,108.4100,17.0335,91.3765,1169,ok
256,96,4,grid,bf16,106.5300,17.4563,89.0737,637,ok
714,7806,3220,random,bf16,266.1400,170.4962,95.6439,1738255,ok
1,4129,16,gemv_wideN,bf16,105.7800,17.4891,88.2909,12638,ok
16,512,8,grid,bf16,109.3000,19.7639,89.5361,1591,ok
16,4096,2048,grid,bf16,112.6200,22.6386,89.9814,203775,ok
127,512,257,grid,bf16,112.2000,18.5949,93.6051,6107,ok
192,127,512,grid,bf16,109.0800,18.2956,90.7844,2295,ok
8,8,4096,deepK,bf16,109.7700,18.4640,91.3060,12479,ok
4096,2048,1536,grid,bf16,213.0200,119.1267,93.8934,859775,ok
127,2048,4,grid,bf16,105.9800,17.7238,88.2562,8143,ok
32,1,257,grid,bf16,109.7900,18.3077,91.4822,1241,ok
4,256,4096,grid,bf16,108.9400,20.6169,88.3231,24703,ok
11,84,34,random,bf16,107.5300,16.7943,90.7358,392,ok
2,197,55,random,bf16,109.9600,17.7483,92.2116,767,ok
1024,16,1,grid,bf16,104.7600,18.5870,86.1730,1405,ok
1024,1536,16,grid,bf16,109.7000,23.5453,86.1547,16871,ok
1,2048,4,grid,bf16,106.4400,17.8373,88.6028,6127,ok
2,512,1,grid,bf16,104.4500,18.8081,85.6419,1535,ok
7,1360,4642,random,bf16,110.2200,21.4281,88.7919,158322,ok
7328,15,2487,random,bf16,121.1000,30.7848,90.3152,154199,ok
32,2048,768,grid,bf16,106.6500,18.8325,87.8175,39743,ok
2,38,19,random,bf16,113.4100,17.7150,95.6950,383,ok
96,64,256,grid,bf16,110.8200,16.8297,93.9902,955,ok
4096,127,128,grid,bf16,110.3500,18.4403,91.9097,4477,ok
256,256,4160,deepK,bf16,111.1800,21.5824,89.5976,42107,ok
3,374,7920,random,bf16,112.5900,20.7651,91.8249,71609,ok
1536,257,2048,grid,bf16,118.6700,25.7102,92.9598,92063,ok
16,127,129,grid,bf16,111.4890,21.7609,89.7281,795,ok
8,8200,64,wide_output,bf16,108.0600,16.8746,91.1854,25349,ok
16,16,1088,deepK,bf16,109.2700,17.3650,91.9050,3581,ok
256,2049,256,fat,bf16,109.6000,19.9456,89.6544,21691,ok
127,1024,129,grid,bf16,109.5800,18.1748,91.4052,8143,ok
256,127,768,grid,bf16,109.8600,19.7554,90.1046,3827,ok
129,1024,512,grid,bf16,106.9600,18.6165,88.3435,16351,ok
16,1,192,grid,bf16,109.4890,20.2989,89.1900,795,ok
129,64,1536,grid,bf16,111.1900,18.6524,92.5376,6131,ok
64,64,320,deepK,bf16,111.2600,17.4551,93.8049,1337,ok
1536,4096,1024,grid,bf16,161.7200,68.7407,92.9793,491007,ok
4096,32,192,grid,bf16,109.9100,17.4222,92.4878,8955,ok
1024,256,128,grid,bf16,111.4091,20.5026,90.9064,2811,ok
64,2,384,grid,bf16,110.6200,16.6962,93.9238,1337,ok
9,13,5,random,bf16,111.8800,19.3608,92.5192,390,ok
512,96,192,grid,bf16,108.8200,16.5653,92.2546,1787,ok
424,52,594,random,bf16,107.6400,18.1221,89.5179,4029,ok
4096,8,4096,grid,bf16,118.1200,26.7242,91.3958,143295,ok
4,4,256,grid,bf16,111.1700,20.4812,90.6888,771,ok
2056,64,64,tall,bf16,109.7900,19.9000,89.8900,2437,ok
118,21,6746,random,bf16,112.4490,17.8967,94.5523,26499,ok
8,1025,64,wide_output,bf16,109.7700,17.1012,92.6688,3509,ok
127,768,32,grid,bf16,109.8100,19.2837,90.5263,3053,ok
1,4,10,random,bf16,110.7100,16.3420,94.3680,382,ok
1,4097,16,gemv_wideN,bf16,106.4400,17.7842,88.6559,12638,ok
545,8,8,tall,bf16,107.7000,19.5977,88.1023,926,ok
256,513,64,wide_output,bf16,109.8600,18.2171,91.6429,3189,ok
96,4096,64,grid,bf16,112.9500,20.1744,92.7756,15295,ok
64,64,2049,deepK,bf16,112.1800,17.1808,94.9992,7581,ok
257,64,1536,grid,bf16,109.3400,18.0315,91.3085,7667,ok
16,129,384,grid,bf16,109.5500,19.8036,89.7463,2387,ok
64,1536,127,grid,bf16,111.6800,17.2972,94.3829,5351,ok
220,1703,77,random,bf16,114.1800,18.0186,96.1614,8427,ok
384,16,64,grid,bf16,110.5310,17.8680,92.6630,765,ok
104,3,88,random,bf16,109.8400,20.0049,89.8351,485,ok
32,127,4,grid,bf16,106.3400,17.0659,89.2740,413,ok
64,320,64,fat,bf16,112.1800,18.0491,94.1310,1337,ok
1,64,96,grid,bf16,108.6400,18.8777,89.7623,382,ok
256,129,129,grid,bf16,111.4600,17.1797,94.2803,2551,ok
256,257,192,grid,bf16,109.4100,18.3322,91.0778,3827,ok
43,11,80,random,bf16,109.4000,21.6947,87.7053,424,ok
4171,10,604,random,bf16,111.1300,19.1677,91.9623,22764,ok
13,360,222,random,bf16,111.2900,16.9178,94.3723,2369,ok
128,768,2048,grid,bf16,110.1000,18.4519,91.6481,48959,ok
8,64,256,grid,bf16,108.8500,18.4056,90.4444,779,ok
2,44,143,random,bf16,110.3500,19.5764,90.7735,767,ok
64,16,16,grid,bf16,110.4400,18.6383,91.8017,445,ok
367,613,3409,random,bf16,116.2000,26.6382,89.5617,101114,ok
1,1,1032,deepK,bf16,107.9000,20.2575,87.6425,3446,ok
1024,1536,256,grid,bf16,116.5300,23.8658,92.6642,33743,ok
256,127,257,grid,bf16,111.6690,16.9197,94.7493,1913,ok
96,2048,2048,grid,bf16,110.6300,21.6285,89.0015,122367,ok
512,8,768,grid,bf16,108.6700,17.6901,90.9799,5363,ok
128,1536,4096,grid,bf16,114.7510,26.6115,88.1395,195839,ok
1536,768,384,grid,bf16,116.2400,23.2675,92.9725,34523,ok
1,545,8,gemv_wideN,bf16,108.2500,17.8125,90.4375,1914,ok
1072,872,202,random,bf16,110.3000,22.5016,87.7984,20355,ok
64,32,192,grid,bf16,109.0800,17.7615,91.3185,891,ok
128,127,1536,grid,bf16,112.0500,20.0905,91.9595,6119,ok
2,2396,559,random,bf16,110.5400,22.8550,87.6850,36479,ok
128,1024,64,wide_output,bf16,113.2690,17.8967,95.3724,4079,ok
2,129,8,grid,bf16,111.0600,17.8937,93.1664,767,ok
384,768,4,grid,bf16,112.7000,18.1395,94.5604,4595,ok
768,128,512,grid,bf16,111.7300,17.6107,94.1193,4599,ok
32,2,129,grid,bf16,113.7100,18.2699,95.4401,827,ok
8,2048,128,grid,bf16,108.7400,17.9614,90.7786,6239,ok
2048,512,128,grid,bf16,113.0200,19.4063,93.6137,9719,ok
772,158,11,random,bf16,110.9200,21.1625,89.7575,2307,ok
128,768,16,grid,bf16,110.7490,19.0264,91.7226,3059,ok
768,4096,64,grid,bf16,118.6600,27.4039,91.2560,36799,ok
256,256,383,deepK,bf16,109.0500,17.6683,91.3817,3827,ok
128,1088,128,fat,bf16,108.5100,16.7005,91.8095,4589,ok
256,257,768,grid,bf16,112.7700,18.6027,94.1673,11483,ok
1114,37,91,random,bf16,106.7200,16.4000,90.3200,1495,ok
16,2,4096,grid,bf16,110.8800,17.4820,93.3980,12735,ok
4223,64,64,tall,bf16,110.5600,19.2154,91.3446,4604,ok
256,520,256,fat,bf16,112.9400,18.2931,94.6469,6379,ok
1024,128,96,grid,bf16,110.0710,17.1177,92.9532,1405,ok
96,768,32,grid,bf16,111.8400,17.9976,93.8424,2867,ok
4,768,256,grid,bf16,112.2400,17.6592,94.5808,4631,ok
1,192,64,grid,bf16,106.6100,18.0294,88.5806,765,ok
128,2048,4096,grid,bf16,118.7800,28.2015,90.5785,261119,ok
4096,129,257,grid,bf16,113.6500,21.1595,92.4905,26867,ok
4,1024,4,grid,bf16,112.3400,17.5063,94.8337,3087,ok
2048,127,768,grid,bf16,112.8690,22.9132,89.9558,14579,ok
4096,384,8,grid,bf16,114.2600,22.3427,91.9173,13433,ok
1,96,8,grid,bf16,106.6600,15.9639,90.6961,382,ok
10,1509,141,random,bf16,110.9110,17.2039,93.7071,9407,ok
4096,4,1,grid,bf16,109.7200,18.1426,91.5773,4477,ok
192,768,256,grid,bf16,110.8100,18.2117,92.5984,6887,ok
64,256,64,grid,bf16,108.1200,17.3028,90.8172,891,ok
127,257,768,grid,bf16,110.7400,18.7637,91.9763,9161,ok
8,545,8,fat,bf16,110.8890,20.8626,90.0264,1949,ok
1536,64,32,grid,bf16,110.1900,18.0378,92.1522,1917,ok
9,1342,1026,random,bf16,110.2400,17.9371,92.3029,38708,ok
1024,32,96,grid,bf16,109.7100,16.6870,93.0229,1405,ok
128,129,384,grid,bf16,110.2400,16.9116,93.3284,3059,ok
256,1536,384,grid,bf16,112.9000,21.3074,91.5926,22967,ok
428,159,1398,random,bf16,112.3100,19.2005,93.1095,17819,ok
2164,7,1742,random,bf16,111.4300,21.1392,90.2908,35643,ok
96,2,129,grid,bf16,111.0500,17.6571,93.3928,955,ok
2048,768,2048,grid,bf16,140.5500,67.9736,72.5764,233279,ok
64,64,1032,deepK,bf16,130.0890,40.2165,89.8725,4013,ok
776,1428,1,random,bf16,122.8600,46.0378,76.8222,13895,ok
64,192,32,grid,bf16,129.6200,39.3056,90.3144,891,ok
8225,8192,64,thinK,bf16,253.9800,169.1195,84.8605,550847,ok
8,8,4104,deepK,bf16,128.2100,38.5540,89.6560,12869,ok
4,152,2,random,bf16,131.4700,39.5357,91.9344,771,ok
256,257,256,fat,bf16,132.4200,39.7018,92.7182,3827,ok
1024,4096,128,grid,bf16,144.0900,48.3210,95.7690,44991,ok
16,8200,64,wide_output,bf16,131.3310,37.8969,93.4341,25869,ok
203,312,76,random,bf16,131.8500,38.3365,93.5135,1754,ok
164,4089,4592,random,bf16,157.7100,66.3619,91.3481,628991,ok
64,129,127,grid,bf16,132.6200,36.7515,95.8684,891,ok
256,256,2144,deepK,bf16,130.9200,39.5927,91.3273,21691,ok
128,64,129,grid,bf16,129.8900,39.9460,89.9440,1019,ok
8,384,16,grid,bf16,130.5800,37.6178,92.9622,1169,ok
512,768,4,grid,bf16,131.1100,40.3312,90.7788,5363,ok
256,128,192,grid,bf16,130.9100,38.7398,92.1703,1275,ok
2048,384,128,grid,bf16,132.7900,36.6344,96.1556,7289,ok
768,1,1024,grid,bf16,129.1800,42.8176,86.3624,9199,ok
4,384,127,grid,bf16,130.5100,39.4039,91.1061,1157,ok
1536,32,1536,grid,bf16,126.0300,38.9055,87.1245,23015,ok
192,2,4,grid,bf16,131.5800,39.0245,92.5554,573,ok
64,4096,1024,grid,bf16,123.1400,40.4069,82.7331,114175,ok
16,2048,1536,grid,bf16,123.9900,36.8119,87.1781,76415,ok
97,4698,3,random,bf16,132.5710,40.1427,92.4282,17722,ok
16,4096,192,grid,bf16,130.8510,39.6988,91.1522,25471,ok
257,1536,1536,grid,bf16,136.0700,43.4557,92.6143,92015,ok
2,512,2048,grid,bf16,131.1000,36.9591,94.1409,24575,ok
192,384,384,grid,bf16,133.0800,36.6904,96.3896,5165,ok
64,1024,2,grid,bf16,130.7200,42.3705,88.3496,3567,ok
1024,4,768,grid,bf16,130.4900,38.2739,92.2161,8435,ok
257,96,1024,grid,bf16,121.9700,37.8010,84.1691,5111,ok
84,2391,641,random,bf16,121.5790,39.0624,82.5166,53123,ok
1666,4229,41,random,bf16,137.6600,53.7069,83.9531,69631,ok
256,8200,256,fat,bf16,126.5300,45.1632,81.3668,82939,ok
5244,5,1,random,bf16,127.5200,37.8506,89.6694,5625,ok
512,1024,127,grid,bf16,131.8500,39.8608,91.9892,7151,ok
1,1,2144,deepK,bf16,129.1300,39.3324,89.7976,6510,ok
2048,128,96,grid,bf16,132.2900,37.5808,94.7092,2429,ok
1449,106,3329,random,bf16,135.7400,43.2193,92.5207,49436,ok
2048,127,32,grid,bf16,130.8400,37.3487,93.4913,2429,ok
8,384,1024,grid,bf16,132.7600,36.6888,96.0712,9359,ok
1536,512,32,grid,bf16,132.7200,39.3120,93.4080,7671,ok
98,125,2,random,bf16,130.9600,38.3126,92.6474,479,ok
4096,4,1024,grid,bf16,131.1300,41.5926,89.5374,35823,ok
13,1056,1813,random,bf16,126.0000,40.4266,85.5734,53324,ok
384,1024,256,grid,bf16,134.3200,41.3067,93.0133,12255,ok
257,64,96,grid,bf16,132.5200,40.9743,91.5457,638,ok
768,16,96,grid,bf16,129.3200,38.1327,91.1873,1149,ok
129,64,32,grid,bf16,132.0000,39.3964,92.6036,510,ok
32,1536,32,grid,bf16,132.2200,39.3345,92.8855,4967,ok
4,64,512,grid,bf16,132.7600,38.0851,94.6749,1543,ok
257,1024,32,grid,bf16,130.0000,38.6116,91.3884,5111,ok
243,2,1,random,bf16,120.6200,37.1138,83.5062,624,ok
32,128,768,grid,bf16,123.6500,38.0771,85.5729,2483,ok
33,1437,33,random,bf16,130.9400,38.2192,92.7208,4979,ok
96,32,256,grid,bf16,130.6800,38.6639,92.0161,955,ok
1024,129,128,grid,bf16,131.2400,37.7086,93.5314,2811,ok
8,16,4,grid,bf16,130.8390,37.6075,93.2315,389,ok
32,8,1024,grid,bf16,131.8310,36.6562,95.1748,3311,ok
8,2056,64,wide_output,bf16,129.5500,37.4297,92.1203,6629,ok
164,23,1,random,bf16,122.3000,37.9094,84.3906,545,ok
128,16,256,grid,bf16,130.9401,37.3432,93.5968,1019,ok
4697,3,1,random,bf16,121.2710,38.8473,82.4237,5078,ok
4,128,1024,grid,bf16,123.1600,38.6807,84.4793,3087,ok
32,256,768,grid,bf16,130.4600,37.4814,92.9785,4967,ok
96,2048,768,grid,bf16,134.1600,39.2721,94.8879,45887,ok
1,96,384,grid,bf16,131.7800,40.4508,91.3292,1148,ok
352,256,256,tall,bf16,131.0500,21.3502,109.6998,2935,ok
256,256,520,deepK,bf16,121.1900,19.7058,101.4841,6379,ok
768,192,2,grid,bf16,120.3700,21.1424,99.2276,2299,ok
192,384,257,grid,bf16,119.2300,18.3748,100.8552,5165,ok
24,59,1827,random,bf16,119.5800,18.0903,101.4896,6089,ok
16,8,4096,grid,bf16,120.6490,17.3912,103.2578,12735,ok
96,2048,129,grid,bf16,119.6300,18.0586,101.5714,15295,ok
8,2112,8,fat,bf16,119.7900,17.9888,101.8012,6629,ok
2,1,35,random,bf16,120.9800,18.3543,102.6257,383,ok
128,16,1536,grid,bf16,118.8300,17.6688,101.1612,6119,ok
32,96,16,grid,bf16,119.9600,17.6599,102.3001,413,ok
2048,8,96,grid,bf16,119.4300,19.2731,100.1569,2429,ok
1272,2,250,random,bf16,118.0100,25.9976,92.0123,3307,ok
4896,4,7,random,bf16,119.1200,18.2794,100.8406,5277,ok
1566,5281,226,random,bf16,142.6000,41.3597,101.2403,163631,ok
96,257,512,grid,bf16,117.9700,19.0382,98.9318,5735,ok
678,1,38,random,bf16,116.8400,18.3460,98.4940,1059,ok
128,129,2,grid,bf16,117.3000,19.4179,97.8822,1019,ok
192,3579,94,random,bf16,121.6501,18.5712,103.0788,16071,ok
256,1032,64,wide_output,bf16,122.7400,19.9939,102.7461,5741,ok
250,363,8,random,bf16,118.5300,18.9295,99.6005,1895,ok
1,2048,192,grid,bf16,122.3690,21.2097,101.1593,12255,ok
4096,1024,768,grid,bf16,158.1600,48.8106,109.3494,214943,ok
129,257,256,grid,bf16,119.7100,18.6356,101.0744,3065,ok
257,384,256,grid,bf16,120.4490,22.0444,98.4046,3833,ok
64,16,256,grid,bf16,110.7710,20.4683,90.3026,891,ok
1,384,96,grid,bf16,107.2800,32.3615,74.9184,1148,ok
768,4,127,grid,bf16,109.7800,18.9531,90.8269,1149,ok
768,4,384,grid,bf16,109.4400,23.1515,86.2885,3449,ok
1,2048,4096,grid,bf16,131.0700,44.0372,87.0327,196095,ok
1,8288,128,gemv_wideN,bf16,113.3000,25.2858,88.0142,24894,ok
128,128,1057,deepK,bf16,130.5100,30.5690,99.9409,4589,ok
2048,768,1024,grid,bf16,126.1600,36.6349,89.5252,116639,ok
1024,512,127,grid,bf16,107.8000,22.4912,85.3088,5623,ok
129,127,192,grid,bf16,129.8700,35.3409,94.5291,1021,ok
768,4096,4096,grid,bf16,208.3200,134.9646,73.3554,1177599,ok
1536,129,127,grid,bf16,125.5500,35.6410,89.9090,3835,ok
2048,16,128,grid,bf16,125.5400,35.0622,90.4778,2429,ok
16,768,64,grid,bf16,125.8100,35.8059,90.0040,2387,ok
1276,2472,9,random,bf16,129.0400,43.1363,85.9037,33159,ok
60,21,43,random,bf16,108.0200,17.6882,90.3318,441,ok
4097,16,16,tall,bf16,110.5200,22.2499,88.2701,4478,ok
1,129,96,grid,bf16,107.2100,22.2867,84.9233,765,ok
64,96,256,grid,bf16,109.6600,22.3041,87.3559,891,ok
256,545,256,fat,bf16,110.3100,20.1520,90.1580,6379,ok
289,8,8,tall,bf16,111.7000,17.9207,93.7793,670,ok
1,289,8,gemv_wideN,bf16,108.5900,32.7052,75.8848,1148,ok
8,4,1,random,bf16,126.7800,30.3443,96.4357,389,ok
6,780,157,random,bf16,128.9600,29.5634,99.3966,5431,ok
129,1536,1536,grid,bf16,129.9000,32.8974,97.0026,73583,ok
8,2048,32,grid,bf16,128.7990,27.1184,101.6806,6239,ok
129,1536,128,grid,bf16,108.9500,20.9264,88.0236,6131,ok
257,4096,96,grid,bf16,111.2400,25.6090,85.6310,20447,ok
2048,128,257,grid,bf16,112.6000,23.4819,89.1181,7289,ok
257,192,2,grid,bf16,109.4100,11.7242,97.6859,1277,ok
129,2,256,grid,bf16,108.5090,18.9496,89.5593,1021,ok
256,1057,64,wide_output,bf16,129.9600,29.5976,100.3624,5741,ok
129,4096,192,grid,bf16,128.4400,32.1181,96.3219,32703,ok
32,129,192,grid,bf16,128.6800,29.1043,99.5757,1655,ok
8,4,32,grid,bf16,128.8200,23.6979,105.1221,389,ok
545,64,64,tall,bf16,127.6700,30.8987,96.7713,926,ok
2048,1,192,grid,bf16,131.8200,29.0258,102.7942,4859,ok
384,128,64,grid,bf16,111.7300,20.0576,91.6724,765,ok
512,1024,8,grid,bf16,131.9290,30.7551,101.1739,7151,ok
96,129,127,grid,bf16,125.6400,29.2830,96.3570,955,ok
64,768,96,grid,bf16,128.3500,29.0175,99.3325,2675,ok
128,4097,64,wide_output,bf16,130.3690,32.0749,98.2941,16829,ok
1,320,1,fat,bf16,127.0200,28.2051,98.8149,1148,ok
1,512,1,fat,bf16,127.3710,30.4942,96.8768,1531,ok
128,192,8,grid,bf16,128.3500,28.8361,99.5139,1019,ok
1536,96,2,grid,bf16,113.8000,23.5095,90.2905,1917,ok
194,455,45,random,bf16,108.6200,22.7800,85.8400,2303,ok
1024,8,2,grid,bf16,111.7700,18.2261,93.5439,1405,ok
47,15,751,random,bf16,115.8800,30.3893,85.4908,2573,ok
169,98,17,random,bf16,133.6000,24.8835,108.7165,550,ok
10,22,614,random,bf16,112.1400,19.3339,92.8061,1959,ok
747,1,56,random,bf16,108.6890,18.2164,90.4726,1128,ok
1754,7,4487,random,bf16,110.2200,25.4922,84.7279,76895,ok
4096,1,64,grid,bf16,108.6000,19.6063,88.9937,4477,ok
207,41,12,random,bf16,109.5310,33.7225,75.8085,588,ok
192,1536,192,grid,bf16,135.0600,30.9358,104.1242,13775,ok
768,32,384,grid,bf16,135.2400,29.4679,105.7721,3449,ok
129,127,257,grid,bf16,135.9200,31.0162,104.9038,1532,ok
64,2048,1,grid,bf16,136.2500,32.8747,103.3753,7135,ok
1,2112,8,gemv_wideN,bf16,132.4000,31.8601,100.5399,6510,ok
562,977,283,random,bf16,137.1600,34.1068,103.0532,22655,ok
4096,128,96,grid,bf16,129.4800,31.4304,98.0496,4477,ok
927,8,4597,random,bf16,134.5000,31.1217,103.3784,47123,ok
1,127,192,grid,bf16,134.9200,31.0311,103.8889,765,ok
32,16,192,grid,bf16,145.8500,29.2352,116.6148,827,ok
2485,9,19,random,bf16,134.7500,29.4564,105.2936,2866,ok
1393,58,3,random,bf16,133.7300,31.2392,102.4908,1774,ok
11,28,14,random,bf16,138.0290,30.0270,108.0020,392,ok
5,4810,6,random,bf16,134.2800,32.6864,101.5936,14705,ok
129,127,2,grid,bf16,134.0100,31.1503,102.8597,510,ok
768,1536,128,grid,bf16,139.2200,34.2032,105.0168,13799,ok
192,64,4096,grid,bf16,135.3500,32.2955,103.0545,18367,ok
1536,257,2,grid,bf16,134.9290,30.9160,104.0129,5753,ok
1077,169,528,random,bf16,137.3500,31.8752,105.4748,14589,ok
2048,127,1536,grid,bf16,136.8900,33.8123,103.0777,29159,ok
129,512,4096,grid,bf16,137.4600,33.3468,104.1132,65407,ok
469,272,1219,random,bf16,137.2500,32.0178,105.2322,25529,ok
2,257,127,grid,bf16,133.7500,30.7556,102.9944,1151,ok
384,1024,4,grid,bf16,136.3600,31.2134,105.1466,6127,ok
2112,256,256,tall,bf16,136.5300,32.6979,103.8321,9975,ok
1,64,128,grid,bf16,129.5500,32.3368,97.2132,382,ok
150,6,1,random,bf16,134.5800,31.5946,102.9854,531,ok
2,256,8,grid,bf16,134.2900,30.2837,104.0063,767,ok
1024,257,129,grid,bf16,136.0200,32.3507,103.6693,8435,ok
256,4129,64,wide_output,bf16,139.4100,32.9195,106.4905,21053,ok
257,192,4,grid,bf16,130.0800,31.6259,98.4540,1277,ok
17,3,1110,random,bf16,128.0100,29.2631,98.7469,3590,ok
4097,8,8,tall,bf16,128.5090,30.6361,97.8729,4478,ok
256,257,4,grid,bf16,128.7700,31.0411,97.7289,1913,ok
4096,2048,4,grid,bf16,147.7200,49.1957,98.5243,71647,ok
64,96,384,grid,bf16,128.5200,32.5775,95.9425,1337,ok
1,16,16,grid,bf16,126.1700,30.4438,95.7262,382,ok
8,4097,64,wide_output,bf16,127.1800,31.6664,95.5136,12869,ok
4,8,127,grid,bf16,129.5900,29.8736,99.7164,385,ok
512,8,8,grid,bf16,127.9100,30.8201,97.0899,893,ok
264,1,1,tall,bf16,129.8700,31.3263,98.5437,645,ok
2049,2048,64,thinK,bf16,139.1400,40.9311,98.2089,38895,ok
289,3351,3,random,bf16,132.5700,32.5326,100.0374,18116,ok
635,1282,1057,random,bf16,140.0800,39.8508,100.2292,100682,ok
768,1024,128,grid,bf16,131.0500,34.2816,96.7685,9199,ok
2048,16,768,grid,bf16,131.2100,30.6082,100.6017,14579,ok
16,16,264,deepK,bf16,129.0100,31.2242,97.7858,1193,ok
4096,1,768,grid,bf16,137.0000,43.4905,93.5095,26867,ok
8,257,96,grid,bf16,129.4501,31.2037,98.2464,1169,ok
256,256,512,deepK,bf16,129.6800,31.0180,98.6620,5103,ok
512,64,2048,grid,bf16,130.6400,33.0038,97.6362,14303,ok
64,512,32,grid,bf16,128.9900,30.0436,98.9464,1783,ok
129,32,96,grid,bf16,129.1000,38.9609,90.1391,510,ok
768,2,129,grid,bf16,130.5400,29.8790,100.6610,2299,ok
8,1,192,grid,bf16,128.1500,31.8556,96.2944,779,ok
8,2048,192,grid,bf16,128.6690,30.3064,98.3625,12479,ok
128,4096,128,grid,bf16,131.1500,31.6245,99.5255,16319,ok
16,768,8,grid,bf16,130.1900,30.3218,99.8682,2387,ok
8,1,1,random,bf16,129.6500,30.2448,99.4052,389,ok
128,257,8,grid,bf16,127.5100,31.2350,96.2750,1529,ok
768,127,127,grid,bf16,127.9090,30.2217,97.6873,1149,ok
48,66,1516,random,bf16,130.9100,30.8117,100.0983,5159,ok
127,128,2,grid,bf16,127.8100,30.8597,96.9502,508,ok
4096,257,1536,grid,bf16,143.8900,45.5885,98.3014,161207,ok
192,1024,128,grid,bf16,129.9310,31.1969,98.7341,4591,ok
4096,64,32,grid,bf16,127.8500,33.1253,94.7247,4477,ok
384,8,4,grid,bf16,129.1800,29.7234,99.4566,765,ok
11,343,2,random,bf16,129.6700,30.6363,99.0337,1178,ok
256,32,192,grid,bf16,130.0600,31.6313,98.4287,1275,ok
1024,256,4096,grid,bf16,140.4100,40.2869,100.1231,89983,ok
488,5,2,random,bf16,128.8400,30.2895,98.5505,869,ok
4336,2,3836,random,bf16,136.4700,39.5630,96.9070,141539,ok
2056,128,128,tall,bf16,128.3690,30.8233,97.5457,2437,ok
16,21,119,random,bf16,130.8700,30.0845,100.7855,397,ok
1024,32,129,grid,bf16,129.0800,30.1404,98.9396,2811,ok
1536,129,96,grid,bf16,130.5500,32.1098,98.4402,3835,ok
128,320,64,wide_output,bf16,133.1000,30.1724,102.9276,1529,ok
745,439,5,random,bf16,130.7200,32.2102,98.5098,4507,ok
128,1025,64,wide_output,bf16,130.7100,31.4947,99.2153,4589,ok
5,6,1,random,bf16,125.9390,29.8230,96.1161,386,ok
1536,2,16,grid,bf16,130.5300,31.0953,99.4347,1917,ok
128,2048,1,grid,bf16,129.5200,31.7328,97.7871,8159,ok
64,257,1,grid,bf16,129.2200,32.4732,96.7467,1337,ok
127,96,1,grid,bf16,125.5800,33.3055,92.2745,508,ok
2048,1,4096,grid,bf16,147.6090,51.4903,96.1187,77759,ok
2049,1,1,tall,bf16,126.8600,31.3892,95.4707,2430,ok
5687,3,4477,random,bf16,144.1910,44.1945,99.9965,212414,ok
603,137,897,random,bf16,130.4400,30.6164,99.8236,15759,ok
16,1,8,grid,bf16,126.6900,29.8923,96.7977,397,ok
343,1,1,random,bf16,127.5700,30.3028,97.2672,724,ok
512,257,1536,grid,bf16,133.7600,33.7658,99.9942,32183,ok
8256,128,128,tall,bf16,134.4600,33.7608,100.6992,8637,ok
1,1025,64,wide_output,bf16,128.7000,31.5915,97.1085,3446,ok
512,257,32,grid,bf16,131.1000,32.0418,99.0582,2681,ok
1,383,64,wide_output,bf16,130.9999,35.7957,95.2042,1148,ok
257,384,16,grid,bf16,129.1000,32.9554,96.1446,1916,ok
512,2048,1536,grid,bf16,143.3600,45.5450,97.8150,171647,ok
2048,2048,128,grid,bf16,140.4000,40.3318,100.0682,38879,ok
96,96,257,grid,bf16,126.8700,31.3205,95.5495,1433,ok
16,129,129,grid,bf16,124.9600,30.6235,94.3365,1591,ok
16,4,192,grid,bf16,128.0800,29.6917,98.3884,795,ok
256,4104,64,wide_output,bf16,131.4000,34.8422,96.5578,21053,ok
2048,768,256,grid,bf16,135.3600,34.7387,100.6213,29159,ok
954,3,284,random,bf16,128.9790,31.4029,97.5762,4007,ok
384,16,32,grid,bf16,128.8300,29.5519,99.2781,765,ok
128,16,32,grid,bf16,127.1000,29.9653,97.1347,509,ok
1,1,512,grid,bf16,127.1000,31.9355,95.1645,1531,ok
2048,2,1536,grid,bf16,130.3800,33.3848,96.9952,29159,ok
384,4096,128,grid,bf16,133.0000,37.3575,95.6426,24511,ok
115,153,449,random,bf16,130.1600,30.9155,99.2445,3975,ok
256,16,16,grid,bf16,130.2200,30.9824,99.2377,637,ok
6827,1957,7901,random,bf16,971.4690,868.6312,102.8378,7151327,ok
32,127,1024,grid,bf16,128.0800,30.7502,97.3298,3311,ok
1,8,4096,grid,bf16,127.6400,32.4382,95.2018,12255,ok
16,16,1025,deepK,bf16,128.0400,31.5022,96.5378,3581,ok
2048,129,768,grid,bf16,131.6300,32.0778,99.5522,29159,ok
572,172,156,random,bf16,126.9500,32.2594,94.6906,3815,ok
4,4096,16,grid,bf16,128.2000,31.0996,97.1004,12351,ok
64,64,192,grid,bf16,129.0600,31.5558,97.5042,891,ok
257,1,2048,grid,bf16,129.5490,34.0394,95.5096,10223,ok
1536,512,2048,grid,bf16,145.0800,46.1660,98.9141,122751,ok
4096,256,32,grid,bf16,135.6200,34.0099,101.6101,8955,ok
96,4,1536,grid,bf16,129.6000,30.5149,99.0851,5735,ok
29,417,64,random,bf16,128.2100,28.7905,99.4195,1643,ok
96,384,256,grid,bf16,130.8800,31.1949,99.6851,2867,ok
128,384,2,grid,bf16,131.0600,30.6199,100.4401,1529,ok
64,1536,512,grid,bf16,128.9200,39.8069,89.1131,21407,ok
1,8225,16,gemv_wideN,bf16,110.2100,23.8519,86.3581,24894,ok
16,4096,1536,grid,bf16,137.8100,32.6875,105.1225,152831,ok
1,512,8,grid,bf16,126.3600,31.2847,95.0753,1531,ok
1536,128,1024,grid,bf16,131.3600,34.6883,96.6716,15343,ok
352,1,1,tall,bf16,128.8900,30.7994,98.0906,733,ok
3332,146,1,random,bf16,133.2000,35.0598,98.1402,7427,ok
768,128,4,grid,bf16,130.9900,31.5586,99.4314,1149,ok
1536,4096,768,grid,bf16,151.1400,63.3906,87.7494,368255,ok
192,16,768,grid,bf16,108.4600,24.5122,83.9479,3443,ok
127,1536,1,grid,bf16,106.7510,17.7837,88.9673,6107,ok
16,545,64,wide_output,bf16,107.7999,21.3209,86.4790,1989,ok
16,1,1536,grid,bf16,107.3800,21.8657,85.5143,4775,ok
16,4104,64,wide_output,bf16,109.0000,21.5992,87.4009,13133,ok
1,64,257,grid,bf16,106.1900,21.6407,84.5493,1148,ok
1536,4,32,grid,bf16,109.4000,19.6536,89.7464,1917,ok
300,2,691,random,bf16,109.2100,23.7236,85.4864,4091,ok
8,96,257,grid,bf16,106.7000,17.4965,89.2034,1169,ok
257,1,128,grid,bf16,106.2400,17.5183,88.7217,638,ok
96,64,1,grid,bf16,106.8900,17.8406,89.0495,477,ok
9,3479,2000,random,bf16,113.1600,25.0871,88.0729,175167,ok
129,2048,512,grid,bf16,110.5510,21.2825,89.2685,32703,ok
2,384,32,grid,bf16,108.8000,20.7790,88.0210,1151,ok
192,4,2,grid,bf16,110.5510,18.4083,92.1428,573,ok
96,1536,4096,grid,bf16,115.6100,25.6552,89.9548,183551,ok
1088,128,128,tall,bf16,109.1100,21.7668,87.3433,1469,ok
1,2049,1,fat,bf16,103.8790,24.0718,79.8072,6510,ok
256,4096,127,grid,bf16,112.8300,26.7051,86.1249,20415,ok
4,128,96,grid,bf16,109.2310,21.0686,88.1624,385,ok
539,4496,13,random,bf16,116.8399,26.9940,89.8459,33155,ok
256,96,256,grid,bf16,107.7200,24.9079,82.8121,1275,ok
96,96,96,grid,bf16,106.2090,20.1614,86.0476,477,ok
129,4096,384,grid,bf16,107.9510,23.8910,84.0600,49055,ok
1024,1536,2,grid,bf16,113.6200,26.4488,87.1712,16871,ok
16,1024,128,grid,bf16,108.9400,21.1467,87.7933,3183,ok
8,2081,64,wide_output,bf16,112.0800,19.4094,92.6706,6629,ok
1536,64,127,grid,bf16,117.0801,22.5897,94.4903,1917,ok
64,289,64,fat,bf16,110.7400,17.5989,93.1411,1337,ok
8,8,8319,deepK,bf16,109.1399,22.1223,87.0177,25349,ok
16,384,129,grid,bf16,110.2500,24.8261,85.4239,2387,ok
443,28,2,random,bf16,106.4600,19.2376,87.2224,824,ok
2,605,462,random,bf16,110.3500,24.7584,85.5917,7679,ok
2,96,96,grid,bf16,105.6600,21.3226,84.3374,383,ok
127,192,4096,grid,bf16,110.3200,27.3957,82.9244,32575,ok
257,2048,8,grid,bf16,107.8200,20.5879,87.2322,10223,ok
8,256,256,grid,bf16,106.1300,15.4217,90.7083,1559,ok
4,192,192,grid,bf16,104.1090,20.1479,83.9611,1543,ok
1024,256,512,grid,bf16,109.4700,23.3775,86.0925,11247,ok
117,1228,138,random,bf16,109.4500,25.4989,83.9511,9979,ok
16,581,5227,random,bf16,107.0700,18.7971,88.2729,81589,ok
1032,256,256,tall,bf16,104.6900,21.8823,82.8077,5655,ok
129,4,2,grid,bf16,106.7090,20.3018,86.4072,510,ok
64,128,4,grid,bf16,108.9800,25.0069,83.9731,445,ok
16,1024,8,grid,bf16,108.6100,19.6244,88.9856,3183,ok
512,1024,32,grid,bf16,108.8110,20.2595,88.5515,7151,ok
192,1536,1024,grid,bf16,111.7300,22.2556,89.4745,55103,ok
256,16,384,grid,bf16,107.1510,23.7733,83.3777,1913,ok
768,128,8,grid,bf16,108.5610,21.6130,86.9481,1149,ok
4,16,129,grid,bf16,105.4200,24.2827,81.1373,771,ok
129,129,8,grid,bf16,108.4700,23.0748,85.3953,1021,ok
1536,1,32,grid,bf16,104.2000,17.9829,86.2172,1917,ok
52,53,2,random,bf16,106.5099,26.5408,79.9691,433,ok
1,1,4096,grid,bf16,109.6800,19.8903,89.7897,12255,ok
1024,256,96,grid,bf16,107.3800,23.8313,83.5487,2811,ok
64,256,1536,grid,bf16,105.6900,18.4388,87.2512,10703,ok
16,16,383,deepK,bf16,108.8700,18.8695,90.0005,1193,ok
7892,1518,473,random,bf16,161.7500,73.8573,87.8927,397151,ok
128,2048,512,grid,bf16,111.5400,22.9060,88.6341,32639,ok
32,512,4096,grid,bf16,106.2800,14.9695,91.3104,52991,ok
512,128,384,grid,bf16,105.2290,13.4868,91.7422,2681,ok
256,2048,16,grid,bf16,106.7800,14.6500,92.1300,10207,ok
64,384,1024,grid,bf16,103.9200,13.2875,90.6325,10703,ok
16,384,512,grid,bf16,103.0000,13.1348,89.8652,4775,ok
4,6,30,random,bf16,102.4800,14.6756,87.8044,385,ok
384,2,2,grid,bf16,102.3500,12.0924,90.2577,765,ok
2078,10,232,random,bf16,104.4900,14.6999,89.7901,4919,ok
257,192,32,grid,bf16,104.2000,12.5434,91.6565,1277,ok
3,17,1,random,bf16,104.9600,11.7634,93.1966,384,ok
768,1,384,grid,bf16,106.0400,16.3932,89.6468,3449,ok
2048,256,512,grid,bf16,110.0600,15.3415,94.7185,19439,ok
131,6,14,random,bf16,110.4700,23.5188,86.9512,512,ok
512,16,127,grid,bf16,132.3400,34.9682,97.3718,893,ok
1536,32,4096,grid,bf16,136.0900,39.4849,96.6051,61375,ok
384,256,384,grid,bf16,130.9400,35.6140,95.3260,4595,ok
1024,4,64,grid,bf16,132.6900,35.1914,97.4986,1405,ok
256,8193,64,wide_output,bf16,136.8700,39.8338,97.0362,41469,ok
8,4160,64,wide_output,bf16,132.8490,34.8959,97.9531,12869,ok
32,768,8,grid,bf16,132.3900,35.5125,96.8775,2483,ok
4096,1536,768,grid,bf16,175.6800,74.6311,101.0490,322415,ok
1024,768,16,grid,bf16,133.6400,35.6349,98.0051,8435,ok
566,1643,1184,random,bf16,142.4500,30.4152,112.0348,123239,ok
16,64,768,grid,bf16,104.0300,18.4151,85.6149,2387,ok
257,2,192,grid,bf16,105.0700,15.8387,89.2313,1277,ok
4160,4096,64,thinK,bf16,140.8700,51.8542,89.0158,145343,ok
129,1,1024,grid,bf16,105.7500,15.9728,89.7771,4087,ok
256,8256,256,fat,bf16,112.4100,22.4695,89.9405,82939,ok
4096,127,129,grid,bf16,107.8400,18.1372,89.7028,8955,ok
1024,384,2,grid,bf16,106.6900,16.2584,90.4315,4217,ok
16,127,127,grid,bf16,103.4100,14.9409,88.4690,397,ok
2,96,192,grid,bf16,106.0400,14.0622,91.9778,767,ok
91,45,146,random,bf16,105.5000,15.0703,90.4296,945,ok
1,2540,1416,random,bf16,113.2600,23.0919,90.1681,91919,ok
192,2048,1536,grid,bf16,110.1690,20.5594,89.6096,110207,ok
1,320,128,gemv_wideN,bf16,104.1800,14.4494,89.7306,1148,ok
107,437,8,random,bf16,104.2600,18.1930,86.0670,1955,ok
5,2003,2,random,bf16,104.0900,18.1982,85.8918,6191,ok
384,1536,128,grid,bf16,105.8500,14.9681,90.8819,9191,ok
128,129,16,grid,bf16,101.9700,13.6415,88.3286,1019,ok
768,512,129,grid,bf16,106.6800,19.4920,87.1880,9199,ok
1536,4096,128,grid,bf16,120.5500,29.5910,90.9590,61375,ok
7,1800,9,random,bf16,106.2900,15.7443,90.5457,5834,ok
127,257,2,grid,bf16,105.0910,13.6139,91.4771,1526,ok
768,8,192,grid,bf16,102.3000,13.4111,88.8889,2299,ok
1,4096,384,grid,bf16,110.9400,18.4800,92.4600,36767,ok
32,127,2048,grid,bf16,105.8900,15.9730,89.9170,6623,ok
768,512,1536,grid,bf16,112.7600,22.4943,90.2657,55199,ok
256,257,1,grid,bf16,105.2400,13.7367,91.5034,1913,ok
603,19,1,random,bf16,104.7900,16.6809,88.1090,984,ok
4096,384,2,grid,bf16,110.9299,17.0268,93.9032,13433,ok
129,512,32,grid,bf16,105.6600,15.8333,89.8267,2043,ok
4096,8,2048,grid,bf16,110.8800,19.0060,91.8740,71647,ok
256,129,768,grid,bf16,105.3600,15.0937,90.2663,7655,ok
1,3,32,random,bf16,101.7700,16.1241,85.6459,382,ok
11,1357,320,random,bf16,106.8400,15.3712,91.4688,12968,ok
128,2048,129,grid,bf16,105.4300,16.5880,88.8420,16319,ok
1024,2048,16,grid,bf16,113.8700,21.7304,92.1396,22495,ok
4468,3593,1,random,bf16,140.6700,46.2443,94.4257,140649,ok
128,768,192,grid,bf16,111.9300,14.8466,97.0834,6119,ok
16,384,4,grid,bf16,108.5800,13.5404,95.0396,1193,ok
33,42,352,random,bf16,106.6100,15.7135,90.8965,1244,ok
64,8256,64,fat,bf16,109.5800,15.6273,93.9527,28989,ok
8,4096,8,grid,bf16,110.2100,14.9998,95.2102,12479,ok
2048,2,64,grid,bf16,107.9800,16.4329,91.5470,2429,ok
4096,127,2,grid,bf16,108.5000,17.1935,91.3066,4477,ok
16,192,384,grid,bf16,108.5000,15.9576,92.5424,2387,ok
899,1760,1,random,bf16,111.3490,22.1590,89.1900,17933,ok
793,4,45,random,bf16,112.5400,15.7772,96.7628,1174,ok
512,96,4,grid,bf16,110.3000,16.1869,94.1130,893,ok
2048,768,64,grid,bf16,115.2400,20.9414,94.2986,14579,ok
1,1,269,random,bf16,110.2400,18.0456,92.1944,1148,ok
2,3,88,random,bf16,110.4400,15.2127,95.2273,383,ok
4096,64,256,grid,bf16,110.7890,16.3990,94.3900,8955,ok
433,31,1,random,bf16,108.5600,16.1969,92.3631,814,ok
304,14,49,random,bf16,111.0890,17.0806,94.0084,685,ok
4096,1,2,grid,bf16,110.7600,14.4293,96.3307,4477,ok
1024,768,1536,grid,bf16,119.9400,29.2256,90.7144,101231,ok
129,768,512,grid,bf16,112.8200,18.1517,94.6683,12263,ok
129,129,64,grid,bf16,112.8700,17.8748,94.9953,1021,ok
8256,64,64,tall,bf16,111.4890,17.5562,93.9328,8637,ok
7,3615,67,random,bf16,112.3200,14.9248,97.3952,11280,ok
256,289,256,fat,bf16,111.2300,17.9307,93.2993,3827,ok
256,64,257,grid,bf16,111.6510,15.8813,95.7697,1913,ok
256,96,384,grid,bf16,110.2300,15.9942,94.2358,1913,ok
129,256,512,grid,bf16,111.4100,15.8279,95.5822,4087,ok
192,128,257,grid,bf16,109.2800,16.2371,93.0429,1721,ok
1,264,128,gemv_wideN,bf16,108.4900,16.0005,92.4895,1148,ok
16,8,768,grid,bf16,112.6200,16.1850,96.4350,2387,ok
2877,86,17,random,bf16,111.7400,17.3867,94.3534,3258,ok
128,4192,64,wide_output,bf16,116.1100,17.4388,98.6712,16829,ok
64,256,1,grid,bf16,108.1000,13.3733,94.7267,891,ok
10,627,240,random,bf16,109.4800,14.0577,95.4223,3919,ok
1024,384,512,grid,bf16,111.2900,17.8164,93.4736,16871,ok
512,129,2,grid,bf16,107.3800,15.5783,91.8017,1787,ok
1024,192,768,grid,bf16,110.5600,19.9988,90.5612,16871,ok
256,1024,96,grid,bf16,110.8490,15.3213,95.5277,5103,ok
96,64,192,grid,bf16,107.2700,16.6381,90.6319,955,ok
768,1536,257,grid,bf16,113.3690,21.5480,91.8210,41399,ok
1024,32,2,grid,bf16,108.4900,17.0493,91.4407,1405,ok
128,768,384,grid,bf16,106.9300,12.2080,94.7220,9179,ok
1,1536,192,grid,bf16,110.3910,16.2731,94.1179,9191,ok
1,8225,1,fat,bf16,107.3500,15.4987,91.8513,24894,ok
512,512,128,grid,bf16,110.1490,16.8051,93.3438,3575,ok
768,129,384,grid,bf16,113.8300,13.7793,100.0507,6899,ok
32,512,64,grid,bf16,110.1600,16.5705,93.5896,1655,ok
185,7237,2,random,bf16,117.0800,22.3013,94.7787,32318,ok
129,2,129,grid,bf16,110.9800,14.7599,96.2201,1021,ok
44,919,17,random,bf16,110.0000,15.2388,94.7612,3407,ok
8,1057,64,wide_output,bf16,111.0700,16.7273,94.3427,3509,ok
15,6,9,random,bf16,109.9200,15.1263,94.7937,396,ok
16,32,127,grid,bf16,110.6500,12.3470,98.3030,397,ok
129,127,32,grid,bf16,112.1490,19.4575,92.6915,510,ok
16,16,768,grid,bf16,110.1100,15.0262,95.0838,2387,ok
512,2048,768,grid,bf16,120.0800,24.5185,95.5616,85823,ok
128,192,257,grid,bf16,115.4600,14.7303,100.7297,3059,ok
96,1,129,grid,bf16,112.5700,14.9088,97.6612,955,ok
384,4096,2,grid,bf16,118.0900,18.7105,99.3795,24511,ok
129,127,128,grid,bf16,110.5500,16.0263,94.5237,510,ok
256,8,96,grid,bf16,108.5900,16.7736,91.8164,637,ok
96,512,384,grid,bf16,108.8400,14.6783,94.1617,5735,ok
127,64,1024,grid,bf16,113.0100,15.1985,97.8115,4071,ok
1536,127,8,grid,bf16,110.4500,18.7183,91.7317,1917,ok
4,129,128,grid,bf16,109.9700,15.7438,94.2261,771,ok
1,4223,1,fat,bf16,106.2200,16.8674,89.3526,12638,ok
138,3602,9,random,bf16,113.2200,14.9583,98.2617,15079,ok
1,8192,128,gemv_wideN,bf16,112.6800,19.0842,93.5958,24511,ok
221,37,156,random,bf16,111.2600,17.0576,94.2025,1205,ok
15,6,14,random,bf16,109.4700,11.6280,97.8421,396,ok
8,96,16,grid,bf16,116.5900,19.0392,97.5508,389,ok
512,4096,8,grid,bf16,114.9200,20.0785,94.8416,28607,ok
129,1024,192,grid,bf16,113.1800,20.6811,92.4989,8175,ok
139,39,1,random,bf16,109.5600,14.7205,94.8395,520,ok
8,8,8200,deepK,bf16,111.1800,16.5410,94.6390,25349,ok
768,1024,127,grid,bf16,113.6600,19.3730,94.2870,9199,ok
1024,384,32,grid,bf16,112.5300,36.2924,76.2377,4217,ok
1,64,32,grid,bf16,121.0300,33.9205,87.1095,382,ok
1024,1,4,grid,bf16,120.8600,32.8977,87.9623,1405,ok
1,2175,1,fat,bf16,120.3500,32.2914,88.0586,6510,ok
128,64,127,grid,bf16,122.2500,32.2672,89.9828,509,ok
2048,64,1,grid,bf16,123.3800,36.9726,86.4074,2429,ok
96,128,4,grid,bf16,131.2100,34.7380,96.4720,477,ok
256,8,32,grid,bf16,132.6600,35.4430,97.2171,637,ok
1024,4096,192,grid,bf16,141.8200,47.8694,93.9506,89983,ok
3,4,1504,random,bf16,125.1700,34.4968,90.6732,4619,ok
1536,257,64,grid,bf16,131.7400,35.2142,96.5258,5753,ok
96,8,4,grid,bf16,129.4600,35.5623,93.8977,477,ok
1536,192,16,grid,bf16,131.5500,34.7258,96.8242,3835,ok
4,768,384,grid,bf16,130.5300,33.9393,96.5907,6947,ok
1024,384,64,grid,bf16,131.4400,37.1110,94.3290,4217,ok
64,16,4096,grid,bf16,123.2490,35.0921,88.1569,14271,ok
2048,1536,2,grid,bf16,138.9000,44.0766,94.8234,29159,ok
219,268,62,random,bf16,122.4500,34.1262,88.3238,1802,ok
26,1494,6,random,bf16,123.3400,35.7359,87.6041,4895,ok
129,127,2048,grid,bf16,131.9290,37.2883,94.6407,8175,ok
16,768,257,grid,bf16,123.1800,34.4117,88.7683,7163,ok
16,2049,64,wide_output,bf16,130.1700,34.2474,95.9226,6765,ok
768,8,384,grid,bf16,130.2290,36.4248,93.8042,3449,ok
4,257,2,grid,bf16,129.6900,34.8253,94.8647,1157,ok
217,1191,43,random,bf16,132.3301,36.4687,95.8613,5989,ok
9,8,2737,random,bf16,130.9900,35.7143,95.2757,8601,ok
128,256,257,grid,bf16,131.7100,35.7621,95.9480,3059,ok
1,2112,64,wide_output,bf16,130.4901,35.7876,94.7024,6510,ok
4096,2,768,grid,bf16,130.1800,35.7804,94.3996,26867,ok
512,256,2048,grid,bf16,126.6300,38.5453,88.0847,28607,ok
1536,1024,1024,grid,bf16,147.2290,50.2925,96.9365,122751,ok
1024,257,32,grid,bf16,129.3900,36.0883,93.3017,4217,ok
2,1536,256,grid,bf16,124.2000,36.2918,87.9082,9215,ok
28,44,3757,random,bf16,126.3300,36.7696,89.5604,12299,ok
1277,1,2210,random,bf16,132.4600,42.0544,90.4056,29861,ok
1175,4,1,random,bf16,127.5700,36.8808,90.6892,1556,ok
128,257,128,fat,bf16,122.3700,33.3556,89.0144,1529,ok
512,2,192,grid,bf16,130.6600,36.1618,94.4983,1787,ok
4192,8,8,tall,bf16,129.0910,37.3443,91.7467,4573,ok
129,192,2048,grid,bf16,132.6200,34.6376,97.9824,16351,ok
127,129,768,grid,bf16,130.5090,37.2911,93.2179,6107,ok
64,64,4223,deepK,bf16,131.6300,36.4611,95.1690,14717,ok
24,24,97,random,bf16,123.2499,34.0178,89.2321,405,ok
4096,257,1,grid,bf16,127.0000,39.5630,87.4370,13433,ok
127,129,192,grid,bf16,129.9700,35.4673,94.5028,2035,ok
1293,1,21,random,bf16,120.4000,33.8125,86.5875,1674,ok
64,128,4096,grid,bf16,131.2490,36.3992,94.8499,14271,ok
1,256,768,grid,bf16,124.9200,37.5882,87.3318,4595,ok
16,128,2048,grid,bf16,132.8500,37.7001,95.1499,6367,ok
64,383,64,fat,bf16,132.3910,35.8136,96.5774,1337,ok
9,78,233,random,bf16,122.1800,37.0561,85.1239,781,ok
1,16,512,grid,bf16,123.0500,38.1908,84.8592,1531,ok
16,129,768,grid,bf16,130.4000,37.7421,92.6579,4775,ok
2,4,32,grid,bf16,130.2700,37.1218,93.1482,383,ok
1671,2,4,random,bf16,128.8000,36.4531,92.3469,2052,ok
4096,1,512,grid,bf16,129.1600,41.3362,87.8238,17911,ok
4096,128,16,grid,bf16,134.0800,39.3180,94.7620,4477,ok
127,192,1536,grid,bf16,131.3300,36.4107,94.9193,12215,ok
4,384,1536,grid,bf16,129.9000,35.6565,94.2435,13895,ok
768,32,127,grid,bf16,130.8700,36.4173,94.4527,1149,ok
128,1,384,grid,bf16,126.8200,37.1373,89.6827,1529,ok
512,2,4,grid,bf16,125.3090,34.5251,90.7838,893,ok
129,2,96,grid,bf16,127.8600,36.8878,90.9721,510,ok
64,192,257,grid,bf16,128.8100,38.1495,90.6605,2675,ok
1024,512,96,grid,bf16,130.1700,38.6028,91.5673,5623,ok
16,127,257,grid,bf16,129.6300,36.9663,92.6637,1193,ok
1024,2048,1536,grid,bf16,148.4600,61.8922,86.5679,269951,ok
7,109,3371,random,bf16,131.0600,36.9770,94.0830,10502,ok
1057,16,16,tall,bf16,125.2800,38.7076,86.5724,1438,ok
9,2626,8059,random,bf16,142.6800,49.2821,93.3979,517292,ok
440,1,3,random,bf16,121.2490,33.8645,87.3845,821,ok
639,128,128,tall,bf16,132.1100,38.6283,93.4817,1020,ok
32,4096,96,grid,bf16,132.0500,39.8596,92.1904,13247,ok
192,16,32,grid,bf16,130.0900,37.2051,92.8848,573,ok
8,96,1024,grid,bf16,124.0500,36.3802,87.6697,3119,ok
1536,4,257,grid,bf16,128.9000,37.6426,91.2574,5753,ok
1,8193,256,gemv_wideN,bf16,135.3100,42.9698,92.3402,49789,ok
32,129,127,grid,bf16,131.0600,37.7876,93.2723,827,ok
257,32,129,grid,bf16,131.9600,36.4208,95.5391,1277,ok
292,107,4098,random,bf16,123.2490,38.7067,84.5423,22241,ok
16,8,129,grid,bf16,128.1400,35.7940,92.3460,795,ok
1580,76,3,random,bf16,122.2800,34.7343,87.5457,1961,ok
384,32,512,grid,bf16,129.1400,35.2949,93.8451,3063,ok
1,1,8200,deepK,bf16,122.4900,37.5975,84.8925,24894,ok
128,4096,1024,grid,bf16,137.0400,42.1599,94.8802,130559,ok
8,8,2112,deepK,bf16,131.5710,36.2082,95.3627,6629,ok
16,192,1536,grid,bf16,130.0000,35.8132,94.1868,9551,ok
3,199,16,random,bf16,127.0000,35.8424,91.1577,769,ok
32,2,4,grid,bf16,128.1500,37.4837,90.6663,413,ok
128,4096,64,grid,bf16,132.3490,37.7290,94.6200,16319,ok
4,128,256,grid,bf16,128.4800,36.6358,91.8442,771,ok
129,384,32,grid,bf16,128.9600,37.1542,91.8058,1532,ok
4096,192,1536,grid,bf16,142.0300,46.8009,95.2291,107471,ok
1717,20,5468,random,bf16,133.0200,40.3680,92.6520,90256,ok
2048,32,128,grid,bf16,129.6200,36.3183,93.3016,2429,ok
127,256,16,grid,bf16,128.9000,34.5450,94.3550,1017,ok
3,154,1,random,bf16,122.2490,34.3626,87.8864,769,ok
4,64,384,grid,bf16,130.5401,34.3894,96.1506,1157,ok
64,1024,32,grid,bf16,130.0900,36.0962,93.9938,3567,ok
7,5,6149,random,bf16,122.8310,36.7244,86.1066,19060,ok
1,8,768,grid,bf16,120.3900,37.0151,83.3749,2297,ok
10,7,340,random,bf16,129.5700,36.0556,93.5144,1175,ok
257,1536,64,grid,bf16,123.7100,37.3348,86.3753,7667,ok
4096,192,129,grid,bf16,124.7200,35.5493,89.1707,17911,ok
4,192,1536,grid,bf16,125.8400,37.9469,87.8930,9263,ok
257,192,768,grid,bf16,131.1500,37.7321,93.4179,7667,ok
8,257,192,grid,bf16,122.5600,35.7600,86.7999,2339,ok
2048,2,8,grid,bf16,129.1099,35.4899,93.6201,2429,ok
1024,4,1,grid,bf16,120.1500,11.3581,108.7919,1405,ok
128,128,2049,deepK,bf16,101.8700,12.0867,89.7834,8669,ok
2,2,8,grid,bf16,100.0200,10.7163,89.3037,383,ok
1,545,256,gemv_wideN,bf16,102.9700,13.2451,89.7249,3829,ok
1536,16,512,grid,bf16,100.9500,11.0939,89.8561,7671,ok
256,320,64,wide_output,bf16,99.4400,11.2151,88.2249,1913,ok
256,2112,64,wide_output,bf16,104.9090,13.0406,91.8684,10845,ok
257,4096,192,grid,bf16,105.5110,15.1600,90.3510,40895,ok
192,384,129,grid,bf16,100.2300,11.5508,88.6791,3443,ok
127,257,512,grid,bf16,100.3100,12.6131,87.6969,6107,ok
37,1546,815,random,bf16,100.9600,13.9098,87.0503,38128,ok
16,608,16,fat,bf16,100.6700,10.4646,90.2053,1989,ok
384,384,192,grid,bf16,102.0000,12.7540,89.2460,4595,ok
4015,6,5,random,bf16,101.1710,10.7360,90.4350,4396,ok
1024,4096,2,grid,bf16,110.8500,21.3791,89.4709,44991,ok
8256,8,8,tall,bf16,100.2490,11.4865,88.7625,8637,ok
1,2081,64,wide_output,bf16,100.5000,14.6769,85.8231,6510,ok
1,512,2,grid,bf16,102.1800,12.1783,90.0017,1531,ok
2,256,257,grid,bf16,99.0600,11.2938,87.7662,2303,ok
256,264,256,fat,bf16,99.8910,11.0124,88.8786,3827,ok
256,1536,2,grid,bf16,102.2600,12.1839,90.0761,7655,ok
512,16,1,grid,bf16,99.8110,12.3141,87.4969,893,ok
1536,192,8,grid,bf16,99.8900,13.1098,86.7802,3835,ok
127,96,256,grid,bf16,98.9300,11.4726,87.4573,1017,ok
128,384,64,grid,bf16,101.4200,11.1090,90.3109,1529,ok
2,16,257,grid,bf16,100.6300,10.8504,89.7796,1151,ok
64,192,4096,grid,bf16,100.5700,13.1839,87.3861,28543,ok
128,1536,129,grid,bf16,101.4700,12.3172,89.1528,12239,ok
192,8,1024,grid,bf16,102.9290,11.7108,91.2181,4591,ok
128,4096,2,grid,bf16,102.5900,12.5594,90.0305,16319,ok
127,127,4096,grid,bf16,103.9400,13.3707,90.5692,16287,ok
3418,59,446,random,bf16,102.6100,16.0415,86.5685,15199,ok
2048,1024,768,grid,bf16,117.8100,26.3648,91.4452,116639,ok
2048,129,256,grid,bf16,102.0900,11.9431,90.1469,9719,ok
129,1536,1024,grid,bf16,103.7500,14.8613,88.8887,49055,ok
4,4,32,grid,bf16,98.8400,10.6586,88.1814,385,ok
1,2,96,grid,bf16,98.8000,10.2866,88.5134,382,ok
4,96,64,grid,bf16,100.2109,20.4962,79.7148,385,ok
192,2048,512,grid,bf16,102.8200,13.2989,89.5211,36735,ok
1057,8,8,tall,bf16,100.7300,13.9201,86.8099,1438,ok
16,8319,16,fat,bf16,100.6300,11.1676,89.4624,25869,ok
2,64,32,grid,bf16,99.6400,10.7745,88.8655,383,ok
28,5171,2,random,bf16,102.1800,11.0413,91.1387,16809,ok
127,257,257,grid,bf16,101.0300,12.1274,88.9026,4580,ok
96,1536,127,grid,bf16,100.7800,12.9115,87.8685,5735,ok
42,2,3597,random,bf16,101.1090,11.5677,89.5413,12295,ok
2048,129,16,grid,bf16,102.3600,12.0041,90.3560,4859,ok
256,1536,256,grid,bf16,101.9600,16.2406,85.7194,15311,ok
1,4160,128,gemv_wideN,bf16,103.4500,14.4774,88.9726,12638,ok
64,96,768,grid,bf16,100.3800,10.3012,90.0788,2675,ok
1024,256,192,grid,bf16,102.5600,11.3054,91.2546,5623,ok
2,70,4,random,bf16,102.3400,11.0319,91.3081,383,ok
8,4096,4096,grid,bf16,109.4200,19.0582,90.3618,399359,ok
1088,64,64,tall,bf16,100.6400,12.0571,88.5829,1469,ok
32,768,512,grid,bf16,100.2200,11.9756,88.2444,9935,ok
96,96,64,grid,bf16,98.9900,11.3066,87.6834,477,ok
257,128,64,grid,bf16,100.9090,10.8152,90.0937,638,ok
46,65,10,random,bf16,100.3900,10.4789,89.9111,427,ok
256,1,4096,grid,bf16,104.6200,15.1074,89.5126,20415,ok
4,384,16,grid,bf16,101.4300,10.9938,90.4362,1157,ok
128,128,127,grid,bf16,101.5310,10.3609,91.1700,509,ok
1909,3930,5,random,bf16,117.3900,26.9154,90.4745,71020,ok
768,1,127,grid,bf16,100.5400,11.5817,88.9583,1149,ok
53,2,47,random,bf16,102.0590,12.1427,89.9163,434,ok
128,2,384,grid,bf16,100.6800,11.2763,89.4037,1529,ok
129,257,16,grid,bf16,100.6400,11.5228,89.1172,1532,ok
96,129,4,grid,bf16,99.3500,10.7842,88.5658,955,ok
128,1057,64,wide_output,bf16,100.4400,11.4544,88.9856,4589,ok
1,50,398,random,bf16,99.9800,13.2420,86.7380,1531,ok
1,129,64,grid,bf16,100.9600,12.4888,88.4712,765,ok
4096,1024,64,grid,bf16,111.3700,21.1190,90.2510,35823,ok
256,256,1024,deepK,bf16,101.3200,13.4078,87.9122,10207,ok
16,8193,16,fat,bf16,103.1100,11.0157,92.0943,25869,ok
1,2048,768,grid,bf16,113.7500,17.2226,96.5273,36767,ok
1,2048,2,grid,bf16,109.2200,12.3332,96.8868,6127,ok
64,512,1024,grid,bf16,110.5200,12.7328,97.7871,14271,ok
8,1451,32,random,bf16,111.4310,11.1919,100.2391,4679,ok
87,2,2,random,bf16,109.2500,12.7394,96.5105,468,ok
1,1025,1,fat,bf16,106.3200,11.1287,95.1913,3446,ok
512,8,1,grid,bf16,109.5800,14.2507,95.3293,893,ok
16,768,96,grid,bf16,108.7100,11.7142,96.9958,2387,ok
512,8,64,grid,bf16,110.0600,12.9893,97.0707,893,ok
3177,13,533,random,bf16,113.3000,13.3568,99.9432,17794,ok
768,64,192,grid,bf16,112.3699,12.7136,99.6564,2299,ok
128,256,128,grid,bf16,109.8200,12.7805,97.0396,1019,ok
5086,182,147,random,bf16,112.8400,16.3735,96.4665,21871,ok
16,16,129,grid,bf16,110.2100,12.3189,97.8911,795,ok
2048,512,16,grid,bf16,114.6400,16.2487,98.3913,9719,ok
128,384,128,grid,bf16,108.6900,11.7195,96.9705,1529,ok
16,96,127,grid,bf16,108.7000,11.9507,96.7493,397,ok
2,1,128,grid,bf16,110.1800,13.3864,96.7936,383,ok
2,35,218,random,bf16,109.2500,12.5390,96.7111,767,ok
8002,98,90,random,bf16,112.0800,13.8645,98.2155,8383,ok
3,68,28,random,bf16,110.2700,10.9373,99.3327,384,ok
108,6277,1,random,bf16,110.9200,13.6212,97.2988,24499,ok
4096,129,1536,grid,bf16,118.6600,20.1855,98.4745,107471,ok
16,16,1151,deepK,bf16,114.9400,11.2365,103.7035,3581,ok
34,4,19,random,bf16,108.8600,13.1299,95.7301,415,ok
128,4129,64,wide_output,bf16,108.0890,13.3781,94.7109,16829,ok
2,6,19,random,bf16,107.0000,12.8301,94.1699,383,ok
1731,2112,2745,random,bf16,199.4500,102.9676,96.4824,790261,ok
2,20,6728,random,bf16,106.8800,11.8196,95.0604,20351,ok
8,383,8,fat,bf16,109.2100,12.8401,96.3699,1169,ok
16,4096,64,grid,bf16,107.8110,11.3355,96.4755,12735,ok
1536,256,256,grid,bf16,106.7700,13.6474,93.1226,7671,ok
4096,256,256,tall,bf16,109.6900,15.2498,94.4402,17911,ok
2,768,256,grid,bf16,106.2600,11.2260,95.0340,4607,ok
32,8,4,grid,bf16,107.0500,10.9925,96.0575,413,ok
2,16,4096,grid,bf16,107.7690,11.9743,95.7947,12287,ok
257,4,127,grid,bf16,106.3900,12.6937,93.6963,638,ok
768,1,2,grid,bf16,107.3900,12.2942,95.0958,1149,ok
5,849,41,random,bf16,107.6300,14.4234,93.2066,2708,ok
1,608,16,gemv_wideN,bf16,106.2000,12.0264,94.1736,1914,ok
16,96,8,grid,bf16,106.7200,11.9897,94.7303,397,ok
2,2,256,grid,bf16,107.6000,11.9664,95.6336,767,ok
1,96,1024,grid,bf16,107.8000,14.3251,93.4749,3063,ok
10,2823,1064,random,bf16,108.4000,13.4859,94.9141,81143,ok
5488,1783,180,random,bf16,132.3900,36.3162,96.0738,164359,ok
102,92,45,random,bf16,110.9800,12.3084,98.6716,483,ok
96,1024,384,grid,bf16,110.4100,13.0112,97.3988,11471,ok
64,768,127,grid,bf16,109.1100,11.3855,97.7245,2675,ok
16,16,256,deepK,bf16,109.1000,11.5794,97.5206,795,ok
96,16,257,grid,bf16,109.6700,11.5808,98.0891,1433,ok
32,1,256,grid,bf16,108.7300,13.5168,95.2132,827,ok
475,2,17,random,bf16,108.3800,11.9975,96.3825,856,ok
4096,4,257,grid,bf16,111.4600,12.2051,99.2549,13433,ok
155,204,697,random,bf16,110.6400,12.6775,97.9625,6443,ok
128,256,2048,grid,bf16,110.8200,13.1665,97.6535,16319,ok
128,16,384,grid,bf16,111.6200,13.5702,98.0498,1529,ok
129,127,384,grid,bf16,109.1800,12.1387,97.0413,1532,ok
8,768,64,grid,bf16,109.3700,14.9744,94.3956,2339,ok
2542,17,1304,random,bf16,111.1690,14.1757,96.9933,32163,ok
96,1024,128,grid,bf16,109.7100,11.9184,97.7915,3823,ok
512,1536,129,grid,bf16,112.6800,16.0539,96.6261,21455,ok
4096,128,127,grid,bf16,111.1200,13.7903,97.3297,4477,ok
384,1,4096,grid,bf16,113.5700,17.9788,95.5912,24511,ok
768,1024,257,grid,bf16,113.8100,17.7224,96.0876,27599,ok
1,4096,1024,grid,bf16,120.6000,23.0727,97.5273,98047,ok
2,4,129,grid,bf16,110.7400,11.8081,98.9319,767,ok
76,46,2,random,bf16,110.7800,11.4648,99.3153,457,ok
192,4,4096,grid,bf16,110.2800,12.1210,98.1590,18367,ok
768,64,4,grid,bf16,111.7400,12.1610,99.5790,1149,ok
64,129,384,grid,bf16,109.3300,12.1037,97.2263,2675,ok
384,257,127,grid,bf16,107.2800,11.5524,95.7276,2297,ok
28,7,113,random,bf16,105.6800,11.7141,93.9660,409,ok
4096,1536,1536,grid,bf16,185.4200,90.0486,95.3714,644831,ok
256,8,1,grid,bf16,108.0500,13.5576,94.4924,637,ok
192,127,4096,grid,bf16,109.8700,15.8308,94.0391,18367,ok
256,129,1536,grid,bf16,107.1400,12.7401,94.3998,15311,ok
128,768,257,grid,bf16,107.9600,13.4344,94.5256,9179,ok
768,1536,96,grid,bf16,110.4900,14.8633,95.6266,13799,ok
128,8225,64,wide_output,bf16,108.9600,16.4713,92.4887,33149,ok
14,2950,22,random,bf16,106.6800,12.4885,94.1915,9503,ok
942,24,206,random,bf16,109.9500,14.4828,95.4671,2647,ok
512,8,2,grid,bf16,109.4710,12.1191,97.3520,893,ok
196,562,1269,random,bf16,111.7100,15.1938,96.5162,28899,ok
512,512,257,grid,bf16,112.3310,13.4063,98.9247,10727,ok
64,1024,256,grid,bf16,110.2800,11.9164,98.3636,7135,ok
768,2048,256,grid,bf16,115.3900,17.5194,97.8706,36799,ok
64,64,32,grid,bf16,109.4500,12.0330,97.4170,445,ok
8,2048,1536,grid,bf16,111.9500,14.6183,97.3317,74879,ok
16,8288,64,wide_output,bf16,108.8710,12.8564,96.0145,25869,ok
128,128,1088,deepK,bf16,109.5800,12.9382,96.6418,4589,ok
4151,618,231,random,bf16,117.6500,19.7327,97.9172,45329,ok
64,64,289,deepK,bf16,109.4200,12.1425,97.2775,1337,ok
1039,3366,34,random,bf16,120.4400,23.6529,96.7871,38366,ok
65,2692,3,random,bf16,110.4710,12.8053,97.6657,9833,ok
128,4192,128,fat,bf16,111.4200,15.2221,96.1979,16829,ok
7,33,101,random,bf16,110.0700,11.5823,98.4877,388,ok
96,256,1,grid,bf16,108.6700,13.4837,95.1863,955,ok
129,64,127,grid,bf16,107.9400,12.3854,95.5546,510,ok
192,96,1536,grid,bf16,110.8400,13.3704,97.4697,6887,ok
96,512,127,grid,bf16,110.0100,12.2437,97.7663,1911,ok
102,236,9,random,bf16,110.3800,12.0903,98.2897,967,ok
512,4,4,grid,bf16,109.9600,12.6200,97.3400,893,ok
10,115,189,random,bf16,108.6300,11.6095,97.0205,783,ok
5,5504,90,random,bf16,111.2000,21.2187,89.9813,16640,ok
192,96,64,grid,bf16,111.0900,12.2895,98.8004,573,ok
2048,2048,64,grid,bf16,120.1100,22.1120,97.9980,38879,ok
512,257,4096,grid,bf16,115.9200,18.6226,97.2974,85823,ok
64,8,128,grid,bf16,109.9000,12.0338,97.8662,445,ok
1024,32,1536,grid,bf16,111.5800,14.0460,97.5340,16871,ok
16,768,1536,grid,bf16,111.9000,13.2828,98.6171,28655,ok
16,256,16,fat,bf16,110.0700,12.2256,97.8444,795,ok
4,32,16,grid,bf16,111.1900,12.3139,98.8760,385,ok
256,128,4,grid,bf16,114.5110,12.0360,102.4750,637,ok
1,1,2049,deepK,bf16,109.9300,13.9844,95.9456,6510,ok
128,128,1024,deepK,bf16,114.3700,12.9282,101.4417,4079,ok
3,141,23,random,bf16,108.5200,12.0732,96.4468,769,ok
85,378,109,random,bf16,111.2500,11.2825,99.9675,1400,ok
1024,64,1024,grid,bf16,111.5600,14.5787,96.9813,11247,ok
3,611,6783,random,bf16,114.0200,14.6851,99.3349,102024,ok
192,4,768,grid,bf16,110.3800,11.9724,98.4076,3443,ok
8200,64,64,tall,bf16,111.6100,13.8735,97.7365,8581,ok
1,96,127,grid,bf16,107.8700,12.5975,95.2725,382,ok
64,384,257,grid,bf16,110.6500,12.0335,98.6165,4013,ok
611,750,154,random,bf16,111.2600,13.9657,97.2943,11915,ok
3,3,4,random,bf16,110.9200,12.5334,98.3866,384,ok
192,384,96,grid,bf16,110.1800,13.5819,96.5981,1721,ok
127,128,192,grid,bf16,109.7800,14.8627,94.9173,1017,ok
8,256,1024,grid,bf16,108.7900,12.8245,95.9655,6239,ok
8,384,2,grid,bf16,108.1310,12.3608,95.7702,1169,ok
1,32,1536,grid,bf16,111.4700,13.7049,97.7651,4595,ok
257,256,64,thinK,bf16,108.6600,12.0906,96.5694,1277,ok
256,1536,128,grid,bf16,111.2900,13.5167,97.7733,7655,ok
1024,16,32,grid,bf16,109.0100,13.9150,95.0950,1405,ok
6480,7558,1836,random,bf16,867.8900,760.3840,107.5060,6175799,ok
16,768,768,grid,bf16,110.1510,12.8530,97.2981,14327,ok
128,1,127,grid,bf16,106.1200,11.5918,94.5282,509,ok
70,2,50,random,bf16,110.9890,11.3903,99.5987,451,ok
4,384,4096,grid,bf16,112.9900,14.8171,98.1729,37055,ok
512,2048,2,grid,bf16,112.5800,15.6307,96.9493,14303,ok
64,257,127,grid,bf16,109.6700,11.7320,97.9380,1337,ok
128,1536,1536,grid,bf16,113.8910,17.8481,96.0430,73439,ok
10,3632,7015,random,bf16,124.9800,27.7591,97.2209,625239,ok
64,2,1536,grid,bf16,109.5000,13.0224,96.4776,5351,ok
1536,4,1024,grid,bf16,109.9900,13.2280,96.7620,15343,ok
64,64,4104,deepK,bf16,111.3500,14.0438,97.3062,14717,ok
384,2,2048,grid,bf16,111.5500,13.2365,98.3134,12255,ok
4096,2048,2,grid,bf16,128.4600,30.2818,98.1782,71647,ok
37,24,4,random,bf16,110.4900,11.6613,98.8286,418,ok
750,3097,6256,random,bf16,233.0400,137.2950,95.7450,1386699,ok
192,8,64,grid,bf16,109.1800,12.1690,97.0110,573,ok
2541,54,123,random,bf16,109.3100,12.0168,97.2932,2922,ok
1,8200,64,wide_output,bf16,109.6800,16.7357,92.9443,24894,ok
1024,129,127,grid,bf16,110.1100,11.9926,98.1174,2811,ok
4096,64,1,grid,bf16,109.4000,14.0445,95.3555,4477,ok
128,1024,2048,grid,bf16,114.1100,15.6448,98.4652,65279,ok
129,1024,4096,grid,bf16,116.4700,19.2826,97.1874,130815,ok
512,1536,2,grid,bf16,111.8400,14.8907,96.9493,10727,ok
1,1088,256,gemv_wideN,bf16,111.9600,15.5778,96.3822,6893,ok
16,4129,16,fat,bf16,111.1299,12.1108,99.0191,13133,ok
3,4053,75,random,bf16,109.9600,11.1363,98.8236,12319,ok
257,192,1536,grid,bf16,110.2400,13.1606,97.0794,15335,ok
32,4,256,grid,bf16,109.4600,12.5574,96.9026,827,ok
3,160,338,random,bf16,111.4800,13.0329,98.4471,2309,ok
256,512,1536,grid,bf16,111.7400,14.7158,97.0243,30623,ok
128,128,2144,deepK,bf16,109.3800,15.2457,94.1343,8669,ok
129,4,256,grid,bf16,109.3400,13.5505,95.7895,1021,ok
512,16,2,grid,bf16,108.9400,12.6792,96.2608,893,ok
5998,42,2,random,bf16,110.2300,13.4410,96.7890,6379,ok
256,257,2048,grid,bf16,111.0100,13.6622,97.3478,30623,ok
2746,78,3762,random,bf16,119.5900,20.0689,99.5211,93839,ok
192,16,257,grid,bf16,110.0690,11.4260,98.6430,1721,ok
384,2,32,grid,bf16,109.4900,12.3412,97.1488,765,ok
384,32,96,grid,bf16,109.9200,12.7428,97.1773,765,ok
2,4096,512,grid,bf16,105.9800,13.5474,92.4326,49151,ok
4192,16,16,tall,bf16,106.6300,12.8880,93.7420,4573,ok
2,127,2048,grid,bf16,106.6800,12.7565,93.9234,6143,ok
1024,2,512,grid,bf16,104.6500,12.5584,92.0916,5623,ok
127,2,2,grid,bf16,103.1500,12.1899,90.9601,508,ok
16,545,16,fat,bf16,106.3300,12.2046,94.1253,1989,ok
70,3001,1,random,bf16,106.0300,12.5055,93.5245,10847,ok
22,12,4,random,bf16,104.4200,13.7112,90.7088,403,ok
1,4160,64,wide_output,bf16,108.3200,13.9894,94.3306,12638,ok
12,4973,28,random,bf16,104.6800,13.9690,90.7110,15365,ok
256,96,8,grid,bf16,104.4800,11.9638,92.5162,637,ok
594,113,3,random,bf16,107.3800,12.2952,95.0848,975,ok
1,1032,128,gemv_wideN,bf16,105.2200,14.2179,91.0021,3446,ok
192,768,512,grid,bf16,106.5000,13.4687,93.0313,13775,ok
7275,37,452,random,bf16,108.1100,14.3869,93.7231,30627,ok
384,16,96,grid,bf16,104.6700,12.8380,91.8320,765,ok
3,33,2911,random,bf16,104.6000,12.0695,92.5305,8854,ok
2048,1,128,grid,bf16,105.9100,13.6726,92.2374,2429,ok
202,19,77,random,bf16,106.9300,12.7478,94.1823,583,ok
1536,16,64,grid,bf16,105.8000,11.9417,93.8584,1917,ok
27,1,1484,random,bf16,106.1690,13.5856,92.5834,4907,ok
16,127,16,grid,bf16,103.6900,12.4963,91.1937,397,ok
257,127,4096,grid,bf16,108.0890,14.2156,93.8734,20447,ok
8,1,2048,grid,bf16,105.6400,12.9067,92.7334,6239,ok
1,96,128,grid,bf16,104.5101,12.0913,92.4188,382,ok
384,512,512,grid,bf16,107.8700,14.5455,93.3246,12255,ok
2,15,106,random,bf16,105.3000,13.2005,92.0995,383,ok
2048,64,64,tall,bf16,106.1700,12.2295,93.9405,2429,ok
32,96,128,grid,bf16,104.6890,12.0525,92.6365,413,ok
96,192,4,grid,bf16,103.7700,11.9872,91.7828,955,ok
192,768,384,grid,bf16,110.4100,12.4162,97.9938,10331,ok
127,129,1536,grid,bf16,107.3300,12.4870,94.8430,12215,ok
2048,8,4,grid,bf16,105.2000,13.1512,92.0488,2429,ok
32,192,2,grid,bf16,104.2900,14.2709,90.0191,827,ok
2144,2048,64,thinK,bf16,117.2400,21.9697,95.2703,40415,ok
768,1,2048,grid,bf16,111.1300,17.8717,93.2583,18399,ok
1536,96,8,grid,bf16,104.5600,12.1956,92.3644,1917,ok
2048,127,127,grid,bf16,105.9200,12.6307,93.2892,2429,ok
384,16,192,grid,bf16,104.6910,12.0117,92.6793,1531,ok
128,129,64,grid,bf16,106.8100,12.4661,94.3439,1019,ok
1536,16,1,grid,bf16,104.1800,12.8213,91.3587,1917,ok
1536,4,512,grid,bf16,105.3900,12.3643,93.0257,7671,ok
24,190,1150,random,bf16,105.9800,11.4377,94.5423,7307,ok
4096,32,128,grid,bf16,102.3900,11.3025,91.0875,4477,ok
208,2595,2550,random,bf16,119.2300,28.0925,91.1375,247799,ok
16,96,4,grid,bf16,105.8890,12.7464,93.1426,397,ok
256,256,127,grid,bf16,104.5199,11.1532,93.3668,1275,ok
768,1024,384,grid,bf16,106.8300,16.4822,90.3477,27599,ok
104,112,289,random,bf16,102.6500,12.9154,89.7347,1457,ok
229,1,22,random,bf16,103.3000,13.0461,90.2540,610,ok
127,1024,512,grid,bf16,103.9500,12.8142,91.1358,16287,ok
256,1151,64,wide_output,bf16,106.3600,12.9817,93.3783,5741,ok
2,1536,512,grid,bf16,108.3400,11.6025,96.7375,18431,ok
32,64,8,grid,bf16,103.2600,11.1386,92.1214,413,ok
96,4096,1024,grid,bf16,108.5800,15.5944,92.9856,122367,ok
129,64,4,grid,bf16,104.6400,12.5292,92.1109,510,ok
4,384,1024,grid,bf16,105.7100,11.7676,93.9424,9263,ok
16,16,1,grid,bf16,101.7900,10.3854,91.4046,397,ok
2,3,74,random,bf16,102.8500,10.9995,91.8504,383,ok
16,383,16,fat,bf16,105.5600,12.1805,93.3795,1193,ok
129,257,512,grid,bf16,104.0000,11.8998,92.1003,6131,ok
2048,128,4096,grid,bf16,117.2900,30.1095,87.1805,77759,ok
192,768,768,grid,bf16,109.9110,21.3468,88.5642,20663,ok
2048,96,32,grid,bf16,110.5400,18.3636,92.1765,2429,ok
2,1,43,random,bf16,113.1700,17.3133,95.8566,383,ok
197,658,464,random,bf16,108.4800,20.4017,88.0784,13895,ok
28,1,233,random,bf16,104.4700,17.4149,87.0551,819,ok
1,1536,16,grid,bf16,105.1400,19.8360,85.3041,4595,ok
64,768,257,grid,bf16,107.3300,20.5174,86.8126,8027,ok
256,4,192,grid,bf16,106.9600,18.0319,88.9281,1275,ok
53,19,101,random,bf16,106.0400,15.4142,90.6258,434,ok
192,8,192,grid,bf16,107.0800,18.9865,88.0934,1147,ok
1271,4,10,random,bf16,110.1700,21.9140,88.2560,1652,ok
1032,1,1,tall,bf16,103.8600,17.2019,86.6581,1413,ok
257,2048,2048,grid,bf16,118.8600,29.3268,89.5332,163583,ok
1,384,128,grid,bf16,106.2200,17.1695,89.0505,1148,ok
1349,7,113,random,bf16,109.2900,18.1975,91.0925,1730,ok
4833,3,6,random,bf16,104.6800,18.0686,86.6114,5214,ok
5,95,7,random,bf16,104.2600,15.1165,89.1435,386,ok
3,3700,1343,random,bf16,108.7090,19.4323,89.2768,122814,ok
5,5,379,random,bf16,108.0310,19.4601,88.5709,1160,ok
192,256,384,grid,bf16,109.9200,19.2738,90.6462,3443,ok
257,64,127,grid,bf16,108.1600,18.6045,89.5555,638,ok
919,46,337,random,bf16,107.8400,15.3525,92.4875,3902,ok
4,1024,768,grid,bf16,107.1910,19.4114,87.7795,18527,ok
16,4096,1024,grid,bf16,107.5401,17.5506,89.9894,101887,ok
4096,4096,4096,grid,bf16,639.9490,544.3372,95.6118,4585471,ok
1,2048,256,gemv_wideN,bf16,110.0000,18.5495,91.4504,12255,ok
2,768,1536,grid,bf16,109.5000,15.7988,93.7012,27647,ok
96,127,512,grid,bf16,105.7800,18.3446,87.4354,1911,ok
768,4096,1,grid,bf16,111.9600,27.3181,84.6419,36799,ok
2048,129,384,grid,bf16,108.0300,19.7846,88.2453,14579,ok
256,2048,64,wide_output,bf16,108.6200,18.9165,89.7035,10207,ok
64,256,2,grid,bf16,109.8090,19.0519,90.7571,891,ok
2048,2,1024,grid,bf16,111.1900,22.3986,88.7914,19439,ok
4096,768,1536,grid,bf16,146.6600,60.3411,86.3189,322415,ok
4,8,256,grid,bf16,107.9900,17.2741,90.7159,771,ok
257,64,1,grid,bf16,105.2200,18.2771,86.9429,638,ok
4342,6188,111,random,bf16,160.4700,72.8012,87.6688,231475,ok
64,2081,64,fat,bf16,106.8900,15.3328,91.5571,7581,ok
954,5,2,random,bf16,109.7300,21.6988,88.0312,1335,ok
257,768,1,grid,bf16,107.9800,17.8518,90.1282,3833,ok
2,169,125,random,bf16,110.9400,16.8505,94.0895,767,ok
64,8288,64,fat,bf16,111.4100,20.4737,90.9363,28989,ok
768,192,16,grid,bf16,109.0300,21.3169,87.7131,2299,ok
192,2,256,grid,bf16,106.4700,18.6180,87.8520,1147,ok
590,38,1,random,bf16,108.4400,17.5773,90.8627,971,ok
20,841,1,random,bf16,106.3100,15.4607,90.8493,2813,ok
1536,8,1,grid,bf16,109.3900,21.5389,87.8511,1917,ok
256,8,1024,grid,bf16,105.4500,16.1059,89.3441,5103,ok
16,2056,16,fat,bf16,106.8700,19.2888,87.5812,6765,ok
192,384,32,grid,bf16,108.2800,19.1781,89.1020,1721,ok
1,8192,16,gemv_wideN,bf16,109.2400,19.4763,89.7637,24511,ok
16,4,127,grid,bf16,106.4100,17.7036,88.7064,397,ok
384,96,1536,grid,bf16,109.9200,17.7871,92.1329,9191,ok
768,768,2,grid,bf16,109.1600,25.3131,83.8469,6899,ok
38,48,34,random,bf16,108.2700,17.0912,91.1788,419,ok
4097,1,1,tall,bf16,106.6100,14.9220,91.6880,4478,ok
3,3,1544,random,bf16,108.8800,18.3834,90.4966,5004,ok
128,128,512,grid,bf16,110.8400,19.9168,90.9232,2039,ok
2,2,860,random,bf16,108.7600,19.2399,89.5201,2687,ok
129,32,8,grid,bf16,108.6700,18.0548,90.6152,510,ok
1,1,608,deepK,bf16,105.8700,17.8656,88.0044,1914,ok
512,1024,256,grid,bf16,112.3100,20.4177,91.8923,14303,ok
512,64,4,grid,bf16,108.0200,21.3662,86.6538,893,ok
64,2,127,grid,bf16,107.6690,18.1015,89.5675,445,ok
127,1024,1024,grid,bf16,112.0400,20.6869,91.3531,32575,ok
1536,32,2,grid,bf16,108.6200,16.8712,91.7488,1917,ok
128,2048,64,grid,bf16,107.0400,21.7425,85.2975,8159,ok
96,2,512,grid,bf16,107.4200,20.8523,86.5677,1911,ok
128,512,2048,grid,bf16,108.0900,18.5944,89.4956,32639,ok
64,64,1088,deepK,bf16,103.7000,17.8438,85.8562,4013,ok
96,32,1024,grid,bf16,110.8000,20.1647,90.6354,3823,ok
96,512,32,grid,bf16,104.4700,17.8586,86.6114,1911,ok
192,257,129,grid,bf16,107.4500,19.2694,88.1806,3443,ok
1,768,1536,grid,bf16,110.1900,23.2749,86.9151,27575,ok
4,1024,129,grid,bf16,106.6700,18.3750,88.2950,6175,ok
108,6790,605,random,bf16,112.4200,22.6339,89.7861,132299,ok
128,64,768,grid,bf16,105.8500,17.7945,88.0555,3059,ok
127,8,2048,grid,bf16,108.0600,19.3206,88.7394,8143,ok
1,5334,1675,random,bf16,128.8510,38.3297,90.5213,225203,ok
76,5067,1595,random,bf16,111.3100,27.7799,83.5301,238159,ok
1024,4096,1536,grid,bf16,159.9000,71.4253,88.4747,539903,ok
64,1536,128,grid,bf16,107.3700,17.4731,89.8968,5351,ok
32,64,384,grid,bf16,105.0000,20.4370,84.5630,1241,ok
8,384,96,grid,bf16,108.6890,16.3986,92.2904,1169,ok
1,4,129,grid,bf16,103.7400,17.1674,86.5726,765,ok
2048,2048,4,grid,bf16,115.3490,31.8006,83.5484,38879,ok
256,2056,256,fat,bf16,110.2000,20.1212,90.0788,21691,ok
2666,167,42,random,bf16,109.6400,24.2674,85.3726,6095,ok
1536,768,129,grid,bf16,110.6200,21.8300,88.7900,23015,ok
192,4,1024,grid,bf16,106.3600,15.2605,91.0995,4591,ok
192,192,384,grid,bf16,109.2100,20.0951,89.1148,3443,ok
4096,768,256,grid,bf16,116.0300,25.8178,90.2122,53735,ok
64,2056,64,fat,bf16,103.4500,17.2259,86.2241,7581,ok
1498,11,34,random,bf16,107.7710,19.3532,88.4178,1879,ok
129,64,1024,grid,bf16,106.4600,15.9448,90.5152,4087,ok
1,8319,128,gemv_wideN,bf16,109.4200,21.3525,88.0675,24894,ok
1,639,16,gemv_wideN,bf16,103.8100,15.7242,88.0858,1914,ok
3,1,2,random,bf16,109.7500,18.0933,91.6567,384,ok
4,1024,256,grid,bf16,107.2900,16.8564,90.4335,6175,ok
64,64,545,deepK,bf16,106.7900,16.8329,89.9572,2229,ok
3339,31,44,random,bf16,107.0600,22.0160,85.0439,3720,ok
2,4,96,grid,bf16,105.1500,20.2711,84.8790,383,ok
8,1,128,grid,bf16,105.9290,17.6078,88.3211,389,ok
4096,512,4,grid,bf16,111.1201,22.5878,88.5323,17911,ok
1024,32,192,grid,bf16,107.3100,16.0288,91.2811,2811,ok
4,257,96,grid,bf16,107.2600,17.8357,89.4243,1157,ok
4,4,257,grid,bf16,104.9490,17.5501,87.3989,1157,ok
128,4104,128,fat,bf16,109.1000,17.3446,91.7554,16829,ok
1,8200,16,gemv_wideN,bf16,107.4900,18.8300,88.6600,24894,ok
2,1,1,random,bf16,101.6800,18.2353,83.4447,383,ok
4,4,1,random,bf16,103.7800,16.7190,87.0610,385,ok
1120,1024,64,thinK,bf16,110.0200,21.4865,88.5335,12015,ok
256,1,1024,grid,bf16,107.6000,18.7399,88.8601,5103,ok
384,96,768,grid,bf16,108.3900,19.5815,88.8085,4595,ok
129,192,8,grid,bf16,107.8300,16.8592,90.9708,1021,ok
2,55,30,random,bf16,106.3300,17.6216,88.7085,383,ok
6021,1580,2590,random,bf16,332.9600,240.5580,92.4020,1748018,ok
4,2048,4096,grid,bf16,109.9400,21.8600,88.0800,197631,ok
1024,384,192,grid,bf16,105.6800,17.8887,87.7912,8435,ok
1024,1536,64,grid,bf16,113.4300,25.1369,88.2931,16871,ok
128,1536,384,grid,bf16,108.5000,18.9743,89.5257,18359,ok
7877,535,25,random,bf16,117.2400,25.4245,91.8155,41294,ok
2048,96,4096,grid,bf16,115.3600,30.4968,84.8632,77759,ok
1536,127,257,grid,bf16,109.4800,22.9187,86.5613,5753,ok
129,1024,127,grid,bf16,108.7600,17.8589,90.9011,4087,ok
512,4,1024,grid,bf16,105.3600,15.6585,89.7015,7151,ok
1536,64,129,grid,bf16,107.2100,16.7538,90.4562,3835,ok
384,256,768,grid,bf16,109.8000,19.9379,89.8621,9191,ok
362,2,2,random,bf16,108.3600,22.5103,85.8496,743,ok
2048,2,16,grid,bf16,107.2000,17.1263,90.0737,2429,ok
512,4096,96,grid,bf16,114.6400,27.5825,87.0576,28607,ok
384,384,8,grid,bf16,110.8800,16.0406,94.8394,2297,ok
768,64,384,grid,bf16,104.6601,17.4201,87.2400,3449,ok
128,2081,128,fat,bf16,108.8700,21.4274,87.4426,8669,ok
50,264,137,random,bf16,108.7600,16.6493,92.1108,2591,ok
128,96,4,grid,bf16,106.1900,21.0517,85.1383,509,ok
4096,256,1,grid,bf16,107.5700,19.6935,87.8766,8955,ok
8,8,32,grid,bf16,107.1000,16.4762,90.6238,389,ok
96,2048,257,grid,bf16,109.1900,21.1249,88.0651,22943,ok
139,384,2328,random,bf16,107.4100,19.6411,87.7689,29696,ok
128,128,384,grid,bf16,107.5800,15.6453,91.9348,1529,ok
1,1536,127,grid,bf16,103.3300,16.7745,86.5555,4595,ok
127,768,768,grid,bf16,106.9300,21.1243,85.8057,18323,ok
1536,4096,8,grid,bf16,120.5700,33.7594,86.8106,61375,ok
1536,4,127,grid,bf16,106.9400,16.7914,90.1486,1917,ok
4,20,1231,random,bf16,106.8600,19.4627,87.3973,3859,ok
8256,16,16,tall,bf16,108.2300,18.8923,89.3378,8637,ok
384,1024,1536,grid,bf16,111.6700,25.1814,86.4886,73535,ok
1,1536,129,grid,bf16,105.9800,20.3672,85.6128,9191,ok
64,1,32,grid,bf16,102.0500,15.4834,86.5666,445,ok
128,96,192,grid,bf16,107.0600,19.2268,87.8332,1019,ok
96,4096,384,grid,bf16,108.7490,18.9261,89.8229,45887,ok
192,8,4096,grid,bf16,109.6090,17.7017,91.9072,18367,ok
8,96,127,grid,bf16,104.7100,18.7076,86.0024,389,ok
1536,129,64,grid,bf16,108.3900,18.7277,89.6623,3835,ok
384,129,16,grid,bf16,108.7300,19.3653,89.3647,1531,ok
924,7522,838,random,bf16,165.1400,74.1606,90.9794,539377,ok
1429,202,6279,random,bf16,126.8600,36.0064,90.8536,181099,ok
1,4,192,grid,bf16,107.9600,18.2325,89.7275,765,ok
192,1024,64,grid,bf16,108.3710,17.7126,90.6583,4591,ok
22,2,176,random,bf16,107.5800,17.1053,90.4747,807,ok
1,1120,1,fat,bf16,102.6400,15.2086,87.4314,3446,ok
64,127,2048,grid,bf16,109.7600,19.4511,90.3089,7135,ok
127,1024,127,grid,bf16,107.2600,15.6506,91.6094,4071,ok
192,192,192,grid,bf16,107.1500,19.5331,87.6169,2295,ok
384,384,256,grid,bf16,108.4600,19.1670,89.2930,4595,ok
809,1471,1957,random,bf16,131.1700,40.0824,91.0876,228671,ok
96,1024,1024,grid,bf16,105.4090,18.1625,87.2465,30591,ok
1,1088,1,fat,bf16,102.3290,14.3262,88.0028,3446,ok
279,4,1644,random,bf16,108.4800,18.2962,90.1838,8592,ok
192,1,32,grid,bf16,103.7200,15.6908,88.0291,573,ok
384,2,4096,grid,bf16,108.4300,18.7217,89.7084,24511,ok
8,4096,127,grid,bf16,103.4299,16.0620,87.3679,12479,ok
16,2048,16,fat,bf16,108.4300,14.7331,93.6969,6367,ok
768,4096,512,grid,bf16,122.0500,35.5464,86.5036,147199,ok
2048,512,256,grid,bf16,111.8900,22.8753,89.0147,19439,ok
2081,256,256,tall,bf16,108.7000,21.5229,87.1771,9851,ok
129,96,16,grid,bf16,109.4500,21.2501,88.1999,510,ok
32,129,129,grid,bf16,109.5800,22.5789,87.0011,1655,ok
64,64,1057,deepK,bf16,108.3110,19.3874,88.9236,4013,ok
265,625,21,random,bf16,109.9800,18.0983,91.8817,3234,ok
32,16,512,grid,bf16,107.0200,15.1417,91.8783,1655,ok
8,8,2081,deepK,bf16,104.9699,18.9322,86.0378,6629,ok
64,8225,64,fat,bf16,109.0710,18.5432,90.5278,28989,ok
1,4097,128,gemv_wideN,bf16,106.4600,19.8267,86.6333,12638,ok
2144,128,128,tall,bf16,108.7800,20.9408,87.8392,2525,ok
1,2144,256,gemv_wideN,bf16,109.5200,22.2106,87.3094,13021,ok
256,4,1536,grid,bf16,107.2690,16.5629,90.7060,7655,ok
64,127,4096,grid,bf16,105.8800,20.6759,85.2040,14271,ok
1536,4096,256,grid,bf16,123.6400,38.7226,84.9174,122751,ok
4223,1,1,tall,bf16,102.6000,19.5254,83.0747,4604,ok
1560,2,4,random,bf16,108.8100,17.6982,91.1118,1941,ok
256,1088,256,fat,bf16,111.6600,21.2947,90.3653,11483,ok
20,3,5858,random,bf16,110.6600,19.9575,90.7025,18491,ok
2,64,768,grid,bf16,107.4499,16.8742,90.5758,2303,ok
1168,15,73,random,bf16,104.4300,14.5857,89.8443,1549,ok
1536,96,768,grid,bf16,105.2400,19.2226,86.0174,11507,ok
10,1279,1,random,bf16,105.3200,15.5883,89.7317,3919,ok
311,2,2,random,bf16,107.7800,19.5978,88.1822,692,ok
1,1025,256,gemv_wideN,bf16,105.1200,21.0819,84.0381,6893,ok
256,4096,256,grid,bf16,111.3900,24.4681,86.9219,40831,ok
64,128,512,grid,bf16,105.5900,20.9954,84.5945,1783,ok
8183,1,1679,random,bf16,133.5900,46.6255,86.9645,119909,ok
96,127,2048,grid,bf16,102.7000,17.3284,85.3716,7647,ok
13,73,130,random,bf16,106.0800,17.0654,89.0146,789,ok
32,128,1536,grid,bf16,108.6700,17.1192,91.5508,4967,ok
127,257,256,grid,bf16,105.9900,18.5386,87.4515,3053,ok
2048,64,257,grid,bf16,107.4500,18.9450,88.5050,7289,ok
1536,64,2048,grid,bf16,109.2500,19.6727,89.5773,30687,ok
6253,85,1,random,bf16,108.5000,19.8687,88.6313,6634,ok
2,256,384,grid,bf16,107.7900,18.7649,89.0251,2303,ok
4096,129,127,grid,bf16,109.4400,18.0646,91.3754,8955,ok
256,2048,96,grid,bf16,108.9300,21.6258,87.3042,10207,ok
8,1024,4096,grid,bf16,107.3900,19.1788,88.2112,99839,ok
2048,1,96,grid,bf16,105.2000,17.4372,87.7627,2429,ok
192,32,64,grid,bf16,123.7500,19.8220,103.9280,573,ok
129,32,1,grid,bf16,106.2000,16.4210,89.7790,510,ok
257,127,64,grid,bf16,106.3300,19.0315,87.2984,638,ok
8,257,8,fat,bf16,110.9201,16.4793,94.4408,1169,ok
25,129,734,random,bf16,106.8900,16.3099,90.5801,4883,ok
5,1150,55,random,bf16,103.3600,16.3515,87.0085,3482,ok
384,128,512,grid,bf16,107.8400,18.2659,89.5740,3063,ok
64,384,192,grid,bf16,106.1690,16.9457,89.2233,2675,ok
6,36,71,random,bf16,106.2500,17.7122,88.5378,387,ok
512,1024,64,grid,bf16,136.4800,31.7452,104.7347,7151,ok
2048,256,8,grid,bf16,135.4800,31.3583,104.1217,4859,ok
768,256,1024,grid,bf16,138.7100,33.6598,105.0502,18399,ok
4192,256,256,tall,bf16,139.1100,33.8110,105.2991,18295,ok
16,2048,512,grid,bf16,136.5100,30.7432,105.7668,25471,ok
23,70,55,random,bf16,133.3500,31.4667,101.8833,404,ok
16,16,4,grid,bf16,134.0600,29.7648,104.2952,397,ok
16,1536,1024,grid,bf16,133.3390,30.5975,102.7415,38207,ok
53,489,24,random,bf16,131.3500,31.6201,99.7299,1739,ok
256,4160,64,wide_output,bf16,136.3600,33.4478,102.9122,21053,ok
101,23,57,random,bf16,135.3400,31.5943,103.7457,482,ok
16,1024,129,grid,bf16,132.8600,31.7090,101.1509,6367,ok
127,384,384,grid,bf16,135.9690,30.5675,105.4015,4580,ok
412,1,85,random,bf16,137.5000,33.5069,103.9931,793,ok
5,1209,474,random,bf16,135.4800,32.1093,103.3707,15479,ok
128,1025,128,fat,bf16,133.2800,32.6936,100.5864,4589,ok
768,16,1,grid,bf16,135.2000,32.8063,102.3937,1149,ok
64,128,257,grid,bf16,133.9700,31.9564,102.0136,1337,ok
129,2,1,grid,bf16,134.4000,33.5473,100.8527,510,ok
2907,29,1,random,bf16,135.0800,32.6695,102.4104,3288,ok
129,192,4,grid,bf16,135.0890,31.6407,103.4483,1021,ok
256,8288,256,fat,bf16,140.7600,36.2763,104.4836,82939,ok
16,16,513,deepK,bf16,134.2200,30.9603,103.2596,1989,ok
192,127,384,grid,bf16,135.7300,31.1162,104.6138,1721,ok
2048,32,8,grid,bf16,128.2900,30.7046,97.5853,2429,ok
127,129,16,grid,bf16,136.1000,32.9515,103.1485,1017,ok
8,64,512,grid,bf16,133.1000,30.6004,102.4997,1559,ok
1024,192,8,grid,bf16,137.4200,32.6302,104.7897,2811,ok
384,64,1,grid,bf16,134.0799,30.6721,103.4078,765,ok
2048,1024,2,grid,bf16,138.0400,36.2930,101.7470,19439,ok
96,1,4096,grid,bf16,133.7600,33.5115,100.2484,15295,ok
2460,1255,762,random,bf16,154.9600,51.0270,103.9329,170519,ok
256,513,256,fat,bf16,135.8200,32.7517,103.0683,6379,ok
1,1,383,deepK,bf16,132.0000,31.9076,100.0924,1148,ok
2144,1,1,tall,bf16,132.7700,32.1030,100.6671,2525,ok
192,127,8,grid,bf16,133.3300,32.4185,100.9115,573,ok
4096,64,2048,grid,bf16,141.5500,39.2235,102.3265,71647,ok
257,128,1536,grid,bf16,137.2700,32.2230,105.0471,7667,ok
1536,2048,4096,grid,bf16,233.9800,133.2108,100.7692,982015,ok
8,768,96,grid,bf16,134.0500,30.4989,103.5511,2339,ok
2048,1,384,grid,bf16,136.6800,34.6519,102.0281,7289,ok
1,640,54,random,bf16,136.8300,32.3014,104.5285,1914,ok
1536,4096,16,grid,bf16,149.6700,44.7500,104.9200,61375,ok
1,768,16,grid,bf16,137.2500,33.1510,104.0990,2297,ok
4,2,16,grid,bf16,133.9701,29.9356,104.0345,385,ok
256,4,129,grid,bf16,133.7890,30.7764,103.0125,1275,ok
257,384,512,grid,bf16,135.8500,31.2961,104.5539,7667,ok
16,3300,2173,random,bf16,139.0100,35.0851,103.9249,175915,ok
1024,1,384,grid,bf16,137.5100,33.4967,104.0133,4217,ok
99,1,1099,random,bf16,130.9200,32.7030,98.2170,4328,ok
1024,96,1024,grid,bf16,137.8000,32.4067,105.3933,11247,ok
192,4,4,grid,bf16,136.0600,31.5194,104.5406,573,ok
2,16,191,random,bf16,133.5300,32.4905,101.0395,767,ok
18,2,17,random,bf16,132.3100,34.2902,98.0197,399,ok
1,2,2048,grid,bf16,133.1290,31.3231,101.8059,6127,ok
768,128,192,grid,bf16,134.3310,31.6957,102.6353,2299,ok
96,4096,96,grid,bf16,134.0510,35.0858,98.9652,15295,ok
384,128,32,grid,bf16,134.2900,30.7623,103.5278,765,ok
1,576,1,fat,bf16,130.9300,32.6872,98.2428,1914,ok
210,2,3,random,bf16,134.6490,30.6228,104.0262,591,ok
16,512,64,wide_output,bf16,130.4600,31.6945,98.7655,1591,ok
256,4096,1,grid,bf16,136.5501,36.5434,100.0067,20415,ok
512,128,129,grid,bf16,133.3600,32.0547,101.3054,1787,ok
141,46,5211,random,bf16,135.8700,31.6531,104.2169,21442,ok
64,256,127,grid,bf16,132.7500,32.5179,100.2322,891,ok
128,2,512,grid,bf16,132.1200,29.6638,102.4562,2039,ok
8192,8,8,tall,bf16,136.2000,31.3394,104.8606,8573,ok
4096,192,128,grid,bf16,138.5300,32.1826,106.3474,8955,ok
2793,644,10,random,bf16,140.9200,35.9115,105.0085,19049,ok
512,1,192,grid,bf16,140.1000,34.0012,106.0988,1787,ok
1536,96,256,grid,bf16,134.0200,32.7417,101.2783,3835,ok
4,8,512,grid,bf16,130.4100,31.2241,99.1859,1543,ok
257,768,127,grid,bf16,131.1000,32.4154,98.6847,3833,ok
1,512,128,gemv_wideN,bf16,135.1000,32.1540,102.9460,1531,ok
2048,2048,32,grid,bf16,146.6200,40.8226,105.7974,38879,ok
5,175,127,random,bf16,136.4100,32.1127,104.2973,773,ok
1536,127,768,grid,bf16,136.6400,32.8469,103.7931,11507,ok
929,732,3176,random,bf16,155.8000,52.1161,103.6839,196649,ok
64,127,64,grid,bf16,133.7600,30.3668,103.3933,445,ok
256,32,96,grid,bf16,133.2200,29.4364,103.7835,637,ok
127,4096,1024,grid,bf16,139.6700,36.8874,102.7826,130303,ok
5,376,248,random,bf16,133.9900,32.2643,101.7257,2321,ok
16,64,128,grid,bf16,134.5800,29.3515,105.2285,397,ok
4104,128,128,tall,bf16,134.5310,33.1401,101.3909,4485,ok
128,512,512,grid,bf16,136.3490,31.4413,104.9077,8159,ok
192,32,127,grid,bf16,134.7300,30.6337,104.0963,573,ok
128,4,1536,grid,bf16,134.6200,29.9619,104.6581,6119,ok
257,8,512,grid,bf16,131.3700,31.9896,99.3804,2555,ok
128,4223,64,wide_output,bf16,134.8200,32.7450,102.0750,16829,ok
512,192,1536,grid,bf16,136.2000,32.5040,103.6960,21455,ok
2,64,512,grid,bf16,134.1000,29.3708,104.7291,1535,ok
2,128,64,grid,bf16,135.6600,30.9402,104.7198,383,ok
168,106,4,random,bf16,132.7200,33.1653,99.5547,549,ok
192,129,4,grid,bf16,135.6400,30.0692,105.5708,1147,ok
256,1536,1,grid,bf16,138.1300,34.7520,103.3780,7655,ok
129,127,8,grid,bf16,134.9600,32.0650,102.8950,510,ok
410,17,301,random,bf16,132.5399,30.9944,101.5455,2375,ok
384,4,2,grid,bf16,132.9600,30.8383,102.1217,765,ok
122,85,3,random,bf16,132.3400,30.4008,101.9392,503,ok
2,129,127,grid,bf16,135.4800,29.8807,105.5993,767,ok
1,4223,256,gemv_wideN,bf16,140.1100,35.3955,104.7145,25277,ok
64,1536,1536,grid,bf16,139.5600,33.6326,105.9274,64223,ok
257,1,64,grid,bf16,134.7000,32.4899,102.2101,638,ok
257,127,768,grid,bf16,136.8200,30.0667,106.7533,3833,ok
1024,257,4096,grid,bf16,146.6600,40.5060,106.1540,134975,ok
64,2112,64,fat,bf16,133.0200,29.5953,103.4247,7581,ok
4,5,10,random,bf16,133.5400,31.8959,101.6441,385,ok
4,768,4096,grid,bf16,138.0900,32.5304,105.5596,74111,ok
256,2,128,grid,bf16,133.8500,31.1253,102.7247,637,ok
768,257,1536,grid,bf16,139.1500,34.4188,104.7311,41399,ok
4096,2,1,grid,bf16,133.7600,32.8614,100.8986,4477,ok
1024,384,8,grid,bf16,136.4900,32.0263,104.4637,4217,ok
1,8,8,grid,bf16,126.6700,31.0195,95.6505,382,ok
2,1,512,grid,bf16,136.5690,32.8883,103.6806,1535,ok
1,2049,256,gemv_wideN,bf16,138.3900,34.9743,103.4157,13021,ok
256,576,64,wide_output,bf16,136.2000,31.4300,104.7700,3189,ok
2791,7665,23,random,bf16,178.0200,75.2585,102.7616,190379,ok
16,16,16,grid,bf16,137.1800,31.7617,105.4184,397,ok
2403,3,11,random,bf16,136.0500,31.3537,104.6963,2784,ok
32,32,2048,grid,bf16,134.1000,32.2164,101.8836,6623,ok
36,3,10,random,bf16,137.6600,32.1864,105.4736,417,ok
160,2,7695,random,bf16,134.2300,32.9032,101.3268,33061,ok
2,257,1,grid,bf16,133.9799,31.7724,102.2076,1151,ok
8,128,384,grid,bf16,135.8310,30.3091,105.5219,1169,ok
4096,1024,384,grid,bf16,149.8900,46.9156,102.9744,107471,ok
2048,64,1024,grid,bf16,136.3900,33.2309,103.1591,19439,ok
5929,3,2720,random,bf16,143.9800,40.2843,103.6957,138841,ok
129,16,64,grid,bf16,136.8700,29.6261,107.2439,510,ok
1,2175,8,gemv_wideN,bf16,130.2700,32.2515,98.0185,6510,ok
768,4096,2,grid,bf16,143.8200,36.9614,106.8585,36799,ok
128,32,1024,grid,bf16,135.5690,33.3657,102.2032,4079,ok
61,1,7,random,bf16,130.0400,31.5217,98.5183,442,ok
4845,1,3567,random,bf16,173.5900,70.2955,103.2945,146355,ok
127,4096,512,grid,bf16,137.1800,33.1328,104.0473,65151,ok
307,8,341,random,bf16,132.1100,31.5864,100.5236,2066,ok
4096,2048,768,grid,bf16,191.4000,84.7802,106.6198,429887,ok
256,4096,4,grid,bf16,139.0890,35.8193,103.2697,20415,ok
16,4,180,random,bf16,134.2000,31.0187,103.1813,795,ok
512,127,8,grid,bf16,136.2200,32.1832,104.0368,893,ok
16,192,2,grid,bf16,138.1710,30.3778,107.7933,795,ok
2048,64,4,grid,bf16,131.9800,31.6658,100.3142,2429,ok
2,128,257,grid,bf16,132.4890,31.4121,101.0769,1151,ok
1100,1,32,random,bf16,134.9500,30.4832,104.4668,1481,ok
64,127,32,grid,bf16,131.5500,30.2323,101.3177,445,ok
1,257,128,grid,bf16,130.8090,31.2610,99.5481,1148,ok
2048,192,96,grid,bf16,134.9000,33.7012,101.1988,4859,ok
127,129,2,grid,bf16,136.3500,30.9655,105.3845,1017,ok
128,96,32,grid,bf16,134.1000,32.1866,101.9134,509,ok
257,16,128,grid,bf16,133.8300,30.7746,103.0554,638,ok
3472,67,22,random,bf16,134.3200,29.5744,104.7456,3853,ok
2525,11,1954,random,bf16,137.3090,33.3673,103.9417,46511,ok
1,787,1,random,bf16,131.9200,33.4817,98.4383,2680,ok
4096,128,512,grid,bf16,137.4700,34.0930,103.3770,17911,ok
2,8,128,grid,bf16,132.6800,31.3373,101.3427,383,ok
256,8,16,grid,bf16,135.2300,31.7932,103.4367,637,ok
96,129,256,grid,bf16,135.7900,30.1273,105.6628,1911,ok
4,1,214,random,bf16,134.3300,31.2327,103.0974,771,ok
32,256,257,grid,bf16,134.6000,31.5449,103.0551,2483,ok
512,1536,127,grid,bf16,135.7700,32.7544,103.0156,10727,ok
128,512,256,grid,bf16,135.2800,32.8524,102.4276,4079,ok
2,3274,396,random,bf16,134.3900,31.2905,103.0995,39935,ok
51,70,8,random,bf16,133.7710,31.5251,102.2459,432,ok
384,768,257,grid,bf16,133.8800,33.7622,100.1178,13787,ok
8,2081,8,fat,bf16,134.9490,32.5738,102.3752,6629,ok
4,2,2,grid,bf16,133.4100,31.1486,102.2614,385,ok
1855,2,2,random,bf16,142.1200,31.1788,110.9412,2236,ok
4,192,128,grid,bf16,135.9100,30.5676,105.3424,771,ok
128,192,768,grid,bf16,136.6200,31.2398,105.3802,6119,ok
406,173,7,random,bf16,133.9800,31.5468,102.4332,1575,ok
128,257,64,grid,bf16,133.6400,29.3672,104.2727,1529,ok
129,32,1024,grid,bf16,134.1600,30.8357,103.3243,4087,ok
128,8,768,grid,bf16,137.1690,31.1306,106.0384,3059,ok
4096,768,2,grid,bf16,141.1110,38.8027,102.3082,26867,ok
551,10,10,random,bf16,134.9090,34.8720,100.0370,932,ok
3,643,55,random,bf16,136.6100,32.0151,104.5949,2309,ok
8,8,2056,deepK,bf16,135.6400,33.2164,102.4236,6629,ok
596,2200,25,random,bf16,146.5900,34.1018,112.4882,17603,ok
398,625,2711,random,bf16,142.7400,38.6396,104.1004,85799,ok
3232,2965,5575,random,bf16,574.4400,466.0560,108.3840,3816383,ok
768,512,257,grid,bf16,136.3500,33.9739,102.3761,13799,ok
192,64,256,grid,bf16,134.4600,31.1088,103.3512,1147,ok
192,129,2048,grid,bf16,137.8900,33.4240,104.4659,18367,ok
32,129,768,grid,bf16,132.9400,30.9894,101.9506,4967,ok
608,16,16,tall,bf16,132.6000,32.7698,99.8302,989,ok
4,2048,129,grid,bf16,135.2800,31.8584,103.4216,12351,ok
77,7,444,random,bf16,132.6500,32.1207,100.5292,1835,ok
1,4192,16,gemv_wideN,bf16,136.5400,31.4344,105.1056,12638,ok
8,4157,5867,random,bf16,150.1100,47.4531,102.6569,592019,ok
64,2048,1536,grid,bf16,138.3800,34.9486,103.4315,85631,ok
8225,16,16,tall,bf16,135.8290,34.5774,101.2516,8606,ok
257,1536,16,grid,bf16,136.6900,31.7086,104.9814,7667,ok
1536,128,4,grid,bf16,134.8200,33.9191,100.9009,1917,ok
214,1,1260,random,bf16,132.3000,34.6650,97.6350,5959,ok
512,2,384,grid,bf16,132.1000,32.7946,99.3053,2681,ok
257,64,257,grid,bf16,134.1000,29.8456,104.2544,1916,ok
1024,129,1,grid,bf16,135.7200,33.6740,102.0460,2811,ok
1,2144,16,gemv_wideN,bf16,134.8100,31.7758,103.0342,6510,ok
1,1,1057,deepK,bf16,129.8200,32.2571,97.5629,3446,ok
1536,1,128,grid,bf16,136.0290,31.8636,104.1655,1917,ok
128,64,2048,grid,bf16,136.4800,32.0010,104.4790,8159,ok
256,1,4,grid,bf16,134.6100,34.5660,100.0440,637,ok
257,1,384,grid,bf16,137.0500,32.6711,104.3789,1916,ok
192,1536,96,grid,bf16,132.9600,31.9568,101.0033,6887,ok
8,576,64,wide_output,bf16,133.0100,32.2044,100.8056,1949,ok
8,2048,64,wide_output,bf16,132.0801,29.5813,102.4988,6239,ok
64,256,129,grid,bf16,135.6600,30.5165,105.1435,1783,ok
10,991,27,random,bf16,135.7490,30.3828,105.3662,3135,ok
127,128,32,grid,bf16,108.6800,21.1817,87.4983,508,ok
16,4,2,grid,bf16,108.1290,20.1588,87.9702,397,ok
96,127,32,grid,bf16,105.8200,17.9292,87.8908,477,ok
1024,257,16,grid,bf16,109.7900,22.8690,86.9210,4217,ok
1,32,96,grid,bf16,102.5710,15.2485,87.3225,382,ok
8,256,192,grid,bf16,107.0600,19.3889,87.6711,1559,ok
1,256,1,fat,bf16,103.6510,15.6503,88.0006,765,ok
4223,8,8,tall,bf16,107.7700,18.9308,88.8391,4604,ok
384,192,16,grid,bf16,105.2400,19.1171,86.1228,1531,ok
2,192,512,grid,bf16,108.0000,22.1942,85.8058,3071,ok
96,128,64,grid,bf16,108.4800,19.8315,88.6485,477,ok
768,512,2,grid,bf16,106.6900,20.3291,86.3609,4599,ok
257,4,32,grid,bf16,109.3500,16.9528,92.3972,638,ok
127,512,768,grid,bf16,104.4500,19.7968,84.6532,12215,ok
4096,4,4096,grid,bf16,116.3600,30.7686,85.5914,143295,ok
64,64,4097,deepK,bf16,107.4300,19.5547,87.8752,14717,ok
256,1024,2048,grid,bf16,111.8100,24.8695,86.9405,81663,ok
768,1024,1024,grid,bf16,117.0000,30.0833,86.9167,73599,ok
1024,384,2048,grid,bf16,112.6400,29.8951,82.7448,67487,ok
1913,17,8,random,bf16,106.7100,21.9533,84.7566,2294,ok
32,32,768,grid,bf16,107.9400,20.0853,87.8547,2483,ok
96,512,128,grid,bf16,109.4800,19.9500,89.5300,1911,ok
8,257,256,grid,bf16,103.7100,18.6699,85.0401,2339,ok
4096,4096,16,grid,bf16,140.2890,50.6301,89.6588,143295,ok
512,192,192,grid,bf16,112.2000,22.3251,89.8749,3575,ok
2049,256,256,tall,bf16,109.2600,23.8763,85.3836,9723,ok
25,32,3,random,bf16,106.8800,19.8999,86.9801,406,ok
384,4,256,grid,bf16,106.5700,15.8256,90.7443,1531,ok
1024,512,4096,grid,bf16,124.8000,35.9329,88.8672,179967,ok
1,127,16,grid,bf16,105.2800,17.8746,87.4053,382,ok
2048,4096,127,grid,bf16,128.1800,37.7235,90.4565,77759,ok
129,384,512,grid,bf16,107.6600,19.8993,87.7607,6131,ok
25,1897,10,random,bf16,106.9690,17.8013,89.1677,6104,ok
9,3089,12,random,bf16,108.5600,20.3842,88.1758,9774,ok
4129,8,8,tall,bf16,104.8400,21.3498,83.4903,4510,ok
256,256,8288,deepK,bf16,116.1500,26.4527,89.6973,82939,ok
129,256,2048,grid,bf16,109.2800,22.4469,86.8331,16351,ok
64,4,1536,grid,bf16,106.8900,21.8818,85.0082,5351,ok
128,2048,127,grid,bf16,110.3700,20.8463,89.5237,8159,ok
8319,8,8,tall,bf16,106.5910,19.4450,87.1461,8700,ok
89,419,6,random,bf16,103.8600,16.9322,86.9278,1883,ok
192,4,512,grid,bf16,110.0100,17.0176,92.9924,2295,ok
256,1,384,grid,bf16,105.2600,19.7756,85.4844,1913,ok
256,512,256,fat,bf16,110.1200,16.0368,94.0833,5103,ok
639,8,8,tall,bf16,110.1200,18.0466,92.0734,1020,ok
4,4096,1024,grid,bf16,107.1700,22.5201,84.6499,98815,ok
256,2048,257,grid,bf16,111.2900,20.5558,90.7342,30623,ok
8,127,4096,grid,bf16,108.8800,23.4262,85.4539,12479,ok
256,96,127,grid,bf16,105.0110,16.4932,88.5178,637,ok
32,16,16,grid,bf16,106.7200,31.3483,75.3716,413,ok
16,16,4192,deepK,bf16,131.0200,32.1911,98.8289,13133,ok
4096,1024,1024,grid,bf16,170.4100,68.9755,101.4345,286591,ok
8,4129,8,fat,bf16,135.2200,31.5443,103.6757,12869,ok
1024,127,127,grid,bf16,130.7690,32.6331,98.1358,1405,ok
63,1,24,random,bf16,132.5400,31.1475,101.3925,444,ok
512,1,384,grid,bf16,137.6200,33.3885,104.2315,2681,ok
128,2,8,grid,bf16,131.1500,31.2890,99.8610,509,ok
6670,22,101,random,bf16,134.0100,32.8755,101.1345,7051,ok
127,64,4096,grid,bf16,135.7500,32.1467,103.6034,16287,ok
96,32,2,grid,bf16,135.1000,32.0981,103.0019,477,ok
512,1,257,grid,bf16,136.8700,32.8777,103.9922,2681,ok
56,22,9,random,bf16,131.6200,31.3254,100.2946,437,ok
192,4,96,grid,bf16,135.8510,32.8524,102.9986,573,ok
4,4096,4,grid,bf16,133.6100,32.3582,101.2518,12351,ok
128,8288,128,fat,bf16,135.7000,33.1281,102.5719,33149,ok
6413,23,8185,random,bf16,165.6300,62.9412,102.6888,434879,ok
192,1,128,grid,bf16,129.9200,33.8280,96.0920,573,ok
79,125,2,random,bf16,133.9510,33.4001,100.5509,460,ok
127,1536,768,grid,bf16,137.0500,33.8566,103.1934,36647,ok
11,391,772,random,bf16,136.5100,32.6274,103.8826,11003,ok
4096,1,32,grid,bf16,136.6000,31.6347,104.9653,4477,ok
1,148,817,random,bf16,134.8000,34.0618,100.7383,5361,ok
257,384,127,grid,bf16,133.9490,31.4675,102.4815,1916,ok
257,16,2048,grid,bf16,130.9300,31.8207,99.1094,10223,ok
204,7905,13,random,bf16,141.6100,36.3640,105.2460,36331,ok
61,147,2577,random,bf16,136.8500,33.0381,103.8119,18605,ok
1024,129,32,grid,bf16,132.8000,33.8425,98.9575,2811,ok
96,257,4,grid,bf16,134.8490,30.9218,103.9272,1433,ok
96,96,16,grid,bf16,135.2100,30.2115,104.9984,477,ok
7,1,8,random,bf16,131.5300,33.7745,97.7555,388,ok
512,257,1024,grid,bf16,135.8300,35.0513,100.7787,21455,ok
39,2973,139,random,bf16,135.3300,32.3846,102.9454,20207,ok
256,8,257,grid,bf16,133.9100,31.4302,102.4798,1913,ok
1536,96,16,grid,bf16,133.4200,32.1678,101.2521,1917,ok
4350,4523,188,random,bf16,182.4600,82.0832,100.3768,340703,ok
17,10,13,random,bf16,135.8500,31.3494,104.5006,398,ok
129,16,256,grid,bf16,132.1500,31.6309,100.5191,1021,ok
1,8288,8,gemv_wideN,bf16,135.3600,34.5392,100.8208,24894,ok
768,768,1,grid,bf16,137.1200,35.1127,102.0072,6899,ok
384,4096,64,grid,bf16,138.0300,35.7563,102.2737,24511,ok
1,1088,128,gemv_wideN,bf16,132.3200,32.0845,100.2355,3446,ok
16,5,1776,random,bf16,133.0300,30.5822,102.4478,5571,ok
512,768,127,grid,bf16,139.3300,33.8378,105.4921,5363,ok
8,8,513,deepK,bf16,135.0300,33.0841,101.9459,1949,ok
2,16,127,grid,bf16,132.6600,29.6405,103.0195,383,ok
768,129,1,grid,bf16,135.7600,34.4640,101.2960,2299,ok
127,1536,4,grid,bf16,132.6900,33.0703,99.6197,6107,ok
96,2,192,grid,bf16,133.8000,33.8833,99.9166,955,ok
128,128,576,deepK,bf16,136.4510,31.8655,104.5855,2549,ok
512,128,257,grid,bf16,133.7600,31.4306,102.3295,2681,ok
129,96,768,grid,bf16,137.5600,31.3633,106.1967,3065,ok
127,1024,768,grid,bf16,134.6900,32.9624,101.7277,24431,ok
289,256,256,tall,bf16,135.4300,30.8989,104.5311,2683,ok
1,8,32,grid,bf16,130.5800,30.0097,100.5704,382,ok
2,96,64,grid,bf16,133.6600,30.7877,102.8723,383,ok
1,13,106,random,bf16,132.6200,29.8924,102.7276,382,ok
632,368,7368,random,bf16,149.9100,47.4197,102.4903,176435,ok
2,129,96,grid,bf16,132.7400,31.8773,100.8628,767,ok
768,2,1536,grid,bf16,135.3000,32.6632,102.6368,13799,ok
3,3,8,random,bf16,135.6000,31.1922,104.4078,384,ok
192,768,8,grid,bf16,135.8710,30.1965,105.6745,3443,ok
256,256,8193,deepK,bf16,142.9900,37.5550,105.4350,82939,ok
1635,175,6492,random,bf16,153.3700,50.6533,102.7166,205733,ok
2365,1243,2288,random,bf16,193.8300,89.2945,104.5355,494459,ok
16,16,320,deepK,bf16,132.5700,31.0264,101.5436,1193,ok
127,256,1,grid,bf16,133.7400,30.8048,102.9353,1017,ok
256,1,1,tall,bf16,130.8800,30.3460,100.5340,637,ok
127,96,16,grid,bf16,137.1200,31.9308,105.1892,508,ok
8,128,16,grid,bf16,133.8000,31.1769,102.6231,389,ok
128,128,513,deepK,bf16,127.2900,32.7182,94.5718,2549,ok
289,1,1,tall,bf16,133.6600,29.5275,104.1325,670,ok
11,487,61,random,bf16,135.2200,30.0174,105.2026,1571,ok
1024,4096,16,grid,bf16,142.9300,39.9536,102.9764,44991,ok
1,129,1,grid,bf16,134.6400,30.0460,104.5939,765,ok
1536,2048,256,grid,bf16,143.1400,40.7856,102.3544,61375,ok
256,256,1088,deepK,bf16,135.0800,30.4636,104.6164,11483,ok
545,512,64,thinK,bf16,135.6300,33.7453,101.8846,3707,ok
397,268,831,random,bf16,135.9600,31.9202,104.0398,16358,ok
384,1,64,grid,bf16,134.9700,31.9864,102.9836,765,ok
16,2144,64,wide_output,bf16,135.2700,30.4003,104.8697,6765,ok
8,8,257,deepK,bf16,135.2100,29.8165,105.3935,1169,ok
128,129,512,grid,bf16,136.2990,31.6549,104.6441,4079,ok
384,127,8,grid,bf16,136.6700,31.3209,105.3491,765,ok
8,1024,96,grid,bf16,133.7800,30.7560,103.0240,3119,ok
790,9,1880,random,bf16,134.7800,31.7263,103.0537,17579,ok
256,4096,2048,grid,bf16,147.8500,48.3216,99.5284,326655,ok
19,1,1,random,bf16,130.4990,31.5267,98.9723,400,ok
8,2112,64,wide_output,bf16,133.0200,33.0496,99.9704,6629,ok
6,1,3225,random,bf16,139.2600,35.0500,104.2100,10087,ok
64,4,8,grid,bf16,130.6600,30.3444,100.3156,445,ok
16,96,384,grid,bf16,134.0800,30.6805,103.3995,1193,ok
1024,4,384,grid,bf16,138.2100,31.1943,107.0157,4217,ok
768,64,128,grid,bf16,135.6600,32.0171,103.6429,1149,ok
13,907,263,random,bf16,135.5900,31.8198,103.7703,9479,ok
4223,256,256,tall,bf16,138.7900,33.4517,105.3383,18419,ok
256,256,1151,deepK,bf16,136.3800,33.2916,103.0884,11483,ok
8,64,4,grid,bf16,134.5100,30.6422,103.8678,389,ok
1,4097,8,gemv_wideN,bf16,134.4800,31.1301,103.3499,12638,ok
171,7,53,random,bf16,136.3500,31.9700,104.3801,552,ok
128,1536,16,grid,bf16,131.0400,32.2731,98.7669,6119,ok
744,1,2931,random,bf16,138.4700,39.7470,98.7230,25897,ok
32,64,129,grid,bf16,133.5200,29.7763,103.7437,827,ok
32,1024,32,grid,bf16,134.4000,29.9443,104.4557,3311,ok
192,4096,2048,grid,bf16,151.5100,44.9882,106.5218,293887,ok
16,4192,64,wide_output,bf16,133.8300,29.9936,103.8364,13133,ok
6873,1,1,random,bf16,133.0600,30.7970,102.2630,7254,ok
384,2,1,grid,bf16,131.7300,31.6081,100.1219,765,ok
532,66,527,random,bf16,135.6800,30.5701,105.1099,4569,ok
256,256,4104,deepK,bf16,139.5100,38.6106,100.8994,42107,ok
429,213,921,random,bf16,136.4500,31.3660,105.0839,12975,ok
1,51,508,random,bf16,130.0800,33.3677,96.7123,1531,ok
128,4097,128,fat,bf16,136.4700,32.0884,104.3816,16829,ok
4,257,4,grid,bf16,127.7690,30.0360,97.7330,1157,ok
8,1088,64,wide_output,bf16,136.4300,30.8476,105.5824,3509,ok
512,1024,1024,grid,bf16,141.4900,36.7170,104.7730,57215,ok
64,64,608,deepK,bf16,137.8700,32.4573,105.4127,2229,ok
2,65,394,random,bf16,137.1400,32.0214,105.1186,1535,ok
16,1032,64,wide_output,bf16,131.4000,31.8227,99.5772,3581,ok
1,320,256,gemv_wideN,bf16,135.7000,33.4099,102.2901,2297,ok
2048,256,257,grid,bf16,138.3499,35.4175,102.9324,14579,ok
192,8,512,grid,bf16,135.2500,32.0298,103.2202,2295,ok
16,384,127,grid,bf16,134.4490,31.6933,102.7557,1193,ok
1,2049,64,wide_output,bf16,135.9300,33.5331,102.3970,6510,ok
257,192,127,grid,bf16,137.6100,30.9613,106.6487,1277,ok
8,129,256,grid,bf16,133.2700,31.0079,102.2621,1559,ok
127,1,2048,grid,bf16,134.4700,32.2464,102.2236,8143,ok
128,384,1,grid,bf16,134.3300,32.2366,102.0935,1529,ok
4,127,64,grid,bf16,134.5300,31.0483,103.4816,385,ok
632,3910,64,random,bf16,140.2290,36.8059,103.4231,31433,ok
192,257,128,grid,bf16,136.0100,30.4251,105.5849,1721,ok
2048,96,4,grid,bf16,135.8900,32.4810,103.4090,2429,ok
64,96,1024,grid,bf16,133.7690,31.2773,102.4917,3567,ok
22,18,9,random,bf16,128.9910,31.3919,97.5991,403,ok
16,192,16,grid,bf16,133.1500,30.2222,102.9277,795,ok
4096,192,768,grid,bf16,140.6100,36.5189,104.0910,53735,ok
128,192,129,grid,bf16,134.8200,31.6227,103.1973,2039,ok
2048,512,1,grid,bf16,137.1700,35.7687,101.4013,9719,ok
1,4096,1,grid,bf16,132.7700,31.7231,101.0469,12255,ok
29,1389,6,random,bf16,135.3800,31.8218,103.5582,4520,ok
4,4096,512,grid,bf16,136.3200,29.1124,107.2077,49407,ok
256,127,2048,grid,bf16,108.9300,22.5043,86.4258,10207,ok
17,9,900,random,bf16,108.4200,21.1241,87.2959,3191,ok
1,1536,768,grid,bf16,109.2600,21.7309,87.5291,27575,ok
35,6047,44,random,bf16,111.2100,18.6351,92.5749,20015,ok
3555,42,1,random,bf16,137.7000,31.7605,105.9395,3936,ok
64,129,4096,grid,bf16,136.2100,33.1458,103.0642,28543,ok
64,127,16,grid,bf16,134.7100,31.4922,103.2178,445,ok
2,16,4,grid,bf16,132.0900,31.8999,100.1901,383,ok
384,8,192,grid,bf16,135.6400,32.9532,102.6867,1531,ok
1,4,8,grid,bf16,134.4100,32.4788,101.9312,382,ok
1,192,2,grid,bf16,134.0900,33.1028,100.9872,765,ok
1,352,256,gemv_wideN,bf16,136.7100,35.6437,101.0663,2297,ok
35,14,3,random,bf16,135.1400,30.1325,105.0075,416,ok
128,4096,257,grid,bf16,132.8800,33.9819,98.8981,48959,ok
355,5210,124,random,bf16,139.6690,35.2582,104.4108,30216,ok
58,32,329,random,bf16,136.3300,30.3400,105.9900,1319,ok
8,289,8,fat,bf16,133.0300,31.0305,101.9995,1169,ok
64,520,64,fat,bf16,134.8400,31.6701,103.1699,2229,ok
1536,1,1024,grid,bf16,138.3000,38.5493,99.7507,15343,ok
2,64,128,grid,bf16,131.7200,32.0424,99.6776,383,ok
320,256,256,tall,bf16,135.7800,30.2634,105.5166,2807,ok
128,127,96,grid,bf16,134.2100,31.8807,102.3293,509,ok
256,512,768,grid,bf16,132.4400,33.7418,98.6982,15311,ok
216,32,179,random,bf16,131.3900,30.4150,100.9750,1195,ok
1024,384,128,grid,bf16,132.1510,32.5402,99.6108,4217,ok
257,512,512,grid,bf16,137.1600,32.0007,105.1593,10223,ok
1536,257,256,grid,bf16,137.4000,35.8300,101.5700,11507,ok
96,4,64,grid,bf16,134.7900,31.4550,103.3350,477,ok
257,64,64,tall,bf16,131.8800,31.2263,100.6537,638,ok
256,64,96,grid,bf16,137.1600,32.0932,105.0668,637,ok
4096,257,8,grid,bf16,133.4600,33.2829,100.1771,13433,ok
32,192,1024,grid,bf16,135.0110,30.2700,104.7410,6623,ok
8,127,8,grid,bf16,134.3800,31.8225,102.5575,389,ok
4,5,4015,random,bf16,135.2700,31.0238,104.2462,12351,ok
45,4,4121,random,bf16,137.1690,31.2214,105.9475,14090,ok
7893,19,202,random,bf16,137.0710,34.0606,103.0104,16549,ok
1536,1536,32,grid,bf16,139.5800,37.8354,101.7446,23015,ok
1,512,2048,grid,bf16,139.0300,36.7466,102.2834,24511,ok
512,257,2,grid,bf16,158.9590,31.3320,127.6269,2681,ok
64,64,639,deepK,bf16,135.7300,31.9246,103.8054,2229,ok
302,261,3293,random,bf16,137.7400,35.7522,101.9878,53351,ok
2,127,127,grid,bf16,135.9800,31.6983,104.2816,383,ok
384,16,1,grid,bf16,136.8800,31.0586,105.8214,765,ok
32,257,8,grid,bf16,132.4500,32.1644,100.2857,1241,ok
4,257,1,grid,bf16,131.3510,30.7051,100.6459,1157,ok
64,127,768,grid,bf16,137.3000,31.5084,105.7916,2675,ok
257,1024,8,grid,bf16,137.1200,33.4582,103.6618,5111,ok
16,16,4129,deepK,bf16,136.1900,32.4775,103.7125,13133,ok
12,32,22,random,bf16,134.2100,30.9886,103.2214,393,ok
256,8319,256,fat,bf16,140.9700,37.8397,103.1303,82939,ok
96,16,192,grid,bf16,137.0600,32.2025,104.8575,955,ok
32,64,2048,grid,bf16,136.5400,32.8563,103.6837,6623,ok
8,8,545,deepK,bf16,135.3800,30.6942,104.6859,1949,ok
96,16,127,grid,bf16,134.8800,31.6157,103.2643,477,ok
128,8192,64,wide_output,bf16,138.7500,34.3787,104.3713,32639,ok
13,3,6,random,bf16,135.1100,32.3075,102.8025,394,ok
127,4096,96,grid,bf16,136.8001,33.7460,103.0541,16287,ok
16,352,16,fat,bf16,133.1600,32.8051,100.3548,1193,ok
384,16,128,grid,bf16,134.9510,30.6995,104.2514,765,ok
16,16,8225,deepK,bf16,132.1710,31.6213,100.5497,25869,ok
1088,16,16,tall,bf16,131.0690,30.4025,100.6665,1469,ok
2,1536,16,grid,bf16,133.4800,31.5734,101.9066,4607,ok
96,8,192,grid,bf16,134.9700,32.3019,102.6681,955,ok
16,128,384,grid,bf16,132.3000,32.3170,99.9829,1193,ok
384,16,768,grid,bf16,138.8800,33.2879,105.5920,4595,ok
1,512,129,grid,bf16,137.2100,34.6940,102.5160,3063,ok
192,129,8,grid,bf16,134.0300,31.3599,102.6702,1147,ok
4,256,1536,grid,bf16,135.4700,32.6939,102.7761,9263,ok
2,8,256,grid,bf16,133.4300,30.7195,102.7105,767,ok
256,192,384,grid,bf16,133.3090,32.5864,100.7226,3827,ok
3,13,1770,random,bf16,132.9090,32.1667,100.7423,5389,ok
20,789,18,random,bf16,135.9400,31.8906,104.0494,2813,ok
1,8319,1,fat,bf16,134.3700,31.8467,102.5233,24894,ok
128,129,1024,grid,bf16,137.1200,31.2901,105.8298,8159,ok
257,129,384,grid,bf16,136.1500,32.2980,103.8520,3833,ok
2,2048,1536,grid,bf16,136.5800,32.6463,103.9337,73727,ok
384,128,768,grid,bf16,133.7900,33.3067,100.4834,4595,ok
4,2048,8,grid,bf16,133.0700,31.4040,101.6659,6175,ok
64,2048,768,grid,bf16,137.2700,33.1369,104.1330,42815,ok
26,2818,2403,random,bf16,138.0500,36.5821,101.4679,178295,ok
1,129,384,grid,bf16,137.8100,35.0874,102.7226,2297,ok
2049,16,16,tall,bf16,133.3800,32.9199,100.4601,2430,ok
2048,128,8,grid,bf16,135.3200,31.6719,103.6481,2429,ok
1,32,32,grid,bf16,133.3500,31.8695,101.4805,382,ok
257,16,127,grid,bf16,133.5500,33.1184,100.4315,638,ok
256,127,16,grid,bf16,136.6200,33.6751,102.9449,637,ok
76,3359,671,random,bf16,140.6000,33.2092,107.3909,74195,ok
1,4104,256,gemv_wideN,bf16,138.2600,37.7020,100.5580,25277,ok
256,2112,256,fat,bf16,137.5700,33.7111,103.8589,21691,ok
256,2081,256,fat,bf16,136.8700,33.5162,103.3538,21691,ok
8,4192,64,wide_output,bf16,130.0200,31.9437,98.0764,12869,ok
127,1,64,grid,bf16,132.3500,31.7887,100.5613,508,ok
1024,16,768,grid,bf16,132.2600,31.6412,100.6188,8435,ok
96,1,256,grid,bf16,134.4200,34.8257,99.5943,955,ok
429,6060,2,random,bf16,141.6900,38.7478,102.9423,38927,ok
384,256,64,grid,bf16,134.9900,32.6870,102.3030,1531,ok
32,8,768,grid,bf16,133.5200,31.5366,101.9834,2483,ok
32,127,512,grid,bf16,132.0490,31.8429,100.2061,1655,ok
1,383,8,gemv_wideN,bf16,137.3900,31.6810,105.7089,1148,ok
16,8256,16,fat,bf16,135.4300,32.4728,102.9572,25869,ok
128,1024,4096,grid,bf16,138.7400,36.8530,101.8870,130559,ok
2112,16,16,tall,bf16,135.3700,31.9183,103.4517,2493,ok
1,352,64,wide_output,bf16,134.3700,32.7680,101.6020,1148,ok
5,6,140,random,bf16,134.7100,32.5717,102.1383,773,ok
4,768,32,grid,bf16,135.2710,32.0633,103.2077,2315,ok
128,2048,2048,grid,bf16,139.2700,36.6315,102.6385,130559,ok
4,16,96,grid,bf16,140.3800,31.1764,109.2036,385,ok
1,192,768,grid,bf16,134.3400,35.2341,99.1059,4595,ok
127,129,64,grid,bf16,135.0900,33.5759,101.5141,1017,ok
64,256,256,grid,bf16,134.6000,31.7464,102.8536,1783,ok
128,2056,64,wide_output,bf16,133.0200,32.3255,100.6945,8669,ok
192,32,4,grid,bf16,129.1300,30.8618,98.2682,573,ok
1024,256,256,tall,bf16,136.2300,33.9444,102.2856,5623,ok
768,192,768,grid,bf16,139.0700,34.9477,104.1223,13799,ok
192,128,4096,grid,bf16,137.8200,35.2659,102.5541,18367,ok
257,256,8,grid,bf16,138.2300,31.8790,106.3510,1277,ok
64,128,768,grid,bf16,134.0400,30.7610,103.2791,2675,ok
8,4,96,grid,bf16,135.6400,32.7926,102.8474,389,ok
1,1032,256,gemv_wideN,bf16,138.0600,34.3057,103.7542,6893,ok
2,256,1024,grid,bf16,134.3110,32.2492,102.0619,6143,ok
32,8,129,grid,bf16,131.4110,30.4643,100.9467,827,ok
768,96,129,grid,bf16,135.0200,32.1580,102.8620,2299,ok
384,1,127,grid,bf16,132.3310,30.7220,101.6090,765,ok
384,2048,127,grid,bf16,137.4900,33.8396,103.6504,12255,ok
8288,64,64,tall,bf16,137.2400,31.6264,105.6135,8669,ok
127,127,64,grid,bf16,135.7300,31.9044,103.8256,508,ok
16,64,256,grid,bf16,134.4000,30.2248,104.1752,795,ok
32,384,2048,grid,bf16,135.7000,33.2916,102.4083,19871,ok
129,32,16,grid,bf16,134.5700,31.6556,102.9144,510,ok
4,1,33,random,bf16,133.2800,32.8409,100.4391,385,ok
27,1036,373,random,bf16,135.8100,31.2345,104.5755,11042,ok
134,1627,22,random,bf16,133.8800,33.4309,100.4492,6707,ok
4096,257,16,grid,bf16,137.7800,35.5015,102.2785,13433,ok
384,8,8,grid,bf16,131.4900,31.4704,100.0196,765,ok
256,64,64,tall,bf16,134.2800,31.9201,102.3599,637,ok
1796,4,2,random,bf16,135.6600,29.8782,105.7818,2177,ok
16,1120,16,fat,bf16,133.0400,30.8790,102.1611,3581,ok
1,192,32,grid,bf16,135.3300,34.3427,100.9873,765,ok
2175,128,128,tall,bf16,134.8800,33.5944,101.2856,2556,ok
4096,64,64,tall,bf16,136.1600,33.4508,102.7092,4477,ok
96,512,2,grid,bf16,130.0600,30.6777,99.3823,1911,ok
4444,179,604,random,bf16,140.1310,37.4241,102.7068,48259,ok
14,44,2,random,bf16,134.5600,33.5635,100.9965,395,ok
2048,1024,257,grid,bf16,140.2400,42.0733,98.1667,58319,ok
1536,8,192,grid,bf16,133.7500,31.7012,102.0488,3835,ok
2,32,64,grid,bf16,134.4800,30.4614,104.0186,383,ok
1,8225,256,gemv_wideN,bf16,141.9100,41.4477,100.4623,49789,ok
256,1057,256,fat,bf16,135.8900,32.5907,103.2993,11483,ok
256,4096,384,grid,bf16,136.6400,35.8299,100.8102,61247,ok
127,64,96,grid,bf16,133.1800,30.2324,102.9476,508,ok
1024,64,192,grid,bf16,129.2600,32.2509,97.0091,2811,ok
192,257,192,grid,bf16,132.3900,32.9057,99.4843,3443,ok
256,512,4,grid,bf16,134.8500,33.5057,101.3443,2551,ok
4,1536,64,grid,bf16,134.7690,31.1489,103.6202,4631,ok
1,1,2175,deepK,bf16,134.6800,33.7419,100.9381,6510,ok
16,8,192,grid,bf16,131.1200,31.6173,99.5028,795,ok
256,2048,384,grid,bf16,137.0800,34.5496,102.5303,30623,ok
1151,8,8,tall,bf16,136.1900,30.5665,105.6234,1532,ok
257,768,4096,grid,bf16,141.8800,40.6223,101.2577,122687,ok
128,128,545,deepK,bf16,132.1890,33.3631,98.8259,2549,ok
768,4,256,grid,bf16,134.1700,30.9124,103.2576,2299,ok
16,2,3,random,bf16,133.6000,31.9772,101.6228,397,ok
128,32,129,grid,bf16,135.0000,33.9198,101.0802,1019,ok
512,2048,1024,grid,bf16,144.3500,42.2975,102.0525,114431,ok
1,1151,16,gemv_wideN,bf16,134.8100,32.0867,102.7234,3446,ok
99,1,4,random,bf16,134.6600,31.9360,102.7240,480,ok
16,8,16,grid,bf16,136.4510,32.2124,104.2386,397,ok
768,1,256,grid,bf16,137.4400,34.2714,103.1685,2299,ok
129,2048,192,grid,bf16,136.5200,33.4272,103.0928,16351,ok
384,1536,96,grid,bf16,135.2200,33.2170,102.0030,9191,ok
8,4,4096,grid,bf16,136.3600,31.8127,104.5473,12479,ok
4,4,64,grid,bf16,128.5700,31.8421,96.7279,385,ok
16,64,384,grid,bf16,133.3100,32.0851,101.2249,1193,ok
6,42,2,random,bf16,130.6100,31.7206,98.8894,387,ok
1,8288,64,wide_output,bf16,133.7400,33.8831,99.8569,24894,ok
4096,130,34,random,bf16,136.3700,33.4887,102.8813,8955,ok
64,192,129,grid,bf16,131.4100,31.8674,99.5426,1783,ok
128,4223,128,fat,bf16,134.9400,32.0076,102.9324,16829,ok
512,127,128,grid,bf16,134.5600,31.2012,103.3588,893,ok
385,1718,13,random,bf16,137.6000,35.2620,102.3380,10737,ok
2048,32,257,grid,bf16,135.4500,31.1533,104.2966,7289,ok
257,96,1536,grid,bf16,134.5600,34.5232,100.0368,7667,ok
120,24,7,random,bf16,135.4800,31.3862,104.0938,501,ok
8,32,96,grid,bf16,132.2000,30.4556,101.7444,389,ok
9,7,2,random,bf16,134.6600,31.0937,103.5663,390,ok
298,21,3,random,bf16,136.8000,30.9157,105.8843,679,ok
3304,22,92,random,bf16,132.1000,30.6374,101.4626,3685,ok
34,4,48,random,bf16,133.3200,31.4334,101.8866,415,ok
512,4,384,grid,bf16,129.8900,33.7575,96.1325,2681,ok
256,127,128,grid,bf16,134.0000,31.1468,102.8532,637,ok
6464,7,2087,random,bf16,140.7100,41.5926,99.1174,116381,ok
359,386,86,random,bf16,132.2600,32.6974,99.5627,2963,ok
129,2,4096,grid,bf16,135.8290,30.6276,105.2014,16351,ok
1547,47,726,random,bf16,135.2800,33.6124,101.6677,11573,ok
384,4096,384,grid,bf16,141.5310,37.7320,103.7990,73535,ok
2048,256,256,tall,bf16,135.7600,33.8060,101.9540,9719,ok
691,30,1,random,bf16,133.5500,31.9032,101.6468,1072,ok
1,1,257,deepK,bf16,132.7800,35.2344,97.5456,1148,ok
10,217,54,random,bf16,130.2990,29.6840,100.6150,783,ok
257,64,4096,grid,bf16,134.3500,33.8918,100.4583,20447,ok
64,192,192,grid,bf16,132.6200,33.1067,99.5133,1783,ok
192,256,96,grid,bf16,135.4400,30.5117,104.9283,1147,ok
4192,64,64,tall,bf16,134.0690,31.6368,102.4322,4573,ok
1,384,129,grid,bf16,134.6510,35.3868,99.2642,2297,ok
1536,768,512,grid,bf16,137.5200,38.0430,99.4770,46031,ok
16,16,545,deepK,bf16,133.8500,29.3104,104.5397,1989,ok
257,1024,1024,grid,bf16,138.3300,36.8777,101.4523,40895,ok
2048,257,64,grid,bf16,136.9900,35.2450,101.7450,7289,ok
8,1,257,grid,bf16,135.6490,31.4472,104.2018,1169,ok
1526,452,10,random,bf16,136.2400,34.3166,101.9234,7631,ok
2048,4096,192,grid,bf16,157.3600,54.7535,102.6065,155519,ok
256,129,512,grid,bf16,129.1400,30.4445,98.6954,5103,ok
8,1151,64,wide_output,bf16,132.8800,30.7954,102.0846,3509,ok
768,2,512,grid,bf16,134.1900,32.1523,102.0376,4599,ok
315,11,2559,random,bf16,135.0500,32.4686,102.5814,13939,ok
256,192,4096,grid,bf16,136.8501,33.2430,103.6071,40831,ok
76,4564,1,random,bf16,136.9890,34.1485,102.8404,16487,ok
512,256,768,grid,bf16,132.7300,31.6833,101.0467,10727,ok
4096,256,4,grid,bf16,135.3600,34.4437,100.9163,8955,ok
8,128,1,grid,bf16,133.1900,32.0434,101.1466,389,ok
9,3,99,random,bf16,131.8300,30.0022,101.8278,390,ok
192,1536,64,grid,bf16,133.6200,30.6433,102.9767,6887,ok
1172,1979,191,random,bf16,142.9400,39.7793,103.1607,49727,ok
768,256,768,grid,bf16,137.5700,34.3878,103.1822,13799,ok
493,635,2450,random,bf16,143.0700,40.8817,102.1883,87499,ok
155,2649,22,random,bf16,134.6200,34.1080,100.5120,11276,ok
8,8,4097,deepK,bf16,136.2500,31.9113,104.3387,12869,ok
4096,128,128,grid,bf16,131.8300,33.4322,98.3978,4477,ok
1,520,256,gemv_wideN,bf16,133.5000,34.6035,98.8966,3829,ok
95,198,4796,random,bf16,135.0400,34.6648,100.3752,36251,ok
8,4,129,grid,bf16,132.3090,32.6566,99.6523,779,ok
1,4104,1,fat,bf16,132.7400,31.6883,101.0517,12638,ok
4,127,8,grid,bf16,134.1100,30.3408,103.7692,385,ok
256,128,768,grid,bf16,134.5100,31.4979,103.0121,3827,ok
64,2,352,random,bf16,133.9300,32.0237,101.9063,1337,ok
8,4096,257,grid,bf16,137.8490,40.1223,97.7268,37439,ok
2,192,32,grid,bf16,138.1290,41.4322,96.6968,767,ok
256,256,352,deepK,bf16,138.7600,40.5065,98.2535,3827,ok
2445,35,1566,random,bf16,137.9700,42.3457,95.6242,36750,ok
2048,32,64,grid,bf16,135.6490,39.2603,96.3887,2429,ok
96,512,1,grid,bf16,134.4100,39.4571,94.9529,1911,ok
32,1536,2048,grid,bf16,130.3200,38.7368,91.5832,79487,ok
129,1,2,grid,bf16,139.3100,41.8787,97.4312,510,ok
512,2,4096,grid,bf16,138.6400,37.2173,101.4227,28607,ok
387,174,1,random,bf16,137.4700,43.7644,93.7056,1537,ok
192,2,1024,grid,bf16,137.3600,42.8627,94.4972,4591,ok
192,8,257,grid,bf16,134.9400,35.7015,99.2384,1721,ok
22,4,6582,random,bf16,131.4200,38.9639,92.4561,21007,ok
16,2048,32,grid,bf16,135.0900,37.9569,97.1331,6367,ok
128,1024,1536,grid,bf16,139.6509,40.2402,99.4107,48959,ok
16,129,2,grid,bf16,135.4600,36.9837,98.4763,795,ok
1536,512,128,grid,bf16,138.6000,39.8886,98.7114,7671,ok
128,8,2048,grid,bf16,134.9900,39.1132,95.8768,8159,ok
257,16,256,grid,bf16,137.9100,40.1097,97.8003,1277,ok
1,2,5,random,bf16,134.0000,38.6425,95.3575,382,ok
129,32,4,grid,bf16,135.9600,38.2326,97.7274,510,ok
512,768,2,grid,bf16,138.9310,37.3975,101.5335,5363,ok
128,127,4096,grid,bf16,139.1600,37.9026,101.2574,16319,ok
192,32,256,grid,bf16,136.4600,37.8545,98.6055,1147,ok
96,64,2048,grid,bf16,136.1300,37.4831,98.6469,7647,ok
16,8319,64,wide_output,bf16,137.3700,39.2650,98.1050,25869,ok
129,129,129,grid,bf16,141.0500,39.2200,101.8300,2043,ok
1024,192,257,grid,bf16,136.8100,38.6158,98.1942,8435,ok
67,73,2,random,bf16,140.5600,34.7738,105.7862,448,ok
255,59,58,random,bf16,136.3400,37.8230,98.5170,636,ok
384,4096,96,grid,bf16,140.5310,44.7884,95.7426,24511,ok
2048,2,256,grid,bf16,137.6200,38.0053,99.6147,4859,ok
127,8,257,grid,bf16,139.0600,35.5694,103.4906,1526,ok
2048,257,384,grid,bf16,139.6090,36.5608,103.0482,21869,ok
128,129,1,grid,bf16,139.4700,38.8838,100.5863,1019,ok
4,257,8,grid,bf16,134.9700,38.5700,96.4000,1157,ok
80,1086,4083,random,bf16,139.3800,42.5756,96.8045,133055,ok
257,1,256,grid,bf16,136.8200,39.3595,97.4605,1277,ok
129,192,127,grid,bf16,135.3400,37.7618,97.5782,1021,ok
8,576,8,fat,bf16,137.8000,32.8345,104.9655,1949,ok
162,3852,4339,random,bf16,162.3000,67.8622,94.4379,573375,ok
129,32,512,grid,bf16,135.1800,39.2740,95.9060,2043,ok
384,384,4,grid,bf16,139.5300,40.8291,98.7009,2297,ok
4,129,8,grid,bf16,134.4300,37.3506,97.0794,771,ok
384,16,2,grid,bf16,136.3800,39.1363,97.2436,765,ok
3,49,2,random,bf16,136.7900,37.5157,99.2743,384,ok
1536,32,1,grid,bf16,135.8600,39.2395,96.6205,1917,ok
4,64,96,grid,bf16,134.8290,37.8312,96.9978,385,ok
196,2,155,random,bf16,136.1800,35.7077,100.4723,1155,ok
398,113,163,random,bf16,136.9600,38.8417,98.1183,1559,ok
128,257,32,grid,bf16,137.1300,38.5076,98.6224,1529,ok
2048,1,64,grid,bf16,136.6200,38.6337,97.9863,2429,ok
64,256,257,grid,bf16,139.4000,39.7166,99.6833,2675,ok
768,32,768,grid,bf16,138.6300,39.4617,99.1683,6899,ok
768,1024,2,grid,bf16,140.3700,41.3166,99.0533,9199,ok
2048,2048,16,grid,bf16,147.9890,50.5821,97.4069,38879,ok
4,1024,384,grid,bf16,139.3700,37.9006,101.4694,9263,ok
1893,6,62,random,bf16,137.1800,38.0380,99.1420,2274,ok
1,192,384,grid,bf16,136.8200,39.9831,96.8369,2297,ok
32,128,128,grid,bf16,136.8300,40.0906,96.7394,413,ok
3,3,686,random,bf16,124.5700,36.9380,87.6320,2309,ok
3,3,32,random,bf16,135.0800,41.0292,94.0508,384,ok
20,1647,27,random,bf16,138.2400,40.1373,98.1027,5225,ok
2,420,5,random,bf16,134.0400,37.8636,96.1764,1535,ok
256,128,32,grid,bf16,137.5900,39.1165,98.4734,637,ok
4,768,1536,grid,bf16,138.6290,39.9980,98.6310,27791,ok
129,129,256,grid,bf16,136.4000,39.8881,96.5119,2043,ok
71,2177,769,random,bf16,129.1700,39.6251,89.5449,57077,ok
384,257,64,grid,bf16,138.3490,38.6671,99.6819,2297,ok
4096,2,96,grid,bf16,136.9400,40.8291,96.1109,4477,ok
338,5,1,random,bf16,137.1700,42.9389,94.2310,719,ok
1,264,64,wide_output,bf16,134.1800,39.1711,95.0089,1148,ok
32,64,4096,grid,bf16,138.5800,38.8724,99.7076,13247,ok
1536,2,129,grid,bf16,136.6400,38.4487,98.1913,3835,ok
127,96,96,grid,bf16,137.1910,36.8496,100.3414,508,ok
16,8,32,grid,bf16,136.4200,39.7304,96.6896,397,ok
128,2175,128,fat,bf16,135.7101,40.0530,95.6571,8669,ok
1,1,256,grid,bf16,139.0200,40.9957,98.0243,765,ok
192,2,129,grid,bf16,137.7300,40.8566,96.8733,1147,ok
127,96,384,grid,bf16,138.1690,40.5514,97.6176,1526,ok
128,128,8193,deepK,bf16,139.7300,40.6452,99.0848,33149,ok
16,256,32,grid,bf16,137.9800,41.8943,96.0858,795,ok
16,639,64,wide_output,bf16,137.1800,36.2219,100.9581,1989,ok
8,512,64,wide_output,bf16,138.1300,43.1476,94.9824,1559,ok
256,1032,256,fat,bf16,138.1200,40.8849,97.2352,11483,ok
1,8256,256,gemv_wideN,bf16,138.7400,47.5160,91.2240,49789,ok
2048,8,1,grid,bf16,126.4900,39.8793,86.6107,2429,ok
256,192,128,grid,bf16,136.3200,37.0283,99.2917,1275,ok
4096,128,768,grid,bf16,141.1300,46.1484,94.9816,26867,ok
10,6038,20,random,bf16,136.9700,38.5015,98.4685,18815,ok
137,4666,37,random,bf16,139.7200,41.1225,98.5976,19202,ok
2048,129,512,grid,bf16,137.9200,42.3076,95.6123,19439,ok
4096,1024,96,grid,bf16,144.8510,48.9925,95.8585,35823,ok
4,16,4,grid,bf16,135.9500,38.1136,97.8364,385,ok
3008,3,259,random,bf16,137.8000,39.0501,98.7499,10169,ok
1154,2033,84,random,bf16,142.4300,44.4599,97.9701,24575,ok
256,768,512,grid,bf16,139.3400,41.5859,97.7541,15311,ok
1024,1,1,tall,bf16,133.9300,39.2613,94.6687,1405,ok
1,4,6,random,bf16,135.5100,41.3427,94.1673,382,ok
4558,6,794,random,bf16,142.9601,39.9137,103.0463,34579,ok
1024,127,8,grid,bf16,137.2500,40.3900,96.8600,1405,ok
1,264,8,gemv_wideN,bf16,124.5400,41.0926,83.4474,1148,ok
96,1536,768,grid,bf16,137.7900,39.8609,97.9291,34415,ok
8,1024,8,fat,bf16,136.3400,38.4763,97.8636,3119,ok
4,4,4,grid,bf16,134.9300,40.0044,94.9256,385,ok
8,545,64,wide_output,bf16,136.2900,40.3560,95.9340,1949,ok
64,1024,128,grid,bf16,136.0890,38.8644,97.2246,3567,ok
12,2,1,random,bf16,135.8500,37.7574,98.0926,393,ok
32,8,8,grid,bf16,137.6900,38.7786,98.9114,413,ok
2048,16,129,grid,bf16,134.7800,38.9172,95.8628,4859,ok
128,32,768,grid,bf16,127.7290,36.8058,90.9232,3059,ok
8319,16,16,tall,bf16,137.8510,40.3629,97.4881,8700,ok
264,128,128,tall,bf16,137.0300,40.8576,96.1724,645,ok
1,1536,1536,grid,bf16,143.5100,46.3599,97.1501,55151,ok
128,1536,2,grid,bf16,136.4400,41.8898,94.5503,6119,ok
16,256,256,grid,bf16,135.9600,38.5005,97.4595,1591,ok
127,768,512,grid,bf16,138.2000,41.1878,97.0123,12215,ok
64,192,8,grid,bf16,136.9200,41.0548,95.8652,891,ok
183,6737,167,random,bf16,140.0510,42.7235,97.3275,59889,ok
2,384,2048,grid,bf16,126.0100,39.2386,86.7714,18431,ok
1,1,520,deepK,bf16,125.5000,38.7763,86.7238,1914,ok
256,128,1024,grid,bf16,140.8000,40.3340,100.4661,5103,ok
1536,4096,192,grid,bf16,155.1910,57.1837,98.0073,122751,ok
16,512,768,grid,bf16,134.6400,38.2811,96.3590,9551,ok
192,192,32,grid,bf16,137.7500,37.6941,100.0559,1147,ok
523,18,356,random,bf16,138.8300,35.1233,103.7066,2714,ok
210,12,1910,random,bf16,139.4310,37.3402,102.0908,8879,ok
127,4096,129,grid,bf16,140.0400,40.4351,99.6049,32575,ok
16,96,96,grid,bf16,136.4800,38.5520,97.9279,397,ok
257,257,4096,grid,bf16,141.5600,45.1285,96.4315,61343,ok
129,1024,384,grid,bf16,136.8599,38.8255,98.0345,12263,ok
8225,256,256,tall,bf16,139.9801,49.5374,90.4426,34427,ok
129,4096,512,grid,bf16,140.3600,42.7683,97.5917,65407,ok
127,256,2048,grid,bf16,138.4910,40.4257,98.0653,16287,ok
127,128,16,grid,bf16,137.5900,36.8117,100.7783,508,ok
3,7254,65,random,bf16,137.8400,43.0433,94.7967,21944,ok
384,192,512,grid,bf16,135.8800,38.5789,97.3010,6127,ok
192,4096,512,grid,bf16,141.0490,43.7419,97.3071,73471,ok
74,814,782,random,bf16,138.7900,35.4551,103.3349,22343,ok
1883,2738,4,random,bf16,147.2400,50.7246,96.5154,49829,ok
16,2175,64,wide_output,bf16,135.5700,39.7491,95.8209,6765,ok
96,1,384,grid,bf16,125.8200,40.6474,85.1726,1433,ok
512,1024,384,grid,bf16,140.1300,41.5505,98.5795,21455,ok
129,16,128,grid,bf16,137.2400,39.3622,97.8778,510,ok
4,64,256,grid,bf16,136.4400,37.6035,98.8365,771,ok
42,121,40,random,bf16,137.3000,37.1003,100.1997,423,ok
192,32,32,grid,bf16,138.7300,40.3102,98.4197,573,ok
1536,64,512,grid,bf16,137.8200,38.6808,99.1391,7671,ok
32,1536,127,grid,bf16,134.6400,39.0140,95.6259,4967,ok
128,1,1536,grid,bf16,136.0100,41.5480,94.4620,6119,ok
2048,2048,96,grid,bf16,147.1600,48.0376,99.1224,38879,ok
32,257,512,grid,bf16,139.4900,42.9941,96.4959,4967,ok
128,1536,128,grid,bf16,136.7700,39.8461,96.9240,6119,ok
96,257,257,grid,bf16,138.1600,41.4795,96.6804,4301,ok
127,1,129,grid,bf16,126.2090,38.5697,87.6393,1017,ok
512,2048,257,grid,bf16,141.9400,44.5364,97.4036,42911,ok
176,285,120,random,bf16,136.7090,37.3877,99.3212,1673,ok
195,73,457,random,bf16,136.7100,39.2676,97.4424,2307,ok
96,128,384,grid,bf16,136.9200,39.1393,97.7807,1433,ok
1536,32,64,grid,bf16,137.6200,43.7087,93.9113,1917,ok
4,32,2048,grid,bf16,138.1700,35.7643,102.4057,6175,ok
4,257,129,grid,bf16,136.7400,39.2905,97.4495,2315,ok
127,128,129,grid,bf16,138.4700,37.7997,100.6704,1017,ok
32,1536,4,grid,bf16,135.8200,39.4638,96.3562,4967,ok
4096,192,8,grid,bf16,140.5710,40.6752,99.8958,8955,ok
512,129,1,grid,bf16,138.5900,38.4081,100.1819,1787,ok
11,203,54,random,bf16,127.0000,39.0845,87.9154,785,ok
1536,1,4,grid,bf16,137.5800,39.8682,97.7117,1917,ok
16,512,1,grid,bf16,136.3500,39.3437,97.0063,1591,ok
6,2,3,random,bf16,136.9100,39.4330,97.4770,387,ok
127,96,64,grid,bf16,137.6300,38.5215,99.1084,508,ok
98,10,30,random,bf16,137.6000,36.4933,101.1067,479,ok
16,192,768,grid,bf16,137.6200,37.8714,99.7486,4775,ok
128,257,4096,grid,bf16,140.3200,41.3272,98.9929,48959,ok
257,4096,16,grid,bf16,144.3800,42.2869,102.0931,20447,ok
64,32,127,grid,bf16,136.3600,37.4946,98.8654,445,ok
520,16,16,tall,bf16,135.8800,37.4805,98.3995,901,ok
5824,956,2911,random,bf16,269.5500,170.8462,98.7037,1141903,ok
85,9,2568,random,bf16,136.9200,38.0098,98.9102,9806,ok
256,8,8,grid,bf16,126.4500,36.6021,89.8478,637,ok
517,4,38,random,bf16,134.3700,35.3296,99.0404,898,ok
192,1536,2,grid,bf16,137.9400,41.1256,96.8145,6887,ok
1,4,256,grid,bf16,135.3300,40.2622,95.0678,765,ok
16,129,257,grid,bf16,136.4900,38.6222,97.8677,2387,ok
768,64,8,grid,bf16,134.3910,41.0192,93.3719,1149,ok
4096,257,4096,grid,bf16,173.7290,75.9002,97.8287,429887,ok
2562,251,38,random,bf16,136.4800,38.9527,97.5273,5887,ok
16,256,1,grid,bf16,129.2200,39.2917,89.9284,795,ok
16,2048,257,grid,bf16,136.3700,38.1571,98.2129,19103,ok
1,1,8193,deepK,bf16,138.5700,40.8039,97.7661,24894,ok
2,1536,257,grid,bf16,137.1500,40.2233,96.9266,13823,ok
96,1,8,grid,bf16,135.4500,38.0093,97.4407,477,ok
96,8,32,grid,bf16,136.3300,38.5234,97.8066,477,ok
257,128,128,tall,bf16,137.7700,38.7920,98.9780,638,ok
192,1,4,grid,bf16,135.7500,36.8926,98.8574,573,ok
3,274,4,random,bf16,135.2200,36.8118,98.4082,1154,ok
512,256,257,grid,bf16,138.3800,37.5901,100.7898,5363,ok
384,192,2048,grid,bf16,136.3600,44.3299,92.0301,24511,ok
257,127,256,grid,bf16,137.4900,39.4124,98.0776,1277,ok
128,8,256,grid,bf16,135.7300,38.3455,97.3845,1019,ok
512,1024,512,grid,bf16,143.8100,42.4946,101.3154,28607,ok
1,2,4096,grid,bf16,136.5700,42.5739,93.9960,12255,ok
4096,8,4,grid,bf16,136.8400,41.4581,95.3819,4477,ok
257,128,1,grid,bf16,135.5910,39.6913,95.8997,638,ok
2048,1,1,tall,bf16,133.3500,38.0957,95.2543,2429,ok
4,1536,128,grid,bf16,136.8800,35.2656,101.6144,4631,ok
1,4096,32,grid,bf16,133.1900,39.8140,93.3759,12255,ok
4,2048,768,grid,bf16,142.0000,42.5913,99.4087,37055,ok
2,768,384,grid,bf16,137.6200,40.3561,97.2639,6911,ok
96,384,64,grid,bf16,135.6300,41.9749,93.6551,1433,ok
5,2,4268,random,bf16,136.7100,38.4503,98.2597,13157,ok
1024,512,192,grid,bf16,137.1400,40.9705,96.1695,11247,ok
4,1,286,random,bf16,125.1800,38.7826,86.3974,1157,ok
2048,16,192,grid,bf16,136.6600,36.5419,100.1181,4859,ok
2245,4013,5,random,bf16,154.8500,57.4011,97.4489,84063,ok
646,1440,2,random,bf16,139.2400,39.2534,99.9866,12335,ok
2,501,2,random,bf16,135.5200,38.8075,96.7125,1535,ok
257,96,2,grid,bf16,139.9399,41.6970,98.2429,638,ok
128,127,512,grid,bf16,142.9900,38.8462,104.1437,2039,ok
768,4,4096,grid,bf16,136.8600,38.6514,98.2086,36799,ok
127,512,2048,grid,bf16,139.1090,37.9312,101.1778,32575,ok
2963,473,2068,random,bf16,164.2300,67.2409,96.9891,227459,ok
2,1,2,grid,bf16,137.2110,39.7570,97.4540,383,ok
2,1,8,random,bf16,136.6900,38.3697,98.3202,383,ok
129,257,129,grid,bf16,138.4600,40.5680,97.8920,3065,ok
5,371,1522,random,bf16,126.7200,38.0382,88.6818,13931,ok
384,768,384,grid,bf16,138.3900,36.2732,102.1168,13787,ok
2048,384,1,grid,bf16,129.0001,40.9607,88.0393,7289,ok
8,8,2049,deepK,bf16,138.0200,38.0494,99.9706,6629,ok
96,1536,1024,grid,bf16,138.0400,43.0099,95.0301,45887,ok
256,2048,1024,grid,bf16,144.2300,42.4457,101.7843,81663,ok
16,289,64,wide_output,bf16,136.0100,37.2044,98.8056,1193,ok
8,1024,32,grid,bf16,135.8200,37.7510,98.0690,3119,ok
32,16,32,grid,bf16,135.4200,39.0537,96.3663,413,ok
512,32,1536,grid,bf16,135.7600,37.4602,98.2998,10727,ok
127,768,384,grid,bf16,137.4700,39.6234,97.8466,9161,ok
257,8,32,grid,bf16,136.1000,39.2158,96.8842,638,ok
2048,127,16,grid,bf16,137.7300,38.4587,99.2714,2429,ok
256,4,8,grid,bf16,137.6100,39.4212,98.1887,637,ok
32,64,257,grid,bf16,133.6300,35.9645,97.6655,1241,ok
2,5794,7081,random,bf16,155.4600,61.2084,94.2516,989183,ok
192,32,96,grid,bf16,137.0000,40.0824,96.9176,573,ok
1,639,8,gemv_wideN,bf16,138.6000,38.0781,100.5219,1914,ok
2048,32,768,grid,bf16,136.6400,39.6686,96.9714,14579,ok
256,2,1,grid,bf16,131.6800,39.3037,92.3764,637,ok
1246,33,197,random,bf16,137.7110,40.8617,96.8493,3255,ok
64,8200,64,fat,bf16,137.3000,40.6281,96.6719,28989,ok
128,16,127,grid,bf16,138.8400,38.5939,100.2461,509,ok
384,2,16,grid,bf16,137.2300,38.3120,98.9179,765,ok
2,129,1536,grid,bf16,136.5100,35.7578,100.7522,9215,ok
127,2,16,grid,bf16,136.7800,38.3889,98.3911,508,ok
1,2112,128,gemv_wideN,bf16,134.7710,41.8056,92.9654,6510,ok
257,257,128,grid,bf16,136.8200,39.2202,97.5997,1916,ok
129,1,4,grid,bf16,136.2000,38.9926,97.2074,510,ok
979,1,2508,random,bf16,135.0200,45.7545,89.2655,27219,ok
127,256,64,grid,bf16,139.3000,36.5833,102.7166,1017,ok
512,512,768,grid,bf16,140.2100,43.3855,96.8245,21455,ok
384,1,256,grid,bf16,139.1000,42.4530,96.6470,1531,ok
1,129,2,grid,bf16,137.1800,41.9754,95.2046,765,ok
1151,128,128,tall,bf16,136.7700,39.3882,97.3818,1532,ok
8288,256,256,tall,bf16,132.3000,48.4425,83.8575,34679,ok
7884,345,1,random,bf16,136.2400,48.6320,87.6080,24797,ok
1791,16,1649,random,bf16,137.2300,38.8141,98.4159,28248,ok
384,768,64,grid,bf16,137.7200,40.3438,97.3762,4595,ok
512,2,2,grid,bf16,135.1400,40.0342,95.1059,893,ok
458,2720,87,random,bf16,139.2910,42.6004,96.6905,18479,ok
8,127,256,grid,bf16,137.9800,38.7640,99.2160,779,ok
1,256,256,grid,bf16,137.9500,42.4165,95.5335,1531,ok
8,128,64,grid,bf16,136.5600,41.3900,95.1700,389,ok
6477,20,161,random,bf16,127.2800,39.4220,87.8580,13717,ok
768,32,1024,grid,bf16,139.7300,38.5996,101.1304,9199,ok
257,8,2048,grid,bf16,135.7400,41.3025,94.4375,10223,ok
768,96,4096,grid,bf16,142.4300,43.2857,99.1443,36799,ok
512,64,768,grid,bf16,138.0400,43.1429,94.8971,5363,ok
16,257,192,grid,bf16,129.2900,38.2758,91.0141,2387,ok
192,192,16,grid,bf16,138.9200,40.3799,98.5401,1147,ok
639,64,64,tall,bf16,126.6400,38.4343,88.2058,1020,ok
358,3,3,random,bf16,134.4800,38.5587,95.9213,739,ok
1980,15,124,random,bf16,107.0200,14.8414,92.1785,2361,ok
129,128,256,grid,bf16,104.7700,15.3370,89.4330,1021,ok
3,1318,27,random,bf16,106.5099,15.8388,90.6711,4234,ok
2048,384,32,grid,bf16,106.3790,17.8536,88.5254,7289,ok
192,32,257,grid,bf16,105.8600,14.6724,91.1876,1721,ok
96,1024,96,grid,bf16,103.8200,14.4993,89.3207,3823,ok
4,8,96,grid,bf16,105.5900,16.6471,88.9428,385,ok
1,8,16,grid,bf16,101.8900,14.9077,86.9823,382,ok
1,520,1,fat,bf16,104.9600,15.8253,89.1347,1914,ok
2,129,1,grid,bf16,105.7910,14.6555,91.1356,767,ok
127,4,4,grid,bf16,105.6300,15.6368,89.9933,508,ok
8,128,768,grid,bf16,132.7600,36.4001,96.3599,2339,ok
2048,96,512,grid,bf16,134.0100,35.0732,98.9368,9719,ok
32,32,64,grid,bf16,132.9300,35.6516,97.2784,413,ok
4,1,2048,grid,bf16,128.0900,36.5789,91.5111,6175,ok
256,64,1536,grid,bf16,132.9800,22.2929,110.6871,7655,ok
384,256,1536,grid,bf16,108.8500,18.3561,90.4939,18383,ok
384,64,2048,grid,bf16,106.5690,16.7780,89.7911,12255,ok
15,2,6152,random,bf16,105.4700,16.0408,89.4292,19452,ok
3,265,313,random,bf16,103.7800,15.1427,88.6373,3464,ok
256,128,64,grid,bf16,106.1100,15.8711,90.2389,637,ok
384,64,1024,grid,bf16,107.8800,20.2468,87.6332,6127,ok
3163,3973,284,random,bf16,155.4500,64.6034,90.8466,340319,ok
1,1,4223,deepK,bf16,104.8500,39.6987,65.1513,12638,ok
512,256,256,tall,bf16,131.2200,19.1943,112.0257,3575,ok
8,2,384,grid,bf16,133.5799,17.5350,116.0450,1169,ok
2,1536,1536,grid,bf16,106.1200,20.2876,85.8324,55295,ok
128,32,257,grid,bf16,104.8600,37.2547,67.6053,1529,ok
128,127,768,grid,bf16,137.6000,35.4277,102.1723,3059,ok
64,64,16,grid,bf16,133.3700,33.7887,99.5813,445,ok
720,2,200,random,bf16,123.3200,35.8681,87.4519,2203,ok
178,7622,2,random,bf16,136.5400,36.9083,99.6317,33599,ok
979,56,48,random,bf16,133.3200,35.5361,97.7839,1360,ok
96,4,256,grid,bf16,135.1600,35.6246,99.5354,955,ok
4096,127,4096,grid,bf16,146.0500,55.1659,90.8841,143295,ok
16,768,2,grid,bf16,125.2700,34.4743,90.7957,2387,ok
64,32,384,grid,bf16,133.6200,35.3127,98.3073,1337,ok
1024,64,64,tall,bf16,136.1800,34.8276,101.3524,1405,ok
127,4,16,grid,bf16,133.7500,35.1521,98.5979,508,ok
5,3296,14,random,bf16,126.2100,34.8755,91.3345,10061,ok
256,576,256,fat,bf16,130.2000,35.3030,94.8970,6379,ok
64,2049,64,fat,bf16,133.2800,36.4453,96.8347,7581,ok
1536,2048,128,grid,bf16,133.1900,43.2369,89.9531,30687,ok
92,2986,130,random,bf16,142.1200,34.5461,107.5739,22751,ok
4096,512,257,grid,bf16,142.1200,44.5739,97.5461,53735,ok
32,2,128,grid,bf16,130.8200,34.8900,95.9300,413,ok
989,257,11,random,bf16,132.5700,35.9901,96.5799,4112,ok
4,32,32,grid,bf16,131.3200,34.3124,97.0077,385,ok
65,105,3540,random,bf16,126.5400,36.3381,90.2019,12515,ok
37,2,2394,random,bf16,133.0400,34.5752,98.4647,7960,ok
7365,20,54,random,bf16,136.7800,33.0960,103.6840,7746,ok
192,768,2,grid,bf16,129.8000,34.6022,95.1978,3443,ok
1024,128,32,grid,bf16,132.7700,35.1044,97.6656,1405,ok
256,256,4097,deepK,bf16,137.8000,37.3310,100.4690,42107,ok
1,305,236,random,bf16,134.9000,36.5340,98.3659,2297,ok
16,257,16,grid,bf16,131.5890,36.7446,94.8444,1193,ok
768,16,768,grid,bf16,133.7400,33.8436,99.8964,6899,ok
16,2,4,grid,bf16,134.4900,35.6820,98.8080,397,ok
768,512,384,grid,bf16,133.5090,37.0976,96.4114,13799,ok
8,129,128,grid,bf16,133.9100,33.6617,100.2484,779,ok
959,12,7093,random,bf16,132.0600,39.6442,92.4158,75095,ok
257,32,256,grid,bf16,132.8090,35.6460,97.1630,1277,ok
256,4129,256,fat,bf16,136.3110,37.8181,98.4930,42107,ok
128,512,129,grid,bf16,135.5700,36.8370,98.7330,4079,ok
2,23,90,random,bf16,124.3900,33.3926,90.9974,383,ok
2,15,825,random,bf16,132.3600,34.6169,97.7431,2687,ok
129,2048,64,grid,bf16,133.4090,35.8966,97.5124,8175,ok
1536,129,32,grid,bf16,126.9500,34.8630,92.0870,3835,ok
280,2,4,random,bf16,132.9700,34.0485,98.9215,661,ok
1536,768,4096,grid,bf16,174.1200,73.7394,100.3806,368255,ok
1,352,128,gemv_wideN,bf16,125.8300,36.6927,89.1373,1148,ok
4096,96,768,grid,bf16,136.2700,37.5639,98.7061,26867,ok
96,192,257,grid,bf16,137.9700,34.9511,103.0190,2867,ok
384,4096,16,grid,bf16,137.0200,39.4061,97.6139,24511,ok
4,1,96,grid,bf16,123.6500,35.2680,88.3820,385,ok
1024,127,32,grid,bf16,137.9510,34.9781,102.9729,1405,ok
4,768,768,grid,bf16,133.5600,36.0421,97.5179,13895,ok
96,4,4096,grid,bf16,134.1500,37.1771,96.9729,15295,ok
16,2,2048,grid,bf16,130.7800,34.7604,96.0196,6367,ok
127,2,127,grid,bf16,131.2400,35.5294,95.7106,508,ok
32,64,1536,grid,bf16,134.6800,36.2796,98.4004,4967,ok
128,128,32,grid,bf16,133.6110,33.7598,99.8512,509,ok
1,512,257,grid,bf16,131.2900,37.8407,93.4493,4595,ok
2146,1328,372,random,bf16,150.6700,47.0479,103.6221,83423,ok
257,8,1536,grid,bf16,133.4400,35.7579,97.6822,7667,ok
4096,192,256,grid,bf16,135.0000,37.1414,97.8585,17911,ok
1,1024,8,gemv_wideN,bf16,131.4300,35.9129,95.5171,3063,ok
127,64,64,grid,bf16,134.3000,36.6840,97.6160,508,ok
56,58,1108,random,bf16,132.2700,34.9017,97.3684,3941,ok
64,639,64,fat,bf16,132.9690,36.8368,96.1322,2229,ok
768,192,192,grid,bf16,133.9500,36.1857,97.7643,4599,ok
608,512,64,thinK,bf16,136.7710,35.2095,101.5615,3959,ok
2048,768,16,grid,bf16,136.4600,37.8951,98.5649,14579,ok
10,72,8,random,bf16,131.5500,35.1741,96.3759,391,ok
1164,2,738,random,bf16,135.7700,37.3689,98.4011,9275,ok
256,129,192,grid,bf16,131.2700,36.2921,94.9779,2551,ok
1536,16,192,grid,bf16,135.1300,36.4135,98.7165,3835,ok
1485,4,234,random,bf16,133.6600,33.1533,100.5067,3733,ok
5,70,40,random,bf16,129.9290,31.5774,98.3516,386,ok
2048,2,1,grid,bf16,134.5400,30.0647,104.4754,2429,ok
100,4,2,random,bf16,132.4500,28.2487,104.2013,481,ok
4,2,768,grid,bf16,134.4200,29.3886,105.0314,2315,ok
4096,1536,1,grid,bf16,151.7000,43.3660,108.3339,53735,ok
32,2048,64,grid,bf16,134.0700,30.4794,103.5906,6623,ok
384,4,384,grid,bf16,132.9600,29.8629,103.0971,2297,ok
512,768,1024,grid,bf16,136.7890,33.6797,103.1092,42911,ok
128,128,257,deepK,bf16,133.5500,30.9893,102.5608,1529,ok
192,1,4096,grid,bf16,137.9700,35.0108,102.9592,18367,ok
83,503,4409,random,bf16,137.7690,33.1151,104.6538,65099,ok
8,129,512,grid,bf16,134.1490,30.1544,103.9946,3119,ok
8,8,8225,deepK,bf16,133.6510,30.2474,103.4036,25349,ok
1536,257,96,grid,bf16,133.5490,30.9387,102.6103,5753,ok
513,512,64,thinK,bf16,137.4300,30.9874,106.4426,3579,ok
129,1024,4,grid,bf16,130.2510,30.5107,99.7403,4087,ok
2048,257,1,grid,bf16,140.0100,33.8918,106.1182,7289,ok
128,2048,8,grid,bf16,136.0090,30.9691,105.0399,8159,ok
127,512,1536,grid,bf16,135.0100,29.9552,105.0547,24431,ok
128,257,16,grid,bf16,134.4000,30.9049,103.4951,1529,ok
1,257,96,grid,bf16,134.2400,29.9588,104.2812,1148,ok
127,512,96,grid,bf16,135.1000,30.4936,104.6064,2035,ok
5,1321,13,random,bf16,133.4290,30.1602,103.2687,4256,ok
1,1536,2048,grid,bf16,143.6400,41.7398,101.9002,73535,ok
256,768,384,grid,bf16,136.1700,30.2712,105.8987,11483,ok
3,216,83,random,bf16,133.1300,29.5218,103.6082,769,ok
512,8,2048,grid,bf16,133.7710,29.9145,103.8565,14303,ok
127,384,8,grid,bf16,134.7300,30.6226,104.1074,1526,ok
64,352,64,fat,bf16,133.2600,29.9880,103.2720,1337,ok
384,1536,8,grid,bf16,136.8090,30.7106,106.0984,9191,ok
1,768,127,grid,bf16,134.7900,30.4374,104.3526,2297,ok
32,256,384,grid,bf16,131.6600,30.7402,100.9197,2483,ok
16,1024,127,grid,bf16,133.2000,29.4293,103.7708,3183,ok
192,2,127,grid,bf16,132.1800,29.0943,103.0857,573,ok
384,1536,192,grid,bf16,134.7900,31.9837,102.8063,18383,ok
384,257,1024,grid,bf16,135.6290,31.0076,104.6214,18383,ok
1536,129,2048,grid,bf16,137.9900,34.3267,103.6633,61375,ok
256,2175,64,wide_output,bf16,133.8690,31.1907,102.6783,10845,ok
1536,64,2,grid,bf16,135.4800,31.1107,104.3693,1917,ok
256,256,8256,deepK,bf16,141.8200,36.8655,104.9545,82939,ok
32,256,96,grid,bf16,134.0110,29.9164,104.0946,827,ok
21,2,13,random,bf16,134.2500,28.7441,105.5058,402,ok
5124,29,1,random,bf16,130.9090,32.2759,98.6330,5505,ok
320,8,8,tall,bf16,132.6600,30.3077,102.3523,701,ok
127,1536,1024,grid,bf16,137.5000,31.9467,105.5533,48863,ok
2649,988,44,random,bf16,141.1600,36.5856,104.5745,24247,ok
16,1536,127,grid,bf16,134.4800,30.1805,104.2995,4775,ok
3067,8,6117,random,bf16,147.3490,42.2643,105.0847,165551,ok
4096,4,2,grid,bf16,134.8400,29.0788,105.7612,4477,ok
127,96,257,grid,bf16,135.7790,30.6793,105.0997,1526,ok
768,1,129,grid,bf16,137.8100,32.0827,105.7273,2299,ok
16,4104,16,fat,bf16,132.5200,30.0966,102.4234,13133,ok
4852,5057,5852,random,bf16,1255.0290,1144.0473,110.9817,9630559,ok
128,1536,32,grid,bf16,135.4300,29.8609,105.5691,6119,ok
2,1536,2,grid,bf16,132.5900,29.4072,103.1828,4607,ok
96,64,257,grid,bf16,131.8600,30.6617,101.1983,1433,ok
257,384,2,grid,bf16,103.9890,14.1403,89.8488,1916,ok
128,96,2,grid,bf16,105.8600,15.0432,90.8168,509,ok
1024,128,1536,grid,bf16,106.5600,17.4371,89.1229,16871,ok
2,4,256,grid,bf16,104.1700,15.1533,89.0167,767,ok
128,1,128,grid,bf16,103.8700,14.9017,88.9683,509,ok
256,608,256,fat,bf16,107.1400,16.4223,90.7177,6379,ok
16,16,8192,deepK,bf16,106.4000,16.2875,90.1125,25471,ok
256,8,4096,grid,bf16,108.8700,17.4620,91.4080,20415,ok
96,1536,384,grid,bf16,103.6800,18.6435,85.0366,17207,ok
4,2048,32,grid,bf16,104.7000,14.4821,90.2179,6175,ok
1536,384,768,grid,bf16,112.2600,20.3422,91.9178,34523,ok
64,4096,64,grid,bf16,107.1700,16.6567,90.5133,14271,ok
257,512,192,grid,bf16,106.2690,14.8748,91.3943,5111,ok
128,4096,16,grid,bf16,106.6310,15.8024,90.8286,16319,ok
128,192,192,grid,bf16,106.8400,16.3419,90.4981,2039,ok
1,257,8,gemv_wideN,bf16,106.1800,16.9003,89.2796,1148,ok
127,64,16,grid,bf16,106.5700,15.4207,91.1492,508,ok
8,2,1,grid,bf16,103.8200,14.3028,89.5171,389,ok
6,6070,328,random,bf16,106.8500,16.4076,90.4424,55871,ok
384,1536,129,grid,bf16,105.3500,15.9247,89.4253,18383,ok
257,2048,192,grid,bf16,105.7400,16.8085,88.9316,20447,ok
4,2,127,grid,bf16,103.3900,14.6870,88.7030,385,ok
1,1285,4559,random,bf16,117.3000,28.5678,88.7321,151667,ok
2048,64,16,grid,bf16,104.5090,13.8628,90.6462,2429,ok
1536,1,4096,grid,bf16,119.0590,30.8824,88.1766,61375,ok
256,8,2048,grid,bf16,103.5200,13.7838,89.7362,10207,ok
64,512,64,fat,bf16,104.2490,13.1927,91.0563,1783,ok
1,256,32,grid,bf16,104.6700,17.9901,86.6799,765,ok
1,128,1,grid,bf16,103.8400,14.1578,89.6822,382,ok
2048,1024,1,grid,bf16,111.2100,21.6827,89.5273,19439,ok
8,256,127,grid,bf16,106.5000,15.2611,91.2389,779,ok
127,257,384,grid,bf16,103.6800,16.8776,86.8023,4580,ok
1,1,8288,deepK,bf16,106.6000,16.8439,89.7561,24894,ok
352,64,64,tall,bf16,102.7900,14.0364,88.7536,733,ok
8,16,32,grid,bf16,103.9200,13.6031,90.3169,389,ok
1,19,3,random,bf16,100.9700,13.5662,87.4039,382,ok
768,512,96,grid,bf16,105.1000,14.0400,91.0599,4599,ok
127,148,7492,random,bf16,105.7000,16.5139,89.1861,60061,ok
4,2048,96,grid,bf16,102.9700,13.0092,89.9608,6175,ok
257,257,256,grid,bf16,103.5400,14.9267,88.6133,3833,ok
96,1536,4,grid,bf16,104.6800,15.4088,89.2712,5735,ok
129,1536,768,grid,bf16,106.2400,15.8998,90.3402,36791,ok
128,257,2,grid,bf16,102.0500,12.7487,89.3013,1529,ok
8,32,192,grid,bf16,102.6000,15.4282,87.1718,779,ok
16,192,257,grid,bf16,101.9900,14.5585,87.4316,2387,ok
1519,2,47,random,bf16,103.1710,13.5575,89.6135,1900,ok
16,1025,64,wide_output,bf16,103.5300,13.8559,89.6741,3581,ok
768,384,32,grid,bf16,104.3000,19.0544,85.2456,3449,ok
2779,6347,5,random,bf16,143.6690,54.1487,89.5203,158049,ok
32,1024,4,grid,bf16,105.9200,16.3668,89.5532,3311,ok
512,192,96,grid,bf16,106.2600,14.5480,91.7120,1787,ok
16,1536,257,grid,bf16,103.8400,13.8708,89.9691,14327,ok
16,192,1024,grid,bf16,102.7800,13.1155,89.6645,6367,ok
533,341,6,random,bf16,104.8199,13.7493,91.0707,2744,ok
768,2,257,grid,bf16,104.5800,13.3825,91.1975,3449,ok
785,108,3074,random,bf16,110.0500,18.0607,91.9893,29174,ok
192,127,2,grid,bf16,102.9700,12.8778,90.0922,573,ok
1,192,192,grid,bf16,104.7900,15.2540,89.5360,1531,ok
64,1088,64,fat,bf16,104.8710,13.6854,91.1856,4013,ok
512,4,2048,grid,bf16,105.0100,15.4150,89.5950,14303,ok
768,768,4,grid,bf16,105.1500,15.8973,89.2527,6899,ok
512,384,1,grid,bf16,106.0100,16.8109,89.1991,2681,ok
8,8,1088,deepK,bf16,105.4300,14.0403,91.3898,3509,ok
8,352,8,fat,bf16,103.1200,14.3965,88.7235,1169,ok
8,8,4129,deepK,bf16,105.1000,13.4209,91.6791,12869,ok
1594,1,8,random,bf16,103.4510,14.3180,89.1330,1975,ok
257,2,2,grid,bf16,102.1700,13.5588,88.6112,638,ok
8,8,264,deepK,bf16,101.0600,13.0051,88.0549,1169,ok
72,1952,6613,random,bf16,113.2800,23.8950,89.3850,377727,ok
1598,19,237,random,bf16,101.4400,14.5632,86.8768,3959,ok
1,1,264,deepK,bf16,109.8500,14.5083,95.3417,1148,ok
1,545,1,fat,bf16,101.3700,14.4693,86.9007,1914,ok
2048,192,4096,grid,bf16,117.8400,28.0819,89.7581,155519,ok
512,8,96,grid,bf16,104.0500,13.0289,91.0211,893,ok
2048,1536,128,grid,bf16,110.6500,22.5180,88.1321,29159,ok
8,2,4096,grid,bf16,102.9600,14.8885,88.0715,12479,ok
5405,35,65,random,bf16,103.5200,14.8595,88.6605,5786,ok
1536,192,768,grid,bf16,106.2710,18.3323,87.9387,23015,ok
2,2048,127,grid,bf16,103.3400,13.1842,90.1558,6143,ok
1024,64,384,grid,bf16,104.2900,14.8469,89.4431,4217,ok
64,4097,64,fat,bf16,103.9310,14.3142,89.6168,14717,ok
2048,2,384,grid,bf16,103.8200,14.4178,89.4022,7289,ok
2,1096,13,random,bf16,105.3510,16.8814,88.4695,3455,ok
256,127,129,grid,bf16,105.5900,13.9561,91.6340,1275,ok
1,258,308,random,bf16,105.2300,15.5185,89.7114,3446,ok
32,3,600,random,bf16,103.6300,14.7578,88.8722,2069,ok
128,2,256,grid,bf16,101.0490,13.3574,87.6916,1019,ok
1024,4096,2048,grid,bf16,172.6700,83.9932,88.6768,719871,ok
1,2056,1,fat,bf16,101.9890,14.1839,87.8051,6510,ok
6485,5,2548,random,bf16,113.6700,23.0489,90.6211,137339,ok
585,8104,222,random,bf16,115.2600,27.5502,87.7098,123775,ok
768,1024,2048,grid,bf16,118.1400,26.6214,91.5186,147199,ok
257,32,257,grid,bf16,102.7400,13.5052,89.2348,1916,ok
639,1,1,tall,bf16,107.5700,14.2363,93.3337,1020,ok
64,384,2048,grid,bf16,103.9100,14.8765,89.0335,21407,ok
768,129,96,grid,bf16,103.0400,14.3745,88.6655,2299,ok
1024,64,2048,grid,bf16,105.6300,15.6987,89.9314,22495,ok
768,1536,32,grid,bf16,117.4700,17.0863,100.3837,13799,ok
8,512,8,grid,bf16,103.3701,15.3494,88.0207,1559,ok
1,129,32,grid,bf16,103.3600,14.5043,88.8557,765,ok
96,64,384,grid,bf16,102.3910,14.2488,88.1422,1433,ok
1,256,4096,grid,bf16,108.4900,18.6476,89.8424,24511,ok
1536,32,257,grid,bf16,104.3800,14.2008,90.1792,5753,ok
2,1360,25,random,bf16,101.8800,13.2817,88.5983,4223,ok
96,256,1024,grid,bf16,103.3700,14.2653,89.1047,7647,ok
1,8193,8,gemv_wideN,bf16,106.7400,14.7026,92.0374,24894,ok
2048,64,512,grid,bf16,104.0500,14.2182,89.8317,9719,ok
2048,32,1024,grid,bf16,107.6100,14.8402,92.7697,19439,ok
32,8,257,grid,bf16,104.5300,13.9918,90.5382,1241,ok
1024,1,127,grid,bf16,104.1600,14.4276,89.7324,1405,ok
2048,4,256,grid,bf16,104.5400,14.0607,90.4793,4859,ok
8,1024,2,grid,bf16,104.7100,14.5919,90.1181,3119,ok
1024,2048,1024,grid,bf16,120.0510,32.8668,87.1842,179967,ok
1088,1,1,tall,bf16,99.6400,13.9886,85.6514,1469,ok
257,192,192,grid,bf16,104.1800,14.1917,89.9883,2555,ok
64,64,2081,deepK,bf16,104.5000,14.2292,90.2708,7581,ok
24,62,297,random,bf16,107.8400,13.9685,93.8715,1217,ok
487,65,1,random,bf16,104.1400,14.2124,89.9277,868,ok
384,257,2048,grid,bf16,106.2400,16.3861,89.8539,36767,ok
96,128,127,grid,bf16,101.6100,13.7481,87.8619,477,ok
129,1,1,grid,bf16,101.7000,13.0293,88.6707,510,ok
1,2144,8,gemv_wideN,bf16,105.7200,14.1620,91.5580,6510,ok
128,96,96,grid,bf16,106.6690,13.0052,93.6639,509,ok
2,16,2048,grid,bf16,102.8710,14.4694,88.4016,6143,ok
96,257,1,grid,bf16,103.7600,15.0617,88.6983,1433,ok
8,128,256,grid,bf16,104.1700,13.2096,90.9604,779,ok
384,129,64,grid,bf16,103.1800,13.2275,89.9525,1531,ok
1,2056,128,gemv_wideN,bf16,104.7101,15.3913,89.3187,6510,ok
127,257,64,grid,bf16,104.1100,12.8276,91.2824,1526,ok
64,64,8193,deepK,bf16,107.5510,16.1450,91.4060,28989,ok
1,4223,8,gemv_wideN,bf16,102.4500,13.9720,88.4779,12638,ok
512,1536,16,grid,bf16,105.5400,17.6659,87.8740,10727,ok
128,128,2056,deepK,bf16,104.2110,18.0658,86.1451,8669,ok
1,1057,1,fat,bf16,102.7490,13.0106,89.7384,3446,ok
9,155,2805,random,bf16,104.4600,14.2413,90.2187,17203,ok
1024,2,4096,grid,bf16,104.9200,18.2471,86.6729,44991,ok
2048,96,129,grid,bf16,104.3200,14.0101,90.3099,4859,ok
1,127,1536,grid,bf16,105.0800,15.6893,89.3907,4595,ok
4,129,256,grid,bf16,102.1600,13.3775,88.7825,1543,ok
8,1088,8,fat,bf16,104.6500,14.1630,90.4870,3509,ok
4096,2048,256,grid,bf16,123.2500,49.1671,74.0829,143295,ok
64,129,1024,grid,bf16,104.8500,13.7189,91.1311,7135,ok
4,1536,8,grid,bf16,102.5400,13.2802,89.2598,4631,ok
4,32,163,random,bf16,101.8800,13.7062,88.1738,771,ok
512,192,512,grid,bf16,108.0600,17.3780,90.6821,7151,ok
96,1024,16,grid,bf16,102.7500,15.8091,86.9409,3823,ok
256,64,8,grid,bf16,104.9800,13.3077,91.6723,637,ok
127,16,192,grid,bf16,105.1300,13.4007,91.7293,1017,ok
67,1466,2656,random,bf16,107.7900,17.2253,90.5647,113147,ok
2112,2048,64,thinK,bf16,115.0700,24.0280,91.0421,39903,ok
2048,257,1024,grid,bf16,111.0100,19.5981,91.4119,58319,ok
96,96,1024,grid,bf16,102.7200,14.6890,88.0310,3823,ok
2048,384,4096,grid,bf16,132.2490,42.1743,90.0747,233279,ok
128,639,128,fat,bf16,102.3900,15.9689,86.4211,2549,ok
3,8,87,random,bf16,105.3100,12.9894,92.3206,384,ok
2,64,64,grid,bf16,106.4910,13.4544,93.0366,383,ok
1,1,1025,deepK,bf16,106.8100,15.2366,91.5734,3446,ok
96,1,96,grid,bf16,101.2000,13.6081,87.5919,477,ok
256,128,256,grid,bf16,103.6600,13.2638,90.3962,1275,ok
2,96,1536,grid,bf16,104.2100,14.2993,89.9107,4607,ok
768,129,4096,grid,bf16,107.8109,18.7777,89.0332,73599,ok
1,4096,192,grid,bf16,109.7400,18.0699,91.6701,24511,ok
257,96,1,grid,bf16,103.6700,14.2143,89.4557,638,ok
5160,100,5957,random,bf16,135.0300,46.4789,88.5511,260473,ok
4096,192,512,grid,bf16,107.9700,17.8618,90.1083,35823,ok
576,512,64,thinK,bf16,108.3400,15.5184,92.8216,3831,ok
64,4104,64,fat,bf16,104.0910,13.9457,90.1453,14717,ok
8,8,2048,deepK,bf16,103.2000,14.3177,88.8822,6239,ok
256,256,320,deepK,bf16,105.0710,15.4423,89.6287,3827,ok
3838,49,25,random,bf16,103.7600,15.2407,88.5193,4219,ok
16,1057,64,wide_output,bf16,103.1400,13.2543,89.8858,3581,ok
8192,256,256,tall,bf16,116.1400,26.9932,89.1468,34295,ok
129,257,4,grid,bf16,103.5400,13.2615,90.2785,1532,ok
512,4096,257,grid,bf16,111.8090,22.2210,89.5880,85823,ok
9,16,1684,random,bf16,104.0600,15.1081,88.9519,5473,ok
2,2,512,grid,bf16,102.8800,12.6125,90.2675,1535,ok
1462,3743,23,random,bf16,116.5400,26.1682,90.3718,55319,ok
1,462,153,random,bf16,104.6400,16.1753,88.4646,3063,ok
256,64,4,grid,bf16,102.7600,13.6475,89.1125,637,ok
512,512,127,grid,bf16,103.5300,14.5230,89.0070,3575,ok
2048,2048,1,grid,bf16,113.7400,23.4434,90.2966,38879,ok
383,1,1,tall,bf16,102.3000,12.4388,89.8612,764,ok
512,128,16,grid,bf16,104.3500,13.9843,90.3658,893,ok
5004,17,3489,random,bf16,114.7700,25.4181,89.3519,150807,ok
8,1,2159,random,bf16,103.1600,14.4062,88.7538,6629,ok
257,16,512,grid,bf16,104.9200,13.9836,90.9364,2555,ok
129,64,128,grid,bf16,103.2000,13.7739,89.4261,510,ok
1024,128,256,grid,bf16,104.1500,14.3732,89.7768,2811,ok
129,257,2,grid,bf16,103.9400,14.1564,89.7836,1532,ok
256,128,129,grid,bf16,104.7700,13.8005,90.9695,1275,ok
1024,32,127,grid,bf16,105.2500,13.4661,91.7840,1405,ok
22,1322,14,random,bf16,104.2600,13.1425,91.1175,4443,ok
1024,129,96,grid,bf16,103.1000,15.0130,88.0870,2811,ok
2175,8,8,tall,bf16,104.7300,13.7655,90.9645,2556,ok
1028,22,7241,random,bf16,109.0890,17.8371,91.2519,80369,ok
32,16,128,grid,bf16,104.5400,13.5874,90.9526,413,ok
8,320,8,fat,bf16,103.0300,12.7830,90.2470,1169,ok
8193,64,64,tall,bf16,106.1100,16.5308,89.5792,8574,ok
1647,8,9,random,bf16,103.5800,13.5655,90.0145,2028,ok
2,124,3,random,bf16,106.4200,13.1545,93.2655,383,ok
383,16,16,tall,bf16,103.7500,13.8581,89.8919,764,ok
96,2,4,grid,bf16,101.7900,14.0124,87.7776,477,ok
8,768,257,grid,bf16,104.0100,16.8475,87.1626,7019,ok
127,192,192,grid,bf16,103.5400,14.5198,89.0203,2035,ok
512,127,2,grid,bf16,103.3700,15.3502,88.0198,893,ok
257,64,192,grid,bf16,107.5700,16.4718,91.0982,1277,ok
1,1032,8,gemv_wideN,bf16,102.1900,14.3359,87.8541,3446,ok
256,192,1,grid,bf16,104.7600,15.9023,88.8577,1275,ok
1,1151,64,wide_output,bf16,103.2900,14.4500,88.8400,3446,ok
512,512,512,grid,bf16,106.4200,16.8710,89.5490,14303,ok
1024,32,384,grid,bf16,105.2000,16.4069,88.7930,4217,ok
4,768,257,grid,bf16,102.4490,13.3288,89.1202,6947,ok
4,129,2048,grid,bf16,105.1000,14.6715,90.4285,12351,ok
1114,1215,14,random,bf16,110.7000,17.5331,93.1670,14959,ok
1,4129,8,gemv_wideN,bf16,104.4300,13.7810,90.6490,12638,ok
256,32,127,grid,bf16,104.9800,14.4343,90.5457,637,ok
64,64,4,grid,bf16,103.7700,13.8997,89.8703,445,ok
128,8,192,grid,bf16,103.0600,13.4267,89.6333,1019,ok
1465,6773,63,random,bf16,125.8000,36.6246,89.1753,97890,ok
384,64,1536,grid,bf16,104.4200,14.2447,90.1753,9191,ok
5,9,51,random,bf16,103.2600,15.1078,88.1522,386,ok
128,32,384,grid,bf16,104.8699,13.3618,91.5081,1529,ok
32,192,96,grid,bf16,103.9800,13.9765,90.0035,827,ok
512,192,8,grid,bf16,104.2400,14.0295,90.2105,1787,ok
4,129,1024,grid,bf16,101.9801,14.8469,87.1331,6175,ok
768,2048,512,grid,bf16,115.1600,23.9033,91.2567,73599,ok
4096,1,96,grid,bf16,105.2890,15.0614,90.2276,4477,ok
1024,128,2048,grid,bf16,107.7400,16.8288,90.9112,22495,ok
64,128,32,grid,bf16,102.3400,13.1183,89.2217,445,ok
1,1025,128,gemv_wideN,bf16,103.8400,14.1589,89.6811,3446,ok
176,452,1415,random,bf16,107.6800,22.2402,85.4397,26783,ok
4899,15,40,random,bf16,107.6910,17.1487,90.5423,5280,ok
4,1,256,grid,bf16,106.9800,16.3043,90.6757,771,ok
8,8225,8,fat,bf16,107.8400,15.4394,92.4006,25349,ok
2,1,64,grid,bf16,105.5800,14.0622,91.5177,383,ok
1,1,4104,deepK,bf16,105.9100,16.0350,89.8750,12638,ok
96,512,4096,grid,bf16,109.5600,18.6458,90.9142,61183,ok
96,8,384,grid,bf16,105.7800,14.1278,91.6522,1433,ok
768,768,129,grid,bf16,108.5500,15.6217,92.9283,13799,ok
1024,2048,4,grid,bf16,110.3000,18.6674,91.6326,22495,ok
1,1024,16,gemv_wideN,bf16,105.5600,16.1764,89.3836,3063,ok
4,1024,128,grid,bf16,109.6200,13.5215,96.0985,3087,ok
256,256,129,grid,bf16,105.6500,14.1952,91.4548,2551,ok
192,1,129,grid,bf16,104.9000,13.7756,91.1244,1147,ok
127,2048,128,grid,bf16,106.7290,13.2032,93.5258,8143,ok
1,237,19,random,bf16,105.4300,14.1970,91.2330,765,ok
64,1032,64,fat,bf16,106.2400,13.1764,93.0636,4013,ok
4096,1,4096,grid,bf16,142.4100,49.6282,92.7818,143295,ok
257,256,2048,grid,bf16,107.9690,15.0008,92.9681,20447,ok
4,192,512,grid,bf16,104.6199,13.4865,91.1335,3087,ok
257,768,4,grid,bf16,106.1300,13.8767,92.2533,3833,ok
1536,1536,96,grid,bf16,110.9200,18.9471,91.9729,23015,ok
131,4,1,random,bf16,104.4500,13.6911,90.7589,512,ok
334,71,5,random,bf16,106.0500,13.4768,92.5732,715,ok
1,608,8,gemv_wideN,bf16,106.1300,14.0775,92.0525,1914,ok
127,257,4,grid,bf16,104.9910,14.8675,90.1235,1526,ok
768,384,2048,grid,bf16,111.2900,21.6329,89.6571,55199,ok
512,129,4096,grid,bf16,111.3000,18.1568,93.1432,57215,ok
128,2144,128,fat,bf16,106.9200,14.4607,92.4593,8669,ok
2048,129,1,grid,bf16,105.5600,16.2828,89.2772,4859,ok
127,2048,96,grid,bf16,105.9600,13.8228,92.1372,8143,ok
13,1326,15,random,bf16,105.6700,12.6878,92.9822,4344,ok
8225,64,64,tall,bf16,109.3301,14.6874,94.6427,8606,ok
1,8,512,grid,bf16,105.3900,16.6299,88.7601,1531,ok
192,512,192,grid,bf16,105.0800,13.7812,91.2988,4591,ok
2048,2,4096,grid,bf16,109.5800,16.8099,92.7701,77759,ok
64,64,264,deepK,bf16,107.2500,13.5079,93.7421,1337,ok
2048,768,32,grid,bf16,110.5400,18.0944,92.4456,14579,ok
64,1024,4096,grid,bf16,110.2100,19.0707,91.1393,114175,ok
384,1024,8,grid,bf16,106.3200,14.0378,92.2821,6127,ok
96,129,2048,grid,bf16,107.0310,16.5386,90.4924,15295,ok
128,4096,512,grid,bf16,107.2200,17.5009,89.7192,65279,ok
21,592,2336,random,bf16,107.0600,14.2580,92.8020,38284,ok
32,127,128,grid,bf16,105.6100,13.0964,92.5136,413,ok
127,1024,16,grid,bf16,105.0900,14.1931,90.8969,4071,ok
512,129,384,grid,bf16,106.1400,14.2067,91.9333,5363,ok
128,520,128,fat,bf16,105.3300,13.4118,91.9182,2549,ok
1,8200,128,gemv_wideN,bf16,108.9800,18.0745,90.9055,24894,ok
128,8319,64,wide_output,bf16,108.5400,15.8707,92.6693,33149,ok
8,64,64,grid,bf16,104.3800,13.3392,91.0408,389,ok
8,4097,8,fat,bf16,104.6400,13.0675,91.5725,12869,ok
2,4096,256,grid,bf16,105.8200,14.7343,91.0857,24575,ok
256,8,2,grid,bf16,113.9110,13.1422,100.7688,637,ok
129,96,64,grid,bf16,105.6000,13.8636,91.7364,510,ok
16,1024,32,grid,bf16,104.7500,13.5985,91.1516,3183,ok
4096,128,2,grid,bf16,109.1800,15.9058,93.2742,4477,ok
257,2048,257,grid,bf16,109.3300,18.3139,91.0161,30671,ok
1536,4096,2,grid,bf16,122.0000,28.3687,93.6313,61375,ok
128,256,384,grid,bf16,106.5900,14.0693,92.5207,3059,ok
8,2048,384,grid,bf16,108.5790,15.6536,92.9254,18719,ok
32,129,2048,grid,bf16,105.3510,13.7194,91.6316,13247,ok
5611,4,4114,random,bf16,118.0900,27.7061,90.3839,197768,ok
257,1536,257,grid,bf16,107.4100,15.1816,92.2285,23003,ok
17,33,2,random,bf16,108.4500,13.4675,94.9824,398,ok
1,127,768,grid,bf16,104.1800,14.4626,89.7174,2297,ok
192,1536,1536,grid,bf16,109.5400,18.6107,90.9293,82655,ok
1024,4,127,grid,bf16,106.7300,12.6750,94.0550,1405,ok
96,128,16,grid,bf16,104.3400,14.7855,89.5546,477,ok
512,96,2048,grid,bf16,110.3700,15.9289,94.4411,14303,ok
9,3983,4,random,bf16,108.2000,14.0548,94.1453,12511,ok
8,8,1024,deepK,bf16,106.2800,13.5613,92.7187,3119,ok
256,352,64,wide_output,bf16,106.0200,14.9990,91.0210,1913,ok
1783,5,30,random,bf16,104.4490,13.5853,90.8637,2164,ok
1,64,64,grid,bf16,102.3400,13.8328,88.5072,382,ok
16,257,32,grid,bf16,105.0500,12.9757,92.0743,1193,ok
384,4096,1536,grid,bf16,125.7900,33.6829,92.1072,294143,ok
512,192,1024,grid,bf16,106.2100,15.0490,91.1610,14303,ok
128,128,383,deepK,bf16,104.8100,13.3899,91.4201,1529,ok
257,129,4096,grid,bf16,110.6900,16.9780,93.7120,40895,ok
1954,224,15,random,bf16,106.4700,14.1519,92.3181,4671,ok
129,2048,2048,grid,bf16,110.4800,20.0312,90.4488,130815,ok
3085,17,13,random,bf16,104.9300,13.2344,91.6956,3466,ok
1024,16,512,grid,bf16,106.2400,15.1230,91.1170,5623,ok
257,256,1,grid,bf16,105.8100,15.1355,90.6745,1277,ok
714,1597,5,random,bf16,109.7300,17.2355,92.4945,14247,ok
8,4,256,grid,bf16,103.6900,13.5634,90.1266,779,ok
8319,1,1,tall,bf16,105.1900,14.7408,90.4492,8700,ok
1,2,4,grid,bf16,103.5200,13.1425,90.3775,382,ok
5,6,8,random,bf16,104.7800,13.2376,91.5424,386,ok
1536,384,2048,grid,bf16,118.1700,27.1790,90.9910,92063,ok
8,8192,8,fat,bf16,104.4300,12.8790,91.5510,24959,ok
92,494,3,random,bf16,104.6000,14.9109,89.6891,1895,ok
64,192,512,grid,bf16,106.8890,14.3792,92.5098,3567,ok
257,64,16,grid,bf16,106.2700,13.7151,92.5549,638,ok
256,257,32,grid,bf16,107.7100,13.4836,94.2265,1913,ok
3641,4177,2468,random,bf16,431.5200,336.0998,95.4202,2655179,ok
1825,55,677,random,bf16,105.0890,14.7028,90.3863,13241,ok
32,768,16,grid,bf16,105.5000,12.7387,92.7613,2483,ok
128,768,768,grid,bf16,106.4100,14.0720,92.3380,18359,ok
1,23,329,random,bf16,104.9000,14.2625,90.6376,1148,ok
32,4096,128,grid,bf16,104.8200,14.1010,90.7190,13247,ok
64,64,8200,deepK,bf16,107.5500,15.2833,92.2667,28989,ok
32,16,256,grid,bf16,106.4400,12.1871,94.2529,827,ok
128,2049,128,fat,bf16,106.3900,14.6000,91.7900,8669,ok
2048,128,512,grid,bf16,105.6100,16.0560,89.5540,9719,ok
384,384,129,grid,bf16,105.5500,14.2376,91.3124,4595,ok
256,4096,128,grid,bf16,109.1900,15.8784,93.3116,20415,ok
1536,16,256,grid,bf16,103.3500,12.4490,90.9010,3835,ok
239,1,4656,random,bf16,110.4200,21.0925,89.3275,22976,ok
4,1,16,grid,bf16,103.9200,13.6006,90.3194,385,ok
4442,2336,593,random,bf16,167.8700,74.2165,93.6535,458279,ok
8,8,383,deepK,bf16,106.5800,12.4099,94.1701,1169,ok
512,257,384,grid,bf16,104.3900,14.0532,90.3367,8045,ok
639,256,256,tall,bf16,104.7400,14.4216,90.3184,4083,ok
1,8192,1,fat,bf16,103.8400,14.0517,89.7883,24511,ok
8,129,4096,grid,bf16,105.7510,15.4489,90.3021,24959,ok
4096,512,129,grid,bf16,112.9100,19.6889,93.2211,35823,ok
8,264,8,fat,bf16,103.8100,13.4954,90.3147,1169,ok
32,512,8,grid,bf16,106.0501,12.8830,93.1670,1655,ok
128,384,4,grid,bf16,106.5100,13.9222,92.5878,1529,ok
257,2,384,grid,bf16,104.4400,13.6958,90.7441,1916,ok
2,1,768,grid,bf16,103.9700,14.2425,89.7275,2303,ok
8,4096,384,grid,bf16,104.2300,13.6788,90.5511,37439,ok
384,2048,32,grid,bf16,107.7499,16.1913,91.5586,12255,ok
26,281,18,random,bf16,107.1000,13.5728,93.5272,1223,ok
765,168,2931,random,bf16,109.4000,19.1870,90.2129,52761,ok
768,1,4096,grid,bf16,112.6500,21.5826,91.0673,36799,ok
192,32,192,grid,bf16,106.7500,13.5697,93.1803,1147,ok
1,4,2048,grid,bf16,104.6000,24.5325,80.0675,6127,ok
87,5077,98,random,bf16,106.7600,15.2870,91.4730,18759,ok
4,183,2,random,bf16,104.1400,12.3942,91.7458,771,ok
1024,512,129,grid,bf16,106.1900,14.8224,91.3676,11247,ok
1,1032,16,gemv_wideN,bf16,104.7100,13.8492,90.8608,3446,ok
257,512,4096,grid,bf16,110.9400,18.5233,92.4167,81791,ok
4,6788,2,random,bf16,105.8000,13.2082,92.5918,20843,ok
1,1,320,deepK,bf16,108.7800,14.3481,94.4319,1148,ok
8,185,1,random,bf16,103.6700,14.8113,88.8587,779,ok
128,1120,128,fat,bf16,106.0690,13.4304,92.6386,4589,ok
384,129,192,grid,bf16,105.7400,13.0780,92.6620,3063,ok
128,8,1,grid,bf16,100.8500,14.1727,86.6773,509,ok
192,1024,8,grid,bf16,104.7900,13.6498,91.1402,4591,ok
64,512,1,grid,bf16,103.2300,13.3787,89.8513,1783,ok
2983,452,1,random,bf16,108.4400,18.0357,90.4043,13459,ok
512,8,129,grid,bf16,101.7000,12.2817,89.4183,1787,ok
42,102,293,random,bf16,103.0300,12.7451,90.2849,1271,ok
96,1024,4096,grid,bf16,107.5400,17.5701,89.9699,122367,ok
96,2,2,grid,bf16,103.2800,13.5239,89.7561,477,ok
1536,256,32,grid,bf16,106.1700,13.6114,92.5586,3835,ok
257,257,32,grid,bf16,103.5200,11.9973,91.5227,1916,ok
768,1024,1536,grid,bf16,114.2500,23.5612,90.6888,110399,ok
2231,5,56,random,bf16,103.1100,12.8669,90.2431,2612,ok
1,4,768,grid,bf16,103.0600,14.7784,88.2816,2297,ok
2048,1024,4,grid,bf16,110.8900,20.0942,90.7958,19439,ok
8,1,4096,grid,bf16,107.3200,13.8427,93.4772,12479,ok
8,16,257,grid,bf16,105.0600,12.8353,92.2247,1169,ok
96,127,192,grid,bf16,107.4400,13.4428,93.9972,955,ok
4096,384,96,grid,bf16,110.3500,17.3037,93.0463,13433,ok
256,545,64,wide_output,bf16,105.9200,13.4569,92.4631,3189,ok
768,128,1,grid,bf16,106.0400,13.5010,92.5391,1149,ok
383,128,128,tall,bf16,107.2500,14.0297,93.2203,764,ok
16,2056,64,wide_output,bf16,104.8699,15.9379,88.9321,6765,ok
64,1536,129,grid,bf16,106.7600,16.0340,90.7260,10703,ok
2048,8,128,grid,bf16,104.1700,13.7237,90.4463,2429,ok
2566,2,3556,random,bf16,110.2600,17.8592,92.4008,82543,ok
1450,36,4920,random,bf16,109.1910,17.7776,91.4134,71447,ok
4096,512,32,grid,bf16,110.1500,18.7524,91.3977,17911,ok
127,129,1024,grid,bf16,109.7600,14.3326,95.4274,8143,ok
802,6,14,random,bf16,104.5890,14.1517,90.4373,1183,ok
256,127,512,grid,bf16,105.6800,13.4874,92.1927,2551,ok
1536,1024,384,grid,bf16,110.9000,20.4928,90.4072,46031,ok
16,2,1,grid,bf16,105.4310,13.1615,92.2695,397,ok
1536,96,128,grid,bf16,105.7100,13.8990,91.8110,1917,ok
320,128,128,tall,bf16,106.1690,12.6906,93.4784,701,ok
768,384,128,grid,bf16,106.5100,14.0227,92.4873,3449,ok
768,384,1536,grid,bf16,111.8110,18.6876,93.1233,41399,ok
22,2375,756,random,bf16,106.5200,15.3139,91.2061,46055,ok
1,512,16,gemv_wideN,bf16,104.1600,14.3507,89.8093,1531,ok
32,128,256,grid,bf16,106.0600,13.2656,92.7944,827,ok
1,128,512,grid,bf16,106.7300,14.5155,92.2145,1531,ok
1,2049,16,gemv_wideN,bf16,104.2900,14.7733,89.5167,6510,ok
192,1536,32,grid,bf16,104.9600,14.1868,90.7732,6887,ok
2048,127,257,grid,bf16,105.6000,15.5632,90.0368,7289,ok
128,8,2,grid,bf16,104.4300,13.2549,91.1751,509,ok
4,64,16,grid,bf16,107.2100,14.2464,92.9636,385,ok
1536,2,384,grid,bf16,103.8800,14.2091,89.6710,5753,ok
129,256,256,grid,bf16,104.8690,14.0026,90.8664,2043,ok
1024,16,64,grid,bf16,106.2200,14.5336,91.6865,1405,ok
32,4,2,grid,bf16,105.9700,13.2417,92.7283,413,ok
257,16,96,grid,bf16,104.6900,13.9684,90.7216,638,ok
257,1024,257,grid,bf16,109.9800,14.6043,95.3757,15335,ok
256,512,257,grid,bf16,106.3600,14.4835,91.8765,7655,ok
1,512,1536,grid,bf16,108.0600,17.1863,90.8737,18383,ok
156,1299,2,random,bf16,107.8700,14.4905,93.3795,5917,ok
257,8,2,grid,bf16,104.6500,16.6691,87.9809,638,ok
37,21,38,random,bf16,107.6300,13.6169,94.0131,418,ok
256,384,257,grid,bf16,105.1000,15.7614,89.3386,5741,ok
64,64,4160,deepK,bf16,105.8700,14.0489,91.8210,14717,ok
1,41,2,random,bf16,103.9090,13.4887,90.4203,382,ok
127,512,192,grid,bf16,103.8200,13.4206,90.3994,4071,ok
192,512,96,grid,bf16,104.3100,13.3800,90.9300,2295,ok
32,96,4,grid,bf16,104.1800,13.1413,91.0387,413,ok
72,1217,564,random,bf16,105.6800,13.7433,91.9366,22699,ok
128,8,1024,grid,bf16,103.9300,17.1070,86.8230,4079,ok
1024,8,192,grid,bf16,104.8600,13.0004,91.8596,2811,ok
96,129,257,grid,bf16,105.5400,13.3854,92.1546,2867,ok
256,4,1,grid,bf16,103.1700,14.5861,88.5839,637,ok
16,768,4096,grid,bf16,108.2400,16.4413,91.7987,76415,ok
129,384,16,grid,bf16,105.6000,14.3752,91.2248,1532,ok
7,5847,126,random,bf16,105.9400,13.2818,92.6582,17893,ok
768,64,1024,grid,bf16,104.6000,14.6736,89.9265,9199,ok
46,38,38,random,bf16,107.0000,15.1230,91.8770,427,ok
96,257,128,grid,bf16,107.7200,14.6917,93.0284,1433,ok
2,257,384,grid,bf16,103.8600,13.1929,90.6671,3455,ok
192,1536,129,grid,bf16,104.4700,13.7386,90.7314,13775,ok
1,520,16,gemv_wideN,bf16,104.5900,13.4336,91.1564,1914,ok
512,8,512,grid,bf16,105.8200,13.1924,92.6276,3575,ok
1,257,256,grid,bf16,106.6800,14.9344,91.7456,2297,ok
127,8,4,grid,bf16,104.8200,13.1758,91.6442,508,ok
2048,4096,16,grid,bf16,122.3500,31.3186,91.0314,77759,ok
21,3,2850,random,bf16,105.3500,13.0277,92.3222,9268,ok
1,768,2,random,bf16,104.0000,13.4444,90.5556,2297,ok
8288,128,128,tall,bf16,106.8300,15.9396,90.8904,8669,ok
1024,384,384,grid,bf16,108.5600,15.8437,92.7163,12653,ok
7,804,7168,random,bf16,107.5400,16.8248,90.7152,152487,ok
129,257,384,grid,bf16,104.9500,13.3273,91.6227,4598,ok
1024,192,32,grid,bf16,105.1800,14.8687,90.3113,2811,ok
3258,5021,1406,random,bf16,287.1900,194.5998,92.5903,1601599,ok
3,3,3676,random,bf16,105.5700,14.6011,90.9689,11164,ok
384,127,96,grid,bf16,105.4800,13.1012,92.3788,765,ok
128,576,128,fat,bf16,104.7310,12.7764,91.9546,2549,ok
2,32,129,grid,bf16,104.8500,13.1649,91.6852,767,ok
1501,280,2246,random,bf16,116.1490,24.6766,91.4725,101681,ok
4096,64,1024,grid,bf16,109.5100,16.4975,93.0125,35823,ok
768,768,384,grid,bf16,107.3800,17.4088,89.9711,20699,ok
8,129,2,grid,bf16,104.6500,12.9134,91.7366,779,ok
2048,16,16,tall,bf16,104.0400,13.4677,90.5722,2429,ok
16,4223,64,wide_output,bf16,104.9600,13.7200,91.2400,13133,ok
8,384,768,grid,bf16,105.0200,13.2601,91.7599,7019,ok
16,1024,192,grid,bf16,105.5490,14.4957,91.0533,6367,ok
64,1536,768,grid,bf16,108.8500,14.5779,94.2721,32111,ok
2,64,4,grid,bf16,104.4600,13.8053,90.6547,383,ok
7,5,17,random,bf16,103.9400,13.1431,90.7969,388,ok
1024,512,128,grid,bf16,104.7000,15.3282,89.3718,5623,ok
744,310,3350,random,bf16,113.0400,21.1243,91.9157,91205,ok
512,1,2048,grid,bf16,107.7100,19.1869,88.5230,14303,ok
4,2048,192,grid,bf16,104.6900,13.6165,91.0735,12351,ok
196,324,1,random,bf16,105.8300,15.5006,90.3294,1733,ok
1,1,1120,deepK,bf16,109.7500,16.3839,93.3661,3446,ok
2048,4,1024,grid,bf16,106.7800,14.1392,92.6408,19439,ok
127,257,1024,grid,bf16,104.9700,14.7951,90.1749,12215,ok
128,127,2,grid,bf16,109.3000,14.0334,95.2666,509,ok
4,127,2,grid,bf16,104.5000,13.4739,91.0261,385,ok
257,257,4,grid,bf16,105.8900,14.0941,91.7959,1916,ok
1,1024,96,grid,bf16,106.5400,14.7919,91.7481,3063,ok
129,1536,192,grid,bf16,107.0600,14.1846,92.8754,12263,ok
768,2048,1,grid,bf16,109.2310,18.5307,90.7003,18399,ok
256,512,96,grid,bf16,104.6100,14.6946,89.9154,2551,ok
256,768,4,grid,bf16,105.4300,15.6559,89.7741,3827,ok
32,8,128,grid,bf16,103.6000,14.5987,89.0014,413,ok
128,127,127,grid,bf16,102.7500,13.2032,89.5467,509,ok
1,5,96,random,bf16,101.3710,308.2647,-206.8938,382,ok
127,127,16,grid,bf16,103.5100,12.4101,91.0999,508,ok
1536,1024,127,grid,bf16,107.6500,17.2697,90.3803,15343,ok
64,1536,8,grid,bf16,103.4600,12.0035,91.4565,5351,ok
513,8,8,tall,bf16,104.7500,11.9912,92.7588,894,ok
8,512,4,grid,bf16,103.0000,11.7732,91.2268,1559,ok
64,96,4,grid,bf16,102.8300,13.6676,89.1624,445,ok
8288,1,1,tall,bf16,101.4600,12.4367,89.0233,8669,ok
5,8,2,random,bf16,109.3090,12.6782,96.6308,386,ok
1481,3393,16,random,bf16,119.0800,24.9968,94.0832,50300,ok
129,64,257,grid,bf16,104.2600,12.8107,91.4493,1532,ok
16,16,4223,deepK,bf16,105.7000,13.3687,92.3313,13133,ok
4,1024,257,grid,bf16,103.7800,12.9888,90.7912,9263,ok
128,289,64,wide_output,bf16,105.6800,12.2112,93.4688,1529,ok
768,1,1536,grid,bf16,108.0100,17.3943,90.6157,13799,ok
96,2,32,grid,bf16,105.5800,12.4298,93.1503,477,ok
1,4223,128,gemv_wideN,bf16,107.6700,14.4822,93.1878,12638,ok
1,8256,64,wide_output,bf16,105.5400,15.4593,90.0808,24894,ok
64,1024,127,grid,bf16,106.6700,12.4519,94.2180,3567,ok
569,556,2,random,bf16,108.4400,14.0260,94.4140,4754,ok
16,192,129,grid,bf16,107.5300,12.4792,95.0508,1591,ok
4096,256,1024,grid,bf16,114.2400,22.2112,92.0288,71647,ok
1,1088,8,gemv_wideN,bf16,103.5900,12.8948,90.6953,3446,ok
16,2048,256,grid,bf16,102.9300,12.6497,90.2804,12735,ok
1915,836,77,random,bf16,109.4700,17.2747,92.1953,16078,ok
1,4192,8,gemv_wideN,bf16,104.6200,13.1876,91.4324,12638,ok
512,32,16,grid,bf16,105.0400,12.1519,92.8881,893,ok
192,384,256,grid,bf16,105.9489,14.9609,90.9880,3443,ok
1,129,512,grid,bf16,106.2300,15.2350,90.9950,3063,ok
2048,4096,8,grid,bf16,123.7900,30.4855,93.3045,77759,ok
8,1,4,grid,bf16,100.7800,14.2597,86.5202,389,ok
512,96,129,grid,bf16,105.3800,12.8651,92.5149,1787,ok
1,4096,4096,grid,bf16,140.3100,49.5916,90.7184,392191,ok
256,2048,2,grid,bf16,106.0800,13.8861,92.1940,10207,ok
257,4096,4,grid,bf16,107.3900,16.2003,91.1896,20447,ok
96,192,8,grid,bf16,105.2600,13.5420,91.7180,955,ok
1,96,16,grid,bf16,102.5300,13.0231,89.5069,382,ok
64,32,128,grid,bf16,104.3800,12.9083,91.4717,445,ok
8,16,129,grid,bf16,103.1900,13.0785,90.1116,779,ok
768,64,512,grid,bf16,103.9700,12.8205,91.1495,4599,ok
96,1,1024,grid,bf16,105.5200,13.6794,91.8406,3823,ok
5210,186,58,random,bf16,107.8400,16.1181,91.7218,11183,ok
16,192,192,grid,bf16,103.5600,12.7388,90.8212,1591,ok
620,2213,21,random,bf16,106.8200,16.8537,89.9663,18035,ok
666,1,4147,random,bf16,113.1600,22.3955,90.7645,34583,ok
768,16,16,grid,bf16,102.5690,12.2025,90.3665,1149,ok
129,1,129,grid,bf16,105.6190,14.1924,91.4266,1021,ok
96,1,16,grid,bf16,100.7901,12.9574,87.8327,477,ok
17,1358,5,random,bf16,106.5200,12.8710,93.6490,4388,ok
64,128,192,grid,bf16,105.4900,12.8210,92.6690,891,ok
1,608,1,fat,bf16,101.8300,12.6440,89.1860,1914,ok
16,4,8,grid,bf16,103.2100,12.5878,90.6221,397,ok
1,4104,8,gemv_wideN,bf16,104.6300,14.0848,90.5453,12638,ok
1502,1,7540,random,bf16,129.9000,38.1583,91.7417,111155,ok
43,1242,2,random,bf16,105.0900,13.4486,91.6414,4249,ok
64,129,256,grid,bf16,104.2800,12.4340,91.8460,1783,ok
7028,4,39,random,bf16,104.2200,12.0191,92.2009,7409,ok
4096,16,257,grid,bf16,105.2110,12.7964,92.4145,13433,ok
384,257,4096,grid,bf16,108.6000,17.0640,91.5360,73535,ok
4,1536,4096,grid,bf16,107.5690,16.1309,91.4382,148223,ok
4096,96,192,grid,bf16,107.7600,17.2968,90.4632,8955,ok
2,32,4096,grid,bf16,105.0100,13.7011,91.3089,12287,ok
64,127,1024,grid,bf16,104.4600,12.1992,92.2608,3567,ok
256,8193,256,fat,bf16,109.5500,18.2568,91.2932,82939,ok
192,64,8,grid,bf16,106.2800,13.0401,93.2399,573,ok
192,1024,1,grid,bf16,104.9310,19.3709,85.5600,4591,ok
697,5801,22,random,bf16,114.0400,21.0562,92.9838,49633,ok
8,20,86,random,bf16,103.2300,12.1712,91.0588,389,ok
545,256,256,tall,bf16,107.0800,13.0550,94.0250,3707,ok
257,64,512,grid,bf16,104.5300,12.4063,92.1237,2555,ok
1024,1024,32,grid,bf16,109.1300,16.0182,93.1118,11247,ok
1,16,192,grid,bf16,104.8200,14.0279,90.7921,765,ok
64,64,1025,deepK,bf16,107.2000,14.8859,92.3141,4013,ok
129,256,127,grid,bf16,104.2900,13.2262,91.0638,1021,ok
192,257,32,grid,bf16,105.3000,13.3729,91.9270,1721,ok
4096,1024,32,grid,bf16,113.0600,22.7289,90.3311,35823,ok
384,96,2,grid,bf16,104.4000,12.5186,91.8814,765,ok
256,256,8225,deepK,bf16,111.6600,18.1163,93.5437,82939,ok
1,256,1024,grid,bf16,106.3200,17.1371,89.1829,6127,ok
407,27,5906,random,bf16,107.7600,16.5209,91.2392,37082,ok
3,920,20,random,bf16,105.4310,13.0181,92.4129,3079,ok
2048,4096,1536,grid,bf16,207.4100,114.9069,92.5031,933119,ok
1536,256,768,grid,bf16,107.4900,16.9072,90.5828,23015,ok
4,512,1536,grid,bf16,103.7900,13.8404,89.9496,18527,ok
1536,32,32,grid,bf16,104.6000,13.3515,91.2485,1917,ok
384,768,192,grid,bf16,105.0700,15.5087,89.5613,9191,ok
96,127,256,grid,bf16,105.6700,13.7566,91.9135,955,ok
127,128,256,grid,bf16,104.9700,12.9650,92.0050,1017,ok
16,576,64,wide_output,bf16,105.1300,13.2558,91.8742,1989,ok
4,512,192,grid,bf16,106.7800,13.0038,93.7762,3087,ok
16,768,129,grid,bf16,105.3601,13.2164,92.1436,4775,ok
4223,4096,64,thinK,bf16,142.8600,48.1598,94.7002,147359,ok
1024,1,128,grid,bf16,105.7200,14.5660,91.1540,1405,ok
257,768,1536,grid,bf16,109.4000,16.8095,92.5905,46007,ok
192,1536,768,grid,bf16,107.5700,17.6001,89.9699,41327,ok
16,1,128,grid,bf16,103.7400,13.6008,90.1392,397,ok
4,1024,192,grid,bf16,107.4200,13.7122,93.7079,6175,ok
2,16,96,grid,bf16,103.7800,12.6951,91.0849,383,ok
256,16,2,grid,bf16,104.7000,13.0225,91.6775,637,ok
8,477,2361,random,bf16,105.9600,13.6863,92.2737,29639,ok
8,4,192,grid,bf16,110.2900,14.1251,96.1649,779,ok
127,1024,256,grid,bf16,108.1100,13.9982,94.1118,8143,ok
4,280,453,random,bf16,105.4300,15.8544,89.5756,4631,ok
1,256,64,wide_output,bf16,105.3300,13.8544,91.4756,765,ok
512,129,512,grid,bf16,105.9710,14.8453,91.1257,7151,ok
381,801,104,random,bf16,106.6700,15.0319,91.6381,5340,ok
96,4096,4096,grid,bf16,119.3300,28.1410,91.1890,489471,ok
64,1025,64,fat,bf16,104.8900,13.8857,91.0043,4013,ok
247,72,8,random,bf16,105.0200,14.5660,90.4540,628,ok
1707,3391,120,random,bf16,122.4500,28.3788,94.0712,56402,ok
1,64,4,grid,bf16,103.7300,13.4398,90.2902,382,ok
4,1536,2048,grid,bf16,107.5300,14.6912,92.8388,74111,ok
8,217,55,random,bf16,105.8600,13.3852,92.4748,779,ok
320,256,64,thinK,bf16,104.9400,14.8922,90.0478,1403,ok
35,90,26,random,bf16,103.8690,12.7143,91.1547,416,ok
192,32,129,grid,bf16,104.0300,12.9671,91.0629,1147,ok
512,32,4096,grid,bf16,105.0690,16.1606,88.9084,28607,ok
127,1,1,grid,bf16,103.6400,13.6987,89.9413,508,ok
2048,384,384,grid,bf16,108.7900,16.7550,92.0350,21869,ok
64,1024,512,grid,bf16,104.2300,14.2508,89.9792,14271,ok
768,128,256,grid,bf16,107.4710,14.1297,93.3413,2299,ok
64,64,383,deepK,bf16,106.5800,13.3456,93.2344,1337,ok
256,129,1,grid,bf16,107.1600,15.9909,91.1691,1275,ok
1,8200,1,fat,bf16,103.8300,13.8553,89.9747,24894,ok
4096,192,384,grid,bf16,110.5290,17.3106,93.2184,26867,ok
16,96,1536,grid,bf16,106.5900,13.8455,92.7445,4775,ok
32,1024,256,grid,bf16,104.7000,12.7345,91.9655,6623,ok
695,3110,4,random,bf16,114.4600,19.5741,94.8860,26924,ok
256,8256,64,wide_output,bf16,110.2100,18.2481,91.9619,41469,ok
1024,64,32,grid,bf16,107.4000,14.6546,92.7454,1405,ok
768,128,768,grid,bf16,105.6400,15.0670,90.5730,6899,ok
16,264,64,wide_output,bf16,106.2600,15.2451,91.0149,1193,ok
96,257,1536,grid,bf16,106.6001,17.1357,89.4643,17207,ok
257,257,1,grid,bf16,105.8900,15.1621,90.7278,1916,ok
1536,127,16,grid,bf16,107.2600,14.7539,92.5061,1917,ok
1024,512,1,grid,bf16,106.7600,16.4861,90.2740,5623,ok
512,1536,1,grid,bf16,105.2900,15.2820,90.0080,10727,ok
1025,16,16,tall,bf16,104.5200,12.0678,92.4522,1406,ok
4,96,96,grid,bf16,105.5200,12.8133,92.7067,385,ok
1299,56,36,random,bf16,110.7900,13.3576,97.4324,1680,ok
128,768,256,grid,bf16,103.6400,12.4358,91.2041,6119,ok
256,127,1,grid,bf16,103.8200,12.9819,90.8381,637,ok
256,1024,128,grid,bf16,103.2500,13.4762,89.7738,5103,ok
1536,2,257,grid,bf16,104.8200,12.7524,92.0676,5753,ok
665,38,87,random,bf16,104.0510,11.9532,92.0978,1046,ok
32,4096,8,grid,bf16,104.4900,12.6723,91.8177,13247,ok
16,32,96,grid,bf16,103.3600,12.2099,91.1501,397,ok
17,7,641,random,bf16,103.4500,11.4970,91.9529,2393,ok
128,128,4097,deepK,bf16,107.4100,14.5244,92.8856,16829,ok
8,256,768,grid,bf16,105.4000,14.5706,90.8294,4679,ok
2,2048,384,grid,bf16,105.6900,12.4576,93.2324,18431,ok
1024,257,64,grid,bf16,105.5310,12.7717,92.7593,4217,ok
390,2,55,random,bf16,104.3100,12.2336,92.0764,771,ok
4,32,128,grid,bf16,102.2000,12.7058,89.4942,385,ok
1,64,1024,grid,bf16,103.8700,14.4382,89.4318,3063,ok
16,512,2,grid,bf16,104.0000,12.9663,91.0337,1591,ok
32,127,4096,grid,bf16,104.8199,13.2320,91.5879,13247,ok
32,1,4096,grid,bf16,106.1910,14.3083,91.8827,13247,ok
512,129,8,grid,bf16,102.8200,12.9885,89.8315,1787,ok
256,1024,768,grid,bf16,104.5400,25.6342,78.9059,30623,ok
129,1024,1536,grid,bf16,107.7090,15.2011,92.5080,49055,ok
384,384,32,grid,bf16,103.6100,13.2485,90.3615,2297,ok
256,96,16,grid,bf16,107.7200,13.1912,94.5289,637,ok
129,2,2,grid,bf16,103.2700,12.0364,91.2336,510,ok
59,193,10,random,bf16,103.5200,12.2762,91.2438,881,ok
1024,256,384,grid,bf16,105.8110,14.6548,91.1562,8435,ok
12,6664,242,random,bf16,104.7900,13.4245,91.3654,41763,ok
256,2049,64,wide_output,bf16,104.5000,15.8851,88.6149,10845,ok
384,1024,128,grid,bf16,105.0900,15.7087,89.3813,6127,ok
32,4096,384,grid,bf16,108.0000,14.9333,93.0667,39743,ok
257,96,768,grid,bf16,105.5910,12.6934,92.8975,3833,ok
3,329,126,random,bf16,103.1000,11.9570,91.1430,1154,ok
128,2056,128,fat,bf16,106.6800,13.4385,93.2415,8669,ok
64,256,512,grid,bf16,103.5290,13.7728,89.7561,3567,ok
96,96,384,grid,bf16,104.6400,15.7793,88.8607,1433,ok
32,512,96,grid,bf16,102.9500,13.7889,89.1610,1655,ok
4,256,1024,grid,bf16,102.7900,14.0087,88.7814,6175,ok
16,64,1536,grid,bf16,103.4900,12.9861,90.5039,4775,ok
192,257,768,grid,bf16,104.6400,13.2849,91.3551,10331,ok
17,2416,97,random,bf16,106.8100,12.9733,93.8367,7580,ok
4096,1536,16,grid,bf16,117.3400,26.2887,91.0513,53735,ok
2048,1536,127,grid,bf16,112.7000,22.6840,90.0160,29159,ok
127,768,4096,grid,bf16,109.5200,18.9407,90.5793,97727,ok
257,128,4,grid,bf16,103.1800,11.8336,91.3464,638,ok
128,545,128,fat,bf16,104.9000,12.6631,92.2369,2549,ok
2,16,256,grid,bf16,103.4700,12.6465,90.8235,767,ok
4223,16,16,tall,bf16,105.3100,12.0905,93.2195,4604,ok
128,8319,128,fat,bf16,106.8300,14.9948,91.8353,33149,ok
16,16,576,deepK,bf16,105.6600,12.4103,93.2497,1989,ok
128,128,2081,deepK,bf16,104.6400,13.5494,91.0907,8669,ok
8,2,192,grid,bf16,103.4300,12.6439,90.7861,779,ok
2,2048,192,grid,bf16,105.1900,12.6502,92.5398,12287,ok
16,2048,64,grid,bf16,102.8900,12.9644,89.9256,6367,ok
2,77,21,random,bf16,103.2400,13.4579,89.7822,383,ok
1057,1024,64,thinK,bf16,108.4800,15.7707,92.7093,11511,ok
4,32,4,grid,bf16,105.1300,12.6456,92.4844,385,ok
128,8256,128,fat,bf16,109.0100,15.7381,93.2719,33149,ok
129,768,1024,grid,bf16,104.7000,13.6169,91.0831,24527,ok
7251,152,59,random,bf16,107.7800,16.1993,91.5807,15265,ok
128,128,520,deepK,bf16,106.4900,12.7310,93.7590,2549,ok
1,1536,8,grid,bf16,103.7300,13.0531,90.6769,4595,ok
128,4129,128,fat,bf16,106.2000,14.2919,91.9081,16829,ok
192,1024,257,grid,bf16,108.0600,13.7511,94.3090,13775,ok
1523,6,11,random,bf16,105.6800,12.4021,93.2778,1904,ok
1,4,1536,grid,bf16,103.8910,14.7437,89.1473,4595,ok
2,3,347,random,bf16,105.3100,13.0499,92.2601,1151,ok
257,16,16,tall,bf16,104.3200,12.9926,91.3274,638,ok
64,64,1,grid,bf16,99.7200,13.4779,86.2421,445,ok
1,1057,64,wide_output,bf16,103.7100,12.7564,90.9536,3446,ok
16,1536,96,grid,bf16,103.7200,12.0269,91.6931,4775,ok
1024,257,1024,grid,bf16,109.8890,15.6324,94.2566,33743,ok
96,1,257,grid,bf16,103.9500,13.1868,90.7632,1433,ok
192,96,128,grid,bf16,104.6400,16.0734,88.5666,573,ok
1122,541,44,random,bf16,106.4300,13.9275,92.5025,7519,ok
127,128,257,grid,bf16,105.4500,12.9898,92.4602,1526,ok
256,128,16,grid,bf16,103.1800,13.7605,89.4195,637,ok
64,96,129,grid,bf16,103.1500,12.5202,90.6298,891,ok
64,4,257,grid,bf16,103.5800,12.8743,90.7057,1337,ok
4096,768,257,grid,bf16,114.8400,24.3404,90.4996,80603,ok
20,320,122,random,bf16,103.5700,13.0889,90.4811,1205,ok
13,4,1934,random,bf16,105.2000,12.1172,93.0827,6319,ok
8,4096,1024,grid,bf16,106.5000,14.1922,92.3078,99839,ok
96,2,768,grid,bf16,107.7800,13.6683,94.1117,2867,ok
256,256,2049,deepK,bf16,106.4800,17.9074,88.5726,21691,ok
16,4,384,grid,bf16,104.0000,12.6943,91.3057,1193,ok
2,64,96,grid,bf16,103.9500,12.3989,91.5511,383,ok
101,7303,2351,random,bf16,122.0000,28.8415,93.1585,532265,ok
8,8192,64,wide_output,bf16,102.9800,11.7863,91.1937,24959,ok
1,1057,16,gemv_wideN,bf16,105.8300,12.3868,93.4432,3446,ok
256,256,264,deepK,bf16,106.1099,12.3833,93.7267,3827,ok
1,289,1,fat,bf16,103.1490,12.7190,90.4300,1148,ok
24,39,725,random,bf16,104.8300,12.3121,92.5178,2435,ok
64,768,32,grid,bf16,105.3900,11.9905,93.3995,2675,ok
129,256,129,grid,bf16,104.3700,13.8031,90.5669,2043,ok
256,1024,384,grid,bf16,106.6400,14.8926,91.7474,15311,ok
64,384,4096,grid,bf16,108.6500,14.5552,94.0948,42815,ok
64,256,96,grid,bf16,104.6300,12.4989,92.1310,891,ok
2,129,16,grid,bf16,102.8300,12.7000,90.1300,767,ok
4097,4096,64,thinK,bf16,140.5200,47.2099,93.3101,143327,ok
3,1,4,random,bf16,106.0000,13.0882,92.9118,384,ok
4096,8,64,grid,bf16,106.4500,13.6438,92.8062,4477,ok
80,14,4779,random,bf16,104.2500,12.9779,91.2721,17555,ok
9,13,760,random,bf16,103.4900,12.6550,90.8349,2345,ok
129,129,128,grid,bf16,103.1900,13.2674,89.9226,1021,ok
2397,2536,4117,random,bf16,316.2800,223.5507,92.7293,1834139,ok
257,127,32,grid,bf16,106.9000,12.4950,94.4050,638,ok
127,1536,64,grid,bf16,103.8300,13.2920,90.5379,6107,ok
384,768,256,grid,bf16,102.7600,14.3904,88.3697,9191,ok
16,127,96,grid,bf16,101.9200,11.3276,90.5924,397,ok
768,384,192,grid,bf16,105.0500,14.4663,90.5837,6899,ok
128,768,1,grid,bf16,105.2100,13.7211,91.4889,3059,ok
1,8192,64,wide_output,bf16,104.1800,16.0447,88.1353,24511,ok
4,4096,1536,grid,bf16,105.5600,15.3117,90.2483,148223,ok
2016,925,44,random,bf16,106.5800,17.5395,89.0405,19183,ok
576,12,1500,random,bf16,103.6700,13.0261,90.6439,11495,ok
6794,2,592,random,bf16,104.5800,14.9050,89.6750,35879,ok
1,1,2112,deepK,bf16,102.3800,14.6812,87.6988,6510,ok
96,32,1536,grid,bf16,104.5200,12.2803,92.2398,5735,ok
8,20,30,random,bf16,102.5700,12.1475,90.4225,389,ok
1,2081,8,gemv_wideN,bf16,104.0900,12.0180,92.0720,6510,ok
1,1032,64,wide_output,bf16,102.2300,12.8265,89.4035,3446,ok
1,1024,256,grid,bf16,103.5500,14.4342,89.1158,6127,ok
32,16,257,grid,bf16,104.0690,11.6504,92.4186,1241,ok
71,110,1,random,bf16,100.1300,13.1649,86.9651,452,ok
16,16,2112,deepK,bf16,108.8500,13.3544,95.4956,6765,ok
4096,4,256,grid,bf16,102.7800,13.5379,89.2421,8955,ok
1024,64,257,grid,bf16,103.4000,12.8535,90.5465,4217,ok
23,8,2635,random,bf16,103.5900,13.3403,90.2496,8504,ok
192,384,2,grid,bf16,103.9800,13.6918,90.2882,1721,ok
129,192,64,grid,bf16,103.2900,13.0157,90.2742,1021,ok
313,31,184,random,bf16,104.2100,12.5111,91.6989,1389,ok
128,1088,64,wide_output,bf16,103.9700,13.0634,90.9066,4589,ok
5868,1718,23,random,bf16,124.4500,34.3779,90.0721,87499,ok
512,4096,384,grid,bf16,113.0690,20.8533,92.2157,85823,ok
4096,384,1024,grid,bf16,119.2800,27.2137,92.0663,107471,ok
256,127,384,grid,bf16,104.3000,12.8214,91.4786,1913,ok
1024,2,129,grid,bf16,103.6510,12.6017,91.0494,2811,ok
512,127,192,grid,bf16,103.5710,13.2161,90.3550,1787,ok
1,2144,1,fat,bf16,102.8400,12.1343,90.7057,6510,ok
129,384,129,grid,bf16,103.3000,12.6975,90.6025,3065,ok
128,128,320,deepK,bf16,107.0700,13.3942,93.6758,1529,ok
96,127,128,grid,bf16,102.4300,11.8906,90.5394,477,ok
32,4096,2,grid,bf16,105.5700,13.0145,92.5555,13247,ok
256,64,2,grid,bf16,103.8700,12.5893,91.2807,637,ok
1024,96,1,grid,bf16,102.9900,13.6151,89.3749,1405,ok
2,129,768,grid,bf16,103.6000,13.7673,89.8327,4607,ok
384,2048,128,grid,bf16,106.5300,14.8945,91.6354,12255,ok
61,351,2,random,bf16,105.3500,14.0669,91.2831,1328,ok
384,1024,2048,grid,bf16,111.5500,20.1769,91.3731,98047,ok
16,520,16,fat,bf16,103.2900,12.5637,90.7263,1989,ok
8,257,129,grid,bf16,103.3800,11.8595,91.5205,2339,ok
768,192,1536,grid,bf16,107.4200,16.5226,90.8974,27599,ok
512,256,1536,grid,bf16,105.8710,15.0076,90.8634,21455,ok
1,4096,127,grid,bf16,104.8510,16.5712,88.2798,12255,ok
96,1536,16,grid,bf16,105.4800,13.4571,92.0229,5735,ok
5437,159,14,random,bf16,108.5700,17.3999,91.1701,11637,ok
2048,1536,257,grid,bf16,116.6200,25.5863,91.0337,87479,ok
4096,32,8,grid,bf16,106.2600,12.9063,93.3537,4477,ok
16,608,64,wide_output,bf16,104.1100,12.0275,92.0825,1989,ok
1,384,384,grid,bf16,104.5500,15.4449,89.1051,3446,ok
127,256,128,grid,bf16,103.8300,12.1449,91.6851,1017,ok
1,2048,64,grid,bf16,106.9800,13.4132,93.5667,6127,ok
1536,129,4,grid,bf16,111.8100,16.8823,94.9277,3835,ok
384,1,1,grid,bf16,102.9200,12.0672,90.8527,765,ok
14,274,271,random,bf16,104.1800,12.7230,91.4570,3563,ok
128,8193,64,wide_output,bf16,107.4600,15.2351,92.2248,33149,ok
10,126,85,random,bf16,103.2800,12.9577,90.3223,391,ok
2175,16,16,tall,bf16,105.2400,12.8307,92.4093,2556,ok
8200,16,16,tall,bf16,106.7600,12.9784,93.7816,8581,ok
127,257,129,grid,bf16,106.8300,14.1404,92.6896,3053,ok
192,512,2,grid,bf16,103.9800,13.3247,90.6554,2295,ok
128,608,64,wide_output,bf16,104.5700,13.7670,90.8030,2549,ok
127,256,4096,grid,bf16,106.3000,13.4498,92.8502,32575,ok
96,32,96,grid,bf16,103.4900,12.8138,90.6762,477,ok
129,4,2048,grid,bf16,106.3110,12.6541,93.6569,8175,ok
8,2175,64,wide_output,bf16,105.1300,12.1743,92.9557,6629,ok
16,4,32,grid,bf16,104.6900,12.1938,92.4962,397,ok
4,257,128,grid,bf16,104.1300,13.1276,91.0024,1157,ok
64,129,32,grid,bf16,105.5400,13.2169,92.3231,891,ok
256,256,1120,deepK,bf16,106.3000,15.4784,90.8216,11483,ok
6,1273,30,random,bf16,103.8700,12.0988,91.7712,3879,ok
1024,129,512,grid,bf16,104.0100,13.2982,90.7118,11247,ok
129,32,64,grid,bf16,107.5900,12.7794,94.8106,510,ok
7,2,3495,random,bf16,104.5100,12.8520,91.6580,10891,ok
128,2112,64,wide_output,bf16,105.1000,13.1215,91.9785,8669,ok
768,2048,384,grid,bf16,111.4400,18.9520,92.4880,55199,ok
512,4096,16,grid,bf16,109.9000,17.6650,92.2350,28607,ok
1536,512,1,grid,bf16,109.7910,17.3594,92.4316,7671,ok
64,2048,4,grid,bf16,105.2310,12.9229,92.3081,7135,ok
8,128,257,grid,bf16,103.9000,13.5693,90.3307,1169,ok
127,128,64,grid,bf16,106.3500,12.7915,93.5585,508,ok
8193,256,256,tall,bf16,110.3700,18.3485,92.0214,34299,ok
1024,768,512,grid,bf16,108.8600,17.4698,91.3903,33743,ok
129,1024,32,grid,bf16,104.4699,14.0269,90.4430,4087,ok
128,2048,768,grid,bf16,108.1900,14.6182,93.5718,48959,ok
3,48,1,random,bf16,101.7500,12.2808,89.4692,384,ok
8,8288,8,fat,bf16,104.1100,13.1874,90.9226,25349,ok
4096,192,32,grid,bf16,104.5890,14.9959,89.5931,8955,ok
257,2048,128,grid,bf16,105.2600,14.6019,90.6581,10223,ok
4,4515,6,random,bf16,103.7090,13.3336,90.3754,13895,ok
16,256,4,grid,bf16,103.3800,12.1835,91.1965,795,ok
4096,2048,1024,grid,bf16,177.0400,84.8937,92.1463,573183,ok
45,3214,125,random,bf16,104.9900,13.3687,91.6213,11101,ok
2564,4538,18,random,bf16,129.0400,38.3110,90.7291,106055,ok
512,384,128,grid,bf16,104.5000,13.9473,90.5528,2681,ok
32,96,96,grid,bf16,103.4300,14.6513,88.7787,413,ok
1,1,2081,deepK,bf16,104.3900,16.0273,88.3627,6510,ok
512,1,4,grid,bf16,103.3500,15.3575,87.9925,893,ok
4,8,2048,grid,bf16,103.7310,14.2675,89.4635,6175,ok
3244,51,56,random,bf16,105.3500,13.9747,91.3753,3625,ok
96,768,8,grid,bf16,105.8300,13.9751,91.8549,2867,ok
1,2,39,random,bf16,101.7600,13.2834,88.4766,382,ok
127,1024,96,grid,bf16,104.8800,13.6073,91.2728,4071,ok
768,16,129,grid,bf16,104.0700,12.7342,91.3358,2299,ok
768,1536,512,grid,bf16,110.1600,20.5129,89.6472,55199,ok
4096,4,128,grid,bf16,103.7400,14.0486,89.6914,4477,ok
768,2048,16,grid,bf16,107.7890,18.8818,88.9072,18399,ok
1,8256,16,gemv_wideN,bf16,104.6000,13.6258,90.9741,24894,ok
256,256,8319,deepK,bf16,110.0100,20.2387,89.7713,82939,ok
1,8,1,grid,bf16,101.2900,12.7631,88.5269,382,ok
127,384,32,grid,bf16,104.9000,13.6505,91.2495,1526,ok
180,230,225,random,bf16,104.3700,12.2554,92.1146,2247,ok
1536,384,64,grid,bf16,108.5910,15.3177,93.2733,5753,ok
1,256,128,grid,bf16,102.3510,13.5014,88.8496,765,ok
16,16,4096,deepK,bf16,104.3700,13.8107,90.5593,12735,ok
512,1,32,grid,bf16,112.3900,14.8007,97.5892,893,ok
1,2081,1,fat,bf16,110.2800,12.6242,97.6558,6510,ok
192,1536,1,grid,bf16,114.6300,14.4920,100.1380,6887,ok
5,83,3,random,bf16,112.5400,12.3040,100.2360,386,ok
64,2,1024,grid,bf16,113.4900,15.7149,97.7751,3567,ok
129,4,1024,grid,bf16,111.4600,13.6757,97.7843,4087,ok
1,4129,128,gemv_wideN,bf16,113.7800,16.9956,96.7844,12638,ok
543,1,1860,random,bf16,113.3000,19.6788,93.6212,13874,ok
192,512,257,grid,bf16,113.5290,14.5903,98.9388,6887,ok
2048,2048,2048,grid,bf16,182.7090,82.9077,99.8012,622079,ok
202,66,10,random,bf16,111.5600,13.4560,98.1039,583,ok
1003,4,311,random,bf16,112.7700,12.8429,99.9272,4154,ok
192,256,1536,grid,bf16,113.5090,13.4868,100.0222,13775,ok
1851,294,2326,random,bf16,127.2290,29.0313,98.1977,127280,ok
16,32,32,grid,bf16,111.9300,12.7836,99.1464,397,ok
4096,32,384,grid,bf16,115.3200,15.3169,100.0030,13433,ok
191,568,1725,random,bf16,113.7800,15.1503,98.6296,40109,ok
512,127,768,grid,bf16,113.2600,13.9982,99.2618,5363,ok
96,127,4096,grid,bf16,113.8200,14.1373,99.6827,15295,ok
64,1,2048,grid,bf16,111.9000,14.0177,97.8822,7135,ok
768,16,4,grid,bf16,113.7001,13.6098,100.0903,1149,ok
257,128,129,grid,bf16,112.6600,13.0377,99.6223,1277,ok
4,4096,32,grid,bf16,112.2000,12.9566,99.2434,12351,ok
152,1,20,random,bf16,112.3500,14.1386,98.2114,533,ok
384,8,32,grid,bf16,112.2800,12.6977,99.5823,765,ok
128,2,1,grid,bf16,109.7900,11.8768,97.9132,509,ok
127,96,127,grid,bf16,112.5101,13.5154,98.9947,508,ok
4,64,129,grid,bf16,114.1200,13.5047,100.6153,771,ok
1024,2,256,grid,bf16,111.0400,12.3256,98.7144,2811,ok
4,128,16,grid,bf16,113.2910,13.3089,99.9821,385,ok
8,8,289,deepK,bf16,111.6200,14.2511,97.3689,1169,ok
4,2048,16,grid,bf16,116.6600,15.7699,100.8901,6175,ok
512,64,64,tall,bf16,111.5700,14.0194,97.5506,893,ok
4096,127,512,grid,bf16,115.0500,16.9008,98.1492,17911,ok
115,2,2474,random,bf16,111.4800,13.8541,97.6259,9939,ok
4096,512,1,grid,bf16,117.5000,19.2752,98.2248,17911,ok
44,2642,11,random,bf16,111.4600,14.2657,97.1943,8945,ok
32,512,1,grid,bf16,110.3290,13.2232,97.1057,1655,ok
1536,16,96,grid,bf16,113.2600,13.4474,99.8126,1917,ok
128,4,2048,grid,bf16,113.7500,12.7474,101.0026,8159,ok
256,4096,192,grid,bf16,117.9900,17.2961,100.6939,40831,ok
512,129,256,grid,bf16,112.3700,12.3672,100.0028,3575,ok
128,128,192,grid,bf16,113.5310,13.8557,99.6753,1019,ok
2048,128,1,grid,bf16,114.4700,16.3808,98.0891,2429,ok
256,512,128,grid,bf16,117.3600,13.5156,103.8444,2551,ok
16,8,96,grid,bf16,111.7900,13.4650,98.3250,397,ok
512,16,128,grid,bf16,115.8600,13.8401,102.0199,893,ok
4096,32,768,grid,bf16,116.2000,15.0207,101.1793,26867,ok
257,4096,128,grid,bf16,115.0400,16.7879,98.2521,20447,ok
4,768,2048,grid,bf16,112.1200,13.6452,98.4748,37055,ok
256,192,8,grid,bf16,113.0200,12.8183,100.2016,1275,ok
32,1536,2,grid,bf16,114.9300,13.6652,101.2647,4967,ok
41,22,36,random,bf16,111.7600,12.3363,99.4237,422,ok
128,128,4129,deepK,bf16,113.9500,14.7132,99.2368,16829,ok
1,8319,64,wide_output,bf16,114.9900,14.9987,99.9914,24894,ok
8,32,128,grid,bf16,112.5300,11.4793,101.0507,389,ok
17,32,38,random,bf16,111.0700,12.6481,98.4219,398,ok
256,384,256,grid,bf16,114.0000,12.9233,101.0767,3827,ok
4,32,13,random,bf16,116.2400,12.8498,103.3902,385,ok
80,3359,4981,random,bf16,124.8100,26.6843,98.1257,486485,ok
256,639,256,fat,bf16,114.1300,13.9937,100.1363,6379,ok
64,32,1536,grid,bf16,113.5200,12.2470,101.2730,5351,ok
32,4,4,grid,bf16,111.2600,11.8658,99.3941,413,ok
2048,1,257,grid,bf16,113.7900,16.0355,97.7545,7289,ok
2048,2048,1024,grid,bf16,150.3510,49.5580,100.7930,311039,ok
2,128,2048,grid,bf16,116.3900,12.6876,103.7024,6143,ok
384,64,257,grid,bf16,110.8900,12.7332,98.1568,2297,ok
10,100,38,random,bf16,112.8200,12.3383,100.4816,391,ok
768,96,257,grid,bf16,112.7800,12.8305,99.9495,3449,ok
32,1536,192,grid,bf16,111.0000,12.5441,98.4559,9935,ok
8193,8,8,tall,bf16,112.3600,12.3843,99.9757,8574,ok
2048,2,257,grid,bf16,113.8500,13.0631,100.7869,7289,ok
1536,127,2,grid,bf16,114.0800,13.3996,100.6803,1917,ok
2,6901,673,random,bf16,114.6000,16.5885,98.0115,124415,ok
129,8,32,grid,bf16,113.5000,12.6305,100.8695,510,ok
127,1536,2,grid,bf16,114.7300,13.9113,100.8187,6107,ok
1024,192,4096,grid,bf16,120.3510,20.3918,99.9593,89983,ok
320,16,16,tall,bf16,113.6000,13.7748,99.8252,701,ok
256,256,8192,deepK,bf16,117.5300,19.2725,98.2575,81663,ok
127,2048,2048,grid,bf16,118.5000,18.0384,100.4616,130303,ok
2110,3182,203,random,bf16,141.6400,38.8250,102.8150,124599,ok
1,1,129,grid,bf16,117.3300,13.7480,103.5820,765,ok
2048,1024,1024,grid,bf16,131.8200,32.1008,99.7192,155519,ok
768,16,32,grid,bf16,111.4100,11.6227,99.7872,1149,ok
32,96,32,grid,bf16,114.9090,12.0746,102.8344,413,ok
4,64,257,grid,bf16,112.4200,12.9416,99.4784,1157,ok
4096,4096,96,grid,bf16,147.0899,47.0577,100.0322,143295,ok
2048,32,256,grid,bf16,114.0600,13.7399,100.3201,4859,ok
32,768,2,grid,bf16,111.6800,12.4478,99.2322,2483,ok
128,16,192,grid,bf16,112.4000,12.2625,100.1375,1019,ok
256,4096,257,grid,bf16,116.7600,16.8151,99.9448,61247,ok
16,512,128,grid,bf16,111.3800,12.7345,98.6455,1591,ok
192,2048,64,grid,bf16,112.4300,13.5601,98.8699,9183,ok
768,256,512,grid,bf16,114.5000,14.7170,99.7830,9199,ok
2,512,4,grid,bf16,113.1100,11.8555,101.2545,1535,ok
179,34,28,random,bf16,110.0500,12.6497,97.4004,560,ok
1536,192,2048,grid,bf16,118.7500,19.7324,99.0176,61375,ok
1024,127,128,grid,bf16,113.0800,12.6237,100.4563,1405,ok
128,384,96,grid,bf16,112.4300,12.5684,99.8617,1529,ok
2048,4,4096,grid,bf16,117.9400,16.6094,101.3306,77759,ok
384,768,1536,grid,bf16,118.8000,18.8148,99.9852,55151,ok
256,4192,64,wide_output,bf16,114.1900,15.1667,99.0233,21053,ok
64,4,256,grid,bf16,109.8300,12.7658,97.0642,891,ok
512,64,96,grid,bf16,113.0300,12.1331,100.8969,893,ok
4,4,1024,grid,bf16,111.7600,12.5242,99.2358,3087,ok
64,1,128,grid,bf16,110.6500,11.8256,98.8244,445,ok
16,32,2048,grid,bf16,111.2200,13.1875,98.0325,6367,ok
1,4,1,random,bf16,110.3600,12.6180,97.7420,382,ok
129,1024,1024,grid,bf16,114.1900,13.7308,100.4592,32703,ok
451,63,10,random,bf16,111.8400,12.3971,99.4429,832,ok
129,64,512,grid,bf16,113.4100,12.8542,100.5558,2043,ok
1024,4,2048,grid,bf16,112.7600,13.3421,99.4179,22495,ok
1,1,576,deepK,bf16,111.0600,13.6468,97.4133,1914,ok
53,2,874,random,bf16,113.2200,11.8253,101.3948,3044,ok
14,31,810,random,bf16,112.1200,13.4849,98.6352,2771,ok
192,127,32,grid,bf16,113.3300,12.1747,101.1553,573,ok
2,129,256,grid,bf16,113.2900,12.1442,101.1458,1535,ok
512,256,128,grid,bf16,114.0400,13.8565,100.1834,1787,ok
512,127,64,grid,bf16,113.5800,12.9637,100.6162,893,ok
129,1536,127,grid,bf16,112.7710,12.5131,100.2579,6131,ok
96,129,16,grid,bf16,113.2300,12.9484,100.2816,955,ok
6701,2931,17,random,bf16,151.9000,52.9678,98.9322,162908,ok
256,256,639,deepK,bf16,106.6100,11.9058,94.7042,6379,ok
82,78,3,random,bf16,107.6500,11.6222,96.0278,463,ok
129,129,32,grid,bf16,106.6000,12.5424,94.0576,1021,ok
16,8256,64,wide_output,bf16,110.3900,12.7002,97.6898,25869,ok
8,352,64,wide_output,bf16,106.7500,10.7443,96.0057,1169,ok
128,1536,64,grid,bf16,107.4999,15.9150,91.5850,6119,ok
128,257,512,grid,bf16,107.3500,12.8844,94.4656,6119,ok
8,2048,2048,grid,bf16,109.3000,15.3961,93.9039,99839,ok
127,4096,32,grid,bf16,109.4200,14.5495,94.8705,16287,ok
129,16,129,grid,bf16,105.3700,14.3758,90.9942,1021,ok
1024,32,128,grid,bf16,106.1400,12.8873,93.2527,1405,ok
8,2,256,grid,bf16,105.6800,11.4911,94.1889,779,ok
768,4096,8,grid,bf16,114.2000,20.2564,93.9436,36799,ok
4096,4096,256,grid,bf16,146.7700,51.7530,95.0171,286591,ok
257,127,127,grid,bf16,108.5800,12.4821,96.0979,638,ok
4,2,192,grid,bf16,106.9700,12.3097,94.6604,771,ok
32,257,16,grid,bf16,106.1500,12.3374,93.8126,1241,ok
3,2407,1662,random,bf16,109.4800,14.1747,95.3053,95094,ok
8,2049,8,fat,bf16,107.8000,12.9932,94.8068,6629,ok
2,384,16,grid,bf16,107.5300,12.7395,94.7905,1151,ok
2048,128,768,grid,bf16,110.3200,14.9922,95.3278,14579,ok
4096,768,127,grid,bf16,113.9500,22.4919,91.4581,26867,ok
114,1603,25,random,bf16,106.5500,13.2439,93.3061,6447,ok
14,53,5607,random,bf16,106.1500,12.6865,93.4635,17423,ok
129,1,257,grid,bf16,106.7000,14.6302,92.0698,1532,ok
64,257,128,grid,bf16,106.2800,13.2332,93.0468,1337,ok
1151,16,16,tall,bf16,105.1600,12.3789,92.7811,1532,ok
128,129,256,grid,bf16,105.5900,11.4847,94.1053,2039,ok
1,4,127,grid,bf16,106.0500,14.9273,91.1227,382,ok
128,96,4096,grid,bf16,108.7110,17.1455,91.5655,16319,ok
127,4,4096,grid,bf16,107.1000,16.9065,90.1935,16287,ok
1,4096,768,grid,bf16,114.8700,20.3513,94.5187,73535,ok
256,352,256,fat,bf16,108.3890,12.4451,95.9439,3827,ok
1536,1536,128,grid,bf16,112.3400,18.4863,93.8537,23015,ok
103,735,4,random,bf16,113.2400,12.5825,100.6576,2909,ok
512,128,64,grid,bf16,115.4400,12.9747,102.4653,893,ok
129,8,64,grid,bf16,114.1400,11.5737,102.5663,510,ok
16,8288,16,fat,bf16,111.4000,12.5418,98.8582,25869,ok
2,128,127,grid,bf16,112.2100,11.3906,100.8194,383,ok
96,128,32,grid,bf16,114.1500,11.9520,102.1980,477,ok
512,256,2,grid,bf16,111.0200,13.5227,97.4973,1787,ok
63,2,2,random,bf16,110.7700,12.0717,98.6983,444,ok
128,257,2048,grid,bf16,115.1600,14.8153,100.3446,24479,ok
384,8,127,grid,bf16,113.5900,12.8439,100.7460,765,ok
5,19,7273,random,bf16,113.6600,13.1130,100.5470,22058,ok
1536,8,4096,grid,bf16,115.2300,16.2350,98.9950,61375,ok
128,129,128,grid,bf16,111.3710,11.8638,99.5071,1019,ok
257,8,8,grid,bf16,112.2199,12.3107,99.9092,638,ok
64,2,8,grid,bf16,112.1400,13.5165,98.6235,445,ok
128,256,1024,grid,bf16,117.6700,12.5135,105.1565,8159,ok
4,512,129,grid,bf16,114.3200,12.3812,101.9388,3087,ok
2,4,258,random,bf16,113.0700,12.4480,100.6220,1151,ok
1024,32,8,grid,bf16,114.9490,11.9185,103.0305,1405,ok
2,25,1,random,bf16,110.5500,13.5733,96.9766,383,ok
2305,12,16,random,bf16,111.2500,12.5156,98.7344,2686,ok
1,128,384,grid,bf16,113.2300,14.0749,99.1552,1148,ok
384,192,96,grid,bf16,112.9800,12.5094,100.4706,1531,ok
4,512,257,grid,bf16,111.9690,11.6564,100.3126,4631,ok
1,1120,256,gemv_wideN,bf16,114.0600,15.5958,98.4642,6893,ok
768,1,96,grid,bf16,109.7400,13.0200,96.7200,1149,ok
128,256,192,grid,bf16,112.6800,13.3076,99.3724,2039,ok
3654,55,1227,random,bf16,116.7600,16.9739,99.7860,40359,ok
3505,6,125,random,bf16,112.8500,12.6787,100.1713,3886,ok
5496,7160,2,random,bf16,191.8200,91.3328,100.4871,329167,ok
1536,384,512,grid,bf16,116.5300,16.1149,100.4151,23015,ok
16,1024,16,fat,bf16,111.7700,12.6574,99.1126,3183,ok
16,2081,64,wide_output,bf16,115.7000,13.3487,102.3513,6765,ok
256,4,1024,grid,bf16,113.4200,14.8838,98.5362,5103,ok
64,129,4,grid,bf16,113.5800,13.8402,99.7397,891,ok
16,127,1536,grid,bf16,114.5700,14.2804,100.2895,4775,ok
4,129,384,grid,bf16,112.1400,14.9929,97.1472,2315,ok
8200,256,256,tall,bf16,120.9700,20.8312,100.1388,34327,ok
127,8,8,grid,bf16,112.4200,14.5162,97.9038,508,ok
8,8,128,grid,bf16,112.6900,14.8803,97.8097,389,ok
64,64,513,deepK,bf16,114.0900,16.8607,97.2293,2229,ok
311,2,55,random,bf16,114.1400,15.4945,98.6455,692,ok
256,608,64,wide_output,bf16,115.5400,16.1268,99.4132,3189,ok
3,1,45,random,bf16,111.4201,14.2138,97.2063,384,ok
4096,128,2048,grid,bf16,121.6600,25.4501,96.2099,71647,ok
384,16,512,grid,bf16,113.3210,13.6627,99.6583,3063,ok
8,1536,2048,grid,bf16,112.8910,16.3928,96.4982,74879,ok
64,1024,129,grid,bf16,114.4300,16.0393,98.3908,7135,ok
512,192,128,grid,bf16,113.9900,14.9153,99.0747,1787,ok
257,32,16,grid,bf16,113.5800,14.5613,99.0187,638,ok
2048,64,1536,grid,bf16,116.4900,18.7755,97.7145,29159,ok
46,9,275,random,bf16,113.7100,15.2286,98.4814,1283,ok
192,1,96,grid,bf16,115.7000,15.0114,100.6886,573,ok
2525,6836,7,random,bf16,149.8700,51.6786,98.1914,156977,ok
96,1024,127,grid,bf16,113.3000,16.5654,96.7346,3823,ok
16,2,1536,grid,bf16,113.5090,15.9127,97.5963,4775,ok
1,259,1799,random,bf16,115.2310,18.1350,97.0960,17234,ok
5059,4704,3636,random,bf16,890.3500,780.1991,110.1509,5838192,ok
27,2,81,random,bf16,113.8400,15.0764,98.7636,408,ok
1024,128,512,grid,bf16,114.9910,16.1256,98.8654,5623,ok
96,2,1,grid,bf16,110.6900,13.0467,97.6433,477,ok
192,8,32,grid,bf16,116.1110,15.0086,101.1024,573,ok
4,2,384,grid,bf16,111.3100,14.7341,96.5758,1157,ok
129,129,384,grid,bf16,113.2900,15.5403,97.7497,3065,ok
8,3960,27,random,bf16,113.0300,15.1776,97.8523,12089,ok
5,6,429,random,bf16,114.6600,14.6929,99.9671,1547,ok
16,513,16,fat,bf16,112.2000,14.4295,97.7705,1989,ok
384,384,96,grid,bf16,113.8400,15.4351,98.4049,2297,ok
1,248,14,random,bf16,112.6500,16.9720,95.6780,765,ok
778,114,8036,random,bf16,121.6200,23.1782,98.4418,73079,ok
102,6844,6637,random,bf16,153.7800,54.4557,99.3243,1359071,ok
49,4,219,random,bf16,111.0200,15.6854,95.3346,861,ok
1,2,7368,random,bf16,108.7310,19.1578,89.5732,22213,ok
1536,128,64,grid,bf16,110.4400,16.3006,94.1394,1917,ok
4,127,768,grid,bf16,110.6200,15.1763,95.4437,2315,ok
1316,8029,62,random,bf16,133.5800,37.2081,96.3719,106973,ok
4096,127,1024,grid,bf16,116.4900,19.3032,97.1868,35823,ok
639,512,64,thinK,bf16,113.4900,16.4027,97.0873,4083,ok
14,4649,5618,random,bf16,126.0799,32.0718,94.0082,644687,ok
1,1,1151,deepK,bf16,109.8900,19.2537,90.6363,3446,ok
16,2,1024,grid,bf16,109.0200,13.6461,95.3740,3183,ok
5,192,14,random,bf16,110.9400,15.2230,95.7171,773,ok
384,96,127,grid,bf16,110.2700,15.3496,94.9203,765,ok
2,1,4531,random,bf16,110.8689,16.9510,93.9180,13823,ok
96,4096,16,grid,bf16,112.0000,14.6744,97.3256,15295,ok
16,383,64,wide_output,bf16,112.0200,15.0764,96.9436,1193,ok
1,7,55,random,bf16,107.0290,13.4181,93.6109,382,ok
8,513,8,fat,bf16,112.2200,14.8789,97.3411,1949,ok
96,8,4096,grid,bf16,110.3910,14.3350,96.0560,15295,ok
96,2,256,grid,bf16,110.5600,13.9898,96.5703,955,ok
1,289,128,gemv_wideN,bf16,109.9800,14.5316,95.4484,1148,ok
892,114,3,random,bf16,110.5000,16.0841,94.4158,1273,ok
96,384,32,grid,bf16,111.5500,14.5348,97.0152,1433,ok
4,96,2,grid,bf16,111.4400,15.6495,95.7905,385,ok
2,1,1693,random,bf16,111.7200,16.7805,94.9395,5375,ok
96,96,2048,grid,bf16,112.7700,15.4410,97.3290,7647,ok
2,32,256,grid,bf16,113.6900,14.1939,99.4960,767,ok
21,7,10,random,bf16,110.9500,15.2527,95.6973,402,ok
1032,128,128,tall,bf16,109.2300,15.2430,93.9870,1413,ok
64,608,64,fat,bf16,112.2000,14.3642,97.8359,2229,ok
192,1536,384,grid,bf16,111.0900,21.2220,89.8680,20663,ok
1,320,8,gemv_wideN,bf16,110.2900,15.8907,94.3993,1148,ok
128,129,192,grid,bf16,110.9100,15.1608,95.7491,2039,ok
768,1536,1536,grid,bf16,125.1800,30.8199,94.3601,165599,ok
128,1151,64,wide_output,bf16,110.9300,17.4650,93.4650,4589,ok
129,16,2048,grid,bf16,111.0310,15.3313,95.6997,8175,ok
1,352,1,fat,bf16,109.1200,13.5035,95.6166,1148,ok
1475,146,19,random,bf16,113.3300,14.2399,99.0901,3713,ok
8,8,64,grid,bf16,108.9200,13.4499,95.4701,389,ok
128,128,4223,deepK,bf16,113.0700,18.7956,94.2744,16829,ok
2,2048,1024,grid,bf16,111.2300,15.7902,95.4398,49151,ok
7068,12,398,random,bf16,111.4300,17.2461,94.1839,29799,ok
128,128,8200,deepK,bf16,114.5200,17.4820,97.0380,33149,ok
2056,256,256,tall,bf16,112.5300,16.2549,96.2751,9751,ok
2,128,8,grid,bf16,110.9100,17.1626,93.7474,383,ok
128,257,1536,grid,bf16,111.0701,17.3575,93.7126,18359,ok
257,361,1,random,bf16,110.4700,15.9005,94.5695,1916,ok
128,512,1024,grid,bf16,110.4300,15.8140,94.6161,16319,ok
6,3,422,random,bf16,109.6200,14.4612,95.1589,1551,ok
4,4,127,grid,bf16,110.9500,14.8799,96.0701,385,ok
64,32,512,grid,bf16,111.3300,15.5015,95.8285,1783,ok
256,2,96,grid,bf16,109.6600,16.2396,93.4203,637,ok
128,256,512,grid,bf16,109.8400,15.1789,94.6611,4079,ok
256,256,1032,deepK,bf16,113.7510,18.3057,95.4453,11483,ok
4096,128,192,grid,bf16,111.8700,17.1065,94.7635,8955,ok
2048,768,128,grid,bf16,115.6800,19.4038,96.2762,14579,ok
512,16,192,grid,bf16,111.5300,15.8975,95.6325,1787,ok
2,768,1,grid,bf16,109.9090,14.9511,94.9579,2303,ok
16,289,16,fat,bf16,110.0000,14.0529,95.9471,1193,ok
16,16,4104,deepK,bf16,111.0000,16.1729,94.8271,13133,ok
257,1536,768,grid,bf16,115.0700,19.9113,95.1587,46007,ok
257,768,384,grid,bf16,113.6000,18.9858,94.6141,11501,ok
768,4,1536,grid,bf16,109.8490,15.7761,94.0729,13799,ok
256,192,127,grid,bf16,110.1400,14.5903,95.5497,1275,ok
4104,64,64,tall,bf16,112.2100,16.1999,96.0101,4485,ok
24,29,1,random,bf16,108.3500,13.4924,94.8576,405,ok
192,129,4096,grid,bf16,113.8200,15.7025,98.1175,36735,ok
1,768,1,grid,bf16,108.4000,14.3656,94.0344,2297,ok
1,1057,128,gemv_wideN,bf16,112.2100,17.7396,94.4704,3446,ok
2,8,1024,grid,bf16,108.8600,14.9667,93.8933,3071,ok
512,127,257,grid,bf16,110.7800,15.8401,94.9399,2681,ok
96,192,16,grid,bf16,110.2000,16.6263,93.5736,955,ok
129,256,96,grid,bf16,112.4300,15.6869,96.7431,1021,ok
4096,8,127,grid,bf16,110.5100,17.2680,93.2420,4477,ok
1536,512,4096,grid,bf16,138.2700,41.6860,96.5841,245503,ok
114,7,2,random,bf16,111.8800,15.1864,96.6936,495,ok
129,8,2,grid,bf16,110.5700,14.6105,95.9595,510,ok
127,512,8,grid,bf16,111.2390,15.5743,95.6647,2035,ok
1,576,256,gemv_wideN,bf16,111.0000,17.6692,93.3309,3829,ok
8,4160,8,fat,bf16,109.4801,15.2069,94.2732,12869,ok
2301,3,335,random,bf16,111.9500,15.0086,96.9414,8048,ok
4,96,32,grid,bf16,111.3200,14.5984,96.7216,385,ok
8319,8192,64,thinK,bf16,244.2710,148.7998,95.4712,556863,ok
1536,96,64,grid,bf16,111.3200,15.6998,95.6202,1917,ok
50,5,617,random,bf16,110.0600,14.6905,95.3695,2159,ok
127,192,2048,grid,bf16,112.4200,16.6394,95.7806,16287,ok
4,192,2048,grid,bf16,114.6500,15.5553,99.0947,12351,ok
57,6,348,random,bf16,110.0700,16.4294,93.6406,1316,ok
512,1,4096,grid,bf16,116.4110,21.8193,94.5917,28607,ok
1024,384,256,grid,bf16,113.3400,17.0129,96.3271,8435,ok
768,512,2048,grid,bf16,117.3510,22.0169,95.3341,73599,ok
2599,7,18,random,bf16,113.4700,14.8429,98.6271,2980,ok
520,64,64,tall,bf16,111.2000,15.9727,95.2273,901,ok
73,20,930,random,bf16,110.6900,15.8763,94.8137,3639,ok
512,128,2,grid,bf16,110.8200,15.0360,95.7840,893,ok
384,7920,3876,random,bf16,213.5800,117.3068,96.2732,1472251,ok
145,4,87,random,bf16,110.3710,15.6675,94.7035,526,ok
1024,16,8,grid,bf16,110.4400,15.2989,95.1410,1405,ok
4097,256,256,tall,bf16,113.7200,19.1836,94.5365,17915,ok
1,4129,64,wide_output,bf16,111.4400,17.4468,93.9932,12638,ok
4,1,1024,grid,bf16,110.0600,15.9063,94.1537,3087,ok
192,384,8,grid,bf16,111.2290,15.6834,95.5456,1721,ok
2048,64,256,grid,bf16,111.7200,18.4230,93.2970,4859,ok
2048,32,4096,grid,bf16,114.1000,19.8486,94.2514,77759,ok
127,127,1024,grid,bf16,111.7300,15.9231,95.8068,4071,ok
10,4,116,random,bf16,111.0900,14.3237,96.7663,391,ok
96,4,512,grid,bf16,110.0800,13.8527,96.2273,1911,ok
4096,257,2048,grid,bf16,130.1600,35.7051,94.4548,214943,ok
257,4,1,grid,bf16,109.1690,15.3362,93.8328,638,ok
1024,8,384,grid,bf16,110.3400,15.5044,94.8356,4217,ok
3,45,410,random,bf16,111.6600,16.4351,95.2249,1539,ok
64,512,2048,grid,bf16,113.2110,16.7752,96.4358,28543,ok
512,96,16,grid,bf16,110.9500,14.7391,96.2108,893,ok
4,512,4096,grid,bf16,112.3600,15.7853,96.5746,49407,ok
431,5045,4,random,bf16,115.2290,21.2235,94.0055,32519,ok
384,127,512,grid,bf16,110.5600,15.6008,94.9592,3063,ok
1,384,4,grid,bf16,111.1600,16.1184,95.0416,1148,ok
1,128,128,grid,bf16,109.4600,17.9903,91.4698,382,ok
4129,4096,64,thinK,bf16,146.6400,50.9357,95.7043,144351,ok
2048,96,2,grid,bf16,112.7400,17.2594,95.4806,2429,ok
171,109,2346,random,bf16,112.0600,16.3734,95.6866,10506,ok
4096,2048,16,grid,bf16,129.0900,32.8288,96.2612,71647,ok
1,1220,1671,random,bf16,115.9290,21.6533,94.2757,53619,ok
129,384,1536,grid,bf16,111.8200,16.8308,94.9892,18395,ok
127,192,1,grid,bf16,108.2100,14.3732,93.8368,1017,ok
138,57,265,random,bf16,109.2200,16.4174,92.8027,1559,ok
384,1536,384,grid,bf16,114.0200,19.6414,94.3786,27575,ok
1,512,4096,grid,bf16,117.7900,22.1548,95.6352,49023,ok
128,128,264,deepK,bf16,110.7200,16.4133,94.3067,1529,ok
96,127,4,grid,bf16,110.5300,16.2057,94.3243,477,ok
8,1,96,grid,bf16,108.5000,15.6926,92.8073,389,ok
1024,4,256,grid,bf16,109.5200,15.1850,94.3350,2811,ok
768,127,257,grid,bf16,109.8600,15.4287,94.4313,3449,ok
2,96,8,grid,bf16,109.0600,15.1292,93.9309,383,ok
1024,1024,768,grid,bf16,118.1200,23.1681,94.9519,67487,ok
384,256,2,grid,bf16,113.4100,14.9390,98.4710,1531,ok
192,384,2048,grid,bf16,113.2490,17.9948,95.2542,27551,ok
4,7580,3663,random,bf16,129.7800,29.3935,100.3866,671639,ok
128,129,4096,grid,bf16,110.8800,15.7851,95.0949,32639,ok
192,64,257,grid,bf16,110.9700,18.4431,92.5269,1721,ok
1,513,256,gemv_wideN,bf16,110.5800,18.6395,91.9405,3829,ok
1,2383,20,random,bf16,109.4100,16.9219,92.4881,7276,ok
64,4192,64,fat,bf16,111.8600,18.2442,93.6158,14717,ok
1174,6,4,random,bf16,110.8300,14.9494,95.8806,1555,ok
35,335,36,random,bf16,112.1200,15.4233,96.6967,1250,ok
16,1088,64,wide_output,bf16,111.0110,14.3693,96.6417,3581,ok
4,227,10,random,bf16,111.3800,15.5819,95.7981,771,ok
512,512,2,grid,bf16,110.3700,16.5347,93.8353,3575,ok
8,32,256,grid,bf16,109.9800,15.8406,94.1394,779,ok
8151,1728,764,random,bf16,200.2700,102.6413,97.6287,716771,ok
127,128,8,grid,bf16,112.0200,15.3769,96.6431,508,ok
127,128,128,grid,bf16,112.4900,16.5580,95.9320,508,ok
128,96,8,grid,bf16,111.7490,16.0403,95.7087,509,ok
2048,8,32,grid,bf16,109.8700,17.4954,92.3745,2429,ok
64,8,1536,grid,bf16,110.4510,15.3523,95.0987,5351,ok
32,2,1536,grid,bf16,109.7310,14.4617,95.2693,4967,ok
192,768,64,grid,bf16,112.3400,17.1658,95.1742,3443,ok
1,8225,8,gemv_wideN,bf16,109.0700,16.0057,93.0643,24894,ok
6102,74,5273,random,bf16,136.6000,40.5055,96.0945,272327,ok
23,3,251,random,bf16,110.4000,16.8929,93.5071,809,ok
257,1024,128,grid,bf16,111.3200,19.3891,91.9309,5111,ok
256,2,4,grid,bf16,110.7400,15.9218,94.8182,637,ok
4096,8,2,grid,bf16,110.4890,15.8042,94.6848,4477,ok
8,1032,8,fat,bf16,112.0800,16.2701,95.8099,3509,ok
1536,8,257,grid,bf16,108.5700,15.6904,92.8796,5753,ok
1,1,8,random,bf16,109.2490,16.1431,93.1059,382,ok
608,128,128,tall,bf16,111.3510,15.8443,95.5067,989,ok
1,128,257,grid,bf16,110.8310,16.8814,93.9496,1148,ok
16,576,16,fat,bf16,109.3090,15.8151,93.4939,1989,ok
383,256,256,tall,bf16,112.2700,15.9659,96.3041,3059,ok
384,512,1536,grid,bf16,113.7400,17.6353,96.1047,36767,ok
4096,257,768,grid,bf16,119.7100,25.3015,94.4085,80603,ok
192,96,129,grid,bf16,111.8300,15.5681,96.2619,1147,ok
128,129,1536,grid,bf16,113.0500,17.0017,96.0484,12239,ok
384,127,2048,grid,bf16,112.0800,16.5806,95.4994,12255,ok
256,1024,127,grid,bf16,110.6400,16.4404,94.1997,5103,ok
41,20,11,random,bf16,109.5400,16.6611,92.8789,422,ok
16,1,4,grid,bf16,108.1100,17.1124,90.9976,397,ok
1536,384,256,grid,bf16,116.2500,18.3264,97.9235,11507,ok
128,513,64,wide_output,bf16,109.6300,15.7499,93.8801,2549,ok
2048,4096,2,grid,bf16,128.9400,37.2912,91.6488,77759,ok
2,16,32,grid,bf16,109.7600,14.9471,94.8129,383,ok
384,129,8,grid,bf16,111.7290,15.5880,96.1411,1531,ok
1536,1024,2,grid,bf16,113.5000,19.8370,93.6630,15343,ok
256,128,2048,grid,bf16,110.2700,17.7299,92.5402,10207,ok
4096,16,192,grid,bf16,110.7890,16.0361,94.7529,8955,ok
2,370,387,random,bf16,109.5900,15.5753,94.0147,4607,ok
4129,1,1,tall,bf16,108.9500,17.4716,91.4785,4510,ok
1,450,64,random,bf16,107.4510,20.9280,86.5230,1531,ok
212,379,198,random,bf16,112.0110,15.7774,96.2337,3563,ok
256,384,4,grid,bf16,111.2710,15.4720,95.7990,1913,ok
127,96,2048,grid,bf16,110.4700,16.8849,93.5852,8143,ok
250,138,379,random,bf16,110.8900,16.4183,94.4717,3791,ok
113,7,37,random,bf16,111.1800,14.4538,96.7261,494,ok
129,1024,16,grid,bf16,110.2200,16.0438,94.1763,4087,ok
598,677,7613,random,bf16,138.6000,45.5237,93.0763,352799,ok
7,50,25,random,bf16,109.3000,15.5092,93.7909,388,ok
8,8,4160,deepK,bf16,111.2700,16.6835,94.5864,12869,ok
64,2048,2,grid,bf16,110.2700,15.5180,94.7521,7135,ok
2268,89,1261,random,bf16,112.0510,22.8224,89.2287,26499,ok
1536,1536,1,grid,bf16,122.9300,22.2116,100.7184,23015,ok
1,64,1,grid,bf16,108.5700,13.0756,95.4944,382,ok
64,2,4096,grid,bf16,109.1000,16.5107,92.5893,14271,ok
1,768,257,grid,bf16,109.5900,18.6772,90.9128,6893,ok
4096,16,2048,grid,bf16,112.8800,21.5005,91.3795,71647,ok
16,129,1024,grid,bf16,109.3500,16.0720,93.2779,6367,ok
2048,1536,384,grid,bf16,121.3090,27.9047,93.4044,87479,ok
4096,1024,1536,grid,bf16,164.2500,69.2795,94.9705,429887,ok
256,127,1536,grid,bf16,109.8400,17.2958,92.5442,7655,ok
2419,88,17,random,bf16,111.3000,16.4952,94.8047,2800,ok
1,8256,8,gemv_wideN,bf16,110.2500,16.3593,93.8907,24894,ok
167,167,1145,random,bf16,110.3200,15.7586,94.5614,9881,ok
1024,127,768,grid,bf16,111.4500,17.2710,94.1790,8435,ok
4096,4096,8,grid,bf16,143.8900,49.8050,94.0850,143295,ok
51,3764,20,random,bf16,109.7910,16.1569,93.6341,12989,ok
340,38,3118,random,bf16,110.6400,19.5030,91.1370,18049,ok
127,32,96,grid,bf16,112.9800,15.1389,97.8410,508,ok
8,8,4,grid,bf16,108.9500,14.9635,93.9866,389,ok
2048,192,64,grid,bf16,110.6800,17.2730,93.4070,4859,ok
384,256,256,grid,bf16,113.0000,15.3308,97.6692,3063,ok
25,756,2518,random,bf16,111.1900,17.2093,93.9807,48839,ok
2101,129,500,random,bf16,111.9400,18.9925,92.9475,19863,ok
256,256,2175,deepK,bf16,112.8700,17.8916,94.9784,21691,ok
1,513,8,gemv_wideN,bf16,108.5600,16.2680,92.2920,1914,ok
64,384,8,grid,bf16,110.1800,14.3811,95.7989,1337,ok
64,192,2048,grid,bf16,110.4100,16.4382,93.9718,14271,ok
1536,127,96,grid,bf16,110.7400,15.5025,95.2374,1917,ok
1024,96,2048,grid,bf16,112.9000,19.8283,93.0717,22495,ok
82,55,242,random,bf16,110.8600,15.2022,95.6578,927,ok
1,6,20,random,bf16,107.7900,14.0077,93.7823,382,ok
4129,64,64,tall,bf16,110.5300,18.5088,92.0212,4510,ok
384,1024,32,grid,bf16,111.0800,16.6637,94.4163,6127,ok
256,4096,8,grid,bf16,113.1400,18.8553,94.2846,20415,ok
13,38,1,random,bf16,107.7600,14.1446,93.6154,394,ok
768,32,512,grid,bf16,111.2000,15.7373,95.4627,4599,ok
512,129,1536,grid,bf16,110.3600,16.5994,93.7606,21455,ok
192,4096,4,grid,bf16,113.3710,18.5280,94.8430,18367,ok
192,4096,1,grid,bf16,112.3100,18.9463,93.3637,18367,ok
64,384,768,grid,bf16,110.2300,16.0045,94.2255,8027,ok
2202,100,2,random,bf16,114.3900,17.6159,96.7740,2583,ok
192,1024,768,grid,bf16,112.2500,17.6032,94.6468,27551,ok
256,256,4,grid,bf16,111.7600,16.8477,94.9123,1275,ok
128,352,128,fat,bf16,109.4500,18.2335,91.2165,1529,ok
768,384,16,grid,bf16,110.2400,17.0281,93.2119,3449,ok
512,257,1,grid,bf16,112.0800,19.2287,92.8513,2681,ok
128,32,96,grid,bf16,107.4800,17.6673,89.8127,509,ok
257,256,96,grid,bf16,111.0800,16.2005,94.8795,1277,ok
7,6,433,random,bf16,110.2700,17.5406,92.7294,1555,ok
192,256,127,grid,bf16,109.2000,15.5284,93.6716,1147,ok
5810,36,241,random,bf16,111.0300,16.8863,94.1437,12383,ok
3,30,933,random,bf16,110.1400,14.6767,95.4633,3079,ok
8,1,31,random,bf16,106.7400,14.8213,91.9187,389,ok
256,8225,64,wide_output,bf16,115.8800,22.6793,93.2008,41469,ok
96,768,768,grid,bf16,109.7600,17.1735,92.5865,17207,ok
127,16,129,grid,bf16,109.4910,15.2919,94.1991,1017,ok
129,384,192,grid,bf16,110.4900,14.9173,95.5728,3065,ok
11,7,4848,random,bf16,111.2100,19.5984,91.6116,14933,ok
3,29,2114,random,bf16,110.1800,15.1751,95.0049,6544,ok
4129,256,256,tall,bf16,114.2100,18.2257,95.9843,18043,ok
512,4,64,grid,bf16,108.8800,16.6293,92.2507,893,ok
16,16,4097,deepK,bf16,110.2100,15.8608,94.3492,13133,ok
2056,16,16,tall,bf16,111.4600,18.5069,92.9531,2437,ok
4096,1,8,grid,bf16,110.8600,17.9630,92.8970,4477,ok
512,512,4,grid,bf16,109.8100,16.1124,93.6976,3575,ok
16,2,2,grid,bf16,111.7600,16.2420,95.5180,397,ok
4096,2,1536,grid,bf16,113.9600,18.9315,95.0285,53735,ok
127,2048,127,grid,bf16,111.0000,16.1335,94.8666,8143,ok
192,1536,4096,grid,bf16,119.9800,27.6435,92.3365,220415,ok
4096,8,96,grid,bf16,110.4300,15.3803,95.0497,4477,ok
13,10,38,random,bf16,109.5691,16.1902,93.3789,394,ok
768,192,129,grid,bf16,111.3600,15.7420,95.6179,4599,ok
1536,256,1024,grid,bf16,113.7200,19.6090,94.1109,30687,ok
129,127,256,grid,bf16,110.1700,15.1466,95.0233,1021,ok
256,256,4192,deepK,bf16,113.0100,19.0168,93.9932,42107,ok
1,257,1536,grid,bf16,120.7400,21.3694,99.3706,13787,ok
1024,16,2048,grid,bf16,112.1400,16.8670,95.2729,22495,ok
4096,96,384,grid,bf16,112.7500,17.6056,95.1444,13433,ok
4096,2,32,grid,bf16,109.2200,15.5289,93.6911,4477,ok
96,257,192,grid,bf16,110.3000,15.5187,94.7813,2867,ok
9,2,3,random,bf16,109.2600,15.0574,94.2026,390,ok
128,1151,128,fat,bf16,109.3600,15.0240,94.3359,4589,ok
2470,1028,44,random,bf16,116.9300,22.0842,94.8458,25667,ok
2048,64,127,grid,bf16,112.4800,16.5656,95.9144,2429,ok
379,30,175,random,bf16,110.8900,15.1810,95.7091,1521,ok
32,1,1536,grid,bf16,111.6500,17.0719,94.5781,4967,ok
16,64,2048,grid,bf16,109.2200,15.2615,93.9584,6367,ok
101,4,10,random,bf16,109.7100,16.3390,93.3710,482,ok
2,127,256,grid,bf16,109.3490,16.6356,92.7134,767,ok
128,320,128,fat,bf16,110.0800,16.0790,94.0010,1529,ok
16,16,8288,deepK,bf16,111.1310,17.0627,94.0683,25869,ok
768,257,257,grid,bf16,111.9500,15.8216,96.1284,10349,ok
1024,512,16,grid,bf16,112.2000,16.3396,95.8603,5623,ok
377,1,4,random,bf16,109.2600,17.0558,92.2041,758,ok
2048,512,2,grid,bf16,113.6200,19.5344,94.0855,9719,ok
192,256,512,grid,bf16,108.9690,14.9549,94.0141,4591,ok
129,64,96,grid,bf16,109.2400,15.2682,93.9718,510,ok
41,248,33,random,bf16,108.1500,16.1108,92.0392,845,ok
256,129,257,grid,bf16,109.6300,15.9204,93.7096,3827,ok
257,96,64,grid,bf16,111.4800,15.6417,95.8383,638,ok
127,768,96,grid,bf16,110.5700,19.0858,91.4842,3053,ok
2,2048,4,grid,bf16,109.9100,15.8442,94.0658,6143,ok
1,4,2,random,bf16,108.5400,16.5419,91.9981,382,ok
127,128,768,grid,bf16,110.6500,16.0864,94.5635,3053,ok
4096,1536,2,grid,bf16,121.8200,29.3470,92.4730,53735,ok
16,96,192,grid,bf16,108.2900,15.0343,93.2557,795,ok
1536,129,192,grid,bf16,110.6700,16.8179,93.8521,7671,ok
11,8,3,random,bf16,110.0500,15.6614,94.3885,392,ok
2,128,128,grid,bf16,110.4400,16.0681,94.3719,383,ok
1,8225,64,wide_output,bf16,111.2800,18.5354,92.7446,24894,ok
2,129,2048,grid,bf16,108.0900,15.1807,92.9093,12287,ok
512,257,128,grid,bf16,112.2900,16.7117,95.5783,2681,ok
3591,2,2169,random,bf16,115.1800,21.5740,93.6059,67540,ok
257,256,4096,grid,bf16,111.8000,19.5834,92.2166,40895,ok
512,16,16,grid,bf16,111.0700,16.1596,94.9104,893,ok
8,127,127,grid,bf16,110.1900,14.3041,95.8859,389,ok
8,4,2048,grid,bf16,109.0100,14.1056,94.9044,6239,ok
768,2048,96,grid,bf16,114.0300,19.8432,94.1867,18399,ok
1482,107,1186,random,bf16,113.9510,19.2292,94.7218,18639,ok
64,8319,64,fat,bf16,111.6800,18.4729,93.2070,28989,ok
64,8,32,grid,bf16,109.7700,15.4337,94.3363,445,ok
1,576,16,gemv_wideN,bf16,107.8600,16.5828,91.2771,1914,ok
128,520,64,wide_output,bf16,112.1100,16.1867,95.9233,2549,ok
192,2048,128,grid,bf16,110.2600,16.3962,93.8638,9183,ok
1024,8,127,grid,bf16,109.8000,16.0324,93.7675,1405,ok
4096,4096,1024,grid,bf16,248.8310,154.7329,94.0981,1146367,ok
192,16,1024,grid,bf16,109.7600,15.2810,94.4791,4591,ok
4,128,4096,grid,bf16,113.0600,15.8618,97.1982,12351,ok
96,1,192,grid,bf16,111.5800,18.9830,92.5971,955,ok
5784,3439,1,random,bf16,150.3600,56.7973,93.5627,166481,ok
71,42,73,random,bf16,108.7700,14.9512,93.8188,452,ok
192,1,1024,grid,bf16,111.1300,17.0656,94.0644,4591,ok
192,64,129,grid,bf16,111.2500,16.9337,94.3163,1147,ok
257,129,128,grid,bf16,109.8900,15.7389,94.1511,1277,ok
2,2048,4096,grid,bf16,114.9700,20.9329,94.0371,196607,ok
3,2873,1,random,bf16,108.1000,17.4623,90.6377,8854,ok
128,128,4104,deepK,bf16,112.5000,18.7913,93.7087,16829,ok
64,2,1,grid,bf16,108.0500,15.3791,92.6710,445,ok
64,1151,64,fat,bf16,108.2910,15.7864,92.5046,4013,ok
128,4,1024,grid,bf16,111.7600,15.9599,95.8001,4079,ok
64,8,1024,grid,bf16,109.2910,17.2837,92.0073,3567,ok
2,2,32,grid,bf16,109.7000,14.5886,95.1115,383,ok
1151,1024,64,thinK,bf16,113.6600,19.6446,94.0154,12263,ok
256,256,545,deepK,bf16,112.0000,15.8126,96.1873,6379,ok
8,768,8,grid,bf16,109.2800,16.5112,92.7688,2339,ok
64,64,520,deepK,bf16,110.3100,15.7439,94.5661,2229,ok
1,1536,512,grid,bf16,113.4300,19.1377,94.2922,18383,ok
16,1536,4,grid,bf16,112.9800,15.1893,97.7907,4775,ok
1249,1606,12,random,bf16,116.5700,22.4636,94.1065,21202,ok
192,16,16,grid,bf16,112.3300,20.4738,91.8561,573,ok
4,7,3,random,bf16,111.7990,16.7529,95.0460,385,ok
49,35,323,random,bf16,111.0910,15.4217,95.6693,1292,ok
4,257,4096,grid,bf16,108.8800,16.1713,92.7087,37055,ok
4096,32,96,grid,bf16,110.8800,19.6571,91.2230,4477,ok
127,1024,32,grid,bf16,111.4300,15.8722,95.5578,4071,ok
96,512,1536,grid,bf16,111.4500,18.5910,92.8590,22943,ok
41,6,34,random,bf16,113.9700,15.6568,98.3132,422,ok
8256,8192,64,thinK,bf16,243.5090,148.0059,95.5032,552831,ok
7,201,21,random,bf16,108.8700,15.7639,93.1061,777,ok
8,32,512,grid,bf16,110.0700,16.7101,93.3599,1559,ok
32,96,1,grid,bf16,109.1000,15.1993,93.9007,413,ok
1,1024,1,grid,bf16,109.1400,15.4153,93.7247,3063,ok
1,513,64,wide_output,bf16,108.4800,15.4386,93.0414,1914,ok
4096,2048,32,grid,bf16,127.8700,32.5803,95.2897,71647,ok
2048,127,1,grid,bf16,110.6890,18.1545,92.5345,2429,ok
74,2434,10,random,bf16,111.7190,17.2739,94.4451,9119,ok
2,768,96,grid,bf16,110.4700,16.9288,93.5412,2303,ok
1024,1536,768,grid,bf16,121.4200,27.2821,94.1379,101231,ok
97,4472,3,random,bf16,112.5990,16.6535,95.9455,16764,ok
2048,512,4096,grid,bf16,146.2400,52.4429,93.7971,311039,ok
72,38,7,random,bf16,109.2310,17.7024,91.5286,453,ok
64,4096,1536,grid,bf16,112.5200,19.2044,93.3156,171263,ok
32,127,2,grid,bf16,110.6200,14.5048,96.1152,413,ok
8,1,2,grid,bf16,109.2510,15.9615,93.2895,389,ok
4,2048,512,grid,bf16,109.9200,14.6831,95.2369,24703,ok
1,4,225,random,bf16,109.7400,15.9320,93.8080,765,ok
6358,7,164,random,bf16,111.2200,16.0731,95.1469,13479,ok
4198,95,1993,random,bf16,118.4100,25.6069,92.8031,73279,ok
127,2,384,grid,bf16,108.6000,15.5068,93.0932,1526,ok
16,2,192,grid,bf16,111.8800,15.3766,96.5035,795,ok
8,520,64,wide_output,bf16,110.5100,16.1150,94.3950,1949,ok
256,1151,256,fat,bf16,112.5500,16.6188,95.9312,11483,ok
119,452,28,random,bf16,109.7100,16.1915,93.5186,2003,ok
128,2144,64,wide_output,bf16,110.3700,16.3622,94.0078,8669,ok
512,384,64,grid,bf16,109.9000,16.5368,93.3632,2681,ok
129,384,257,grid,bf16,108.3700,16.9792,91.3907,4598,ok
512,1024,192,grid,bf16,110.8500,16.9217,93.9283,14303,ok
1024,257,512,grid,bf16,112.0800,17.3039,94.7761,16871,ok
192,768,1024,grid,bf16,110.0100,16.9333,93.0766,27551,ok
584,2,3,random,bf16,110.1000,15.3033,94.7967,965,ok
384,512,2048,grid,bf16,113.4400,18.4674,94.9727,49023,ok
1024,16,96,grid,bf16,108.8800,15.2696,93.6104,1405,ok
1536,129,8,grid,bf16,112.8600,15.4264,97.4336,3835,ok
1,1024,128,gemv_wideN,bf16,107.5500,15.9223,91.6277,3063,ok
4096,127,64,grid,bf16,109.5300,18.1925,91.3375,4477,ok
96,4096,1536,grid,bf16,114.5690,20.4938,94.0752,183551,ok
64,128,96,grid,bf16,108.6700,15.4876,93.1823,445,ok
257,127,384,grid,bf16,108.2000,17.5655,90.6345,1916,ok
29,6514,316,random,bf16,111.2600,20.3656,90.8944,62882,ok
768,384,4096,grid,bf16,120.0900,26.5796,93.5104,110399,ok
15,4159,924,random,bf16,110.3700,17.0418,93.3282,104807,ok
1,768,384,grid,bf16,111.0400,19.6186,91.4214,6893,ok
1,1024,768,grid,bf16,110.2000,18.7231,91.4769,18383,ok
1,127,96,grid,bf16,106.2600,14.6299,91.6301,382,ok
32,384,384,grid,bf16,108.3500,16.7099,91.6401,3725,ok
8,4,8,grid,bf16,108.4800,13.9054,94.5746,389,ok
4,8,4,grid,bf16,109.0300,15.4165,93.6134,385,ok
96,8,16,grid,bf16,108.1900,15.5520,92.6380,477,ok
512,1024,2048,grid,bf16,119.4199,24.9019,94.5180,114431,ok
4096,129,1,grid,bf16,112.4500,18.2568,94.1932,8955,ok
256,192,1024,grid,bf16,111.6500,15.9993,95.6507,10207,ok
566,39,3097,random,bf16,110.1600,16.2597,93.9004,23699,ok
4,768,2,grid,bf16,110.2900,14.5424,95.7477,2315,ok
25,52,52,random,bf16,109.6000,16.5162,93.0838,406,ok
4,8,384,grid,bf16,107.3700,15.2689,92.1011,1157,ok
2048,1024,4096,grid,bf16,178.3600,83.8855,94.4745,622079,ok
2112,8,8,tall,bf16,108.4600,15.8282,92.6317,2493,ok
129,128,1536,grid,bf16,110.5600,18.1875,92.3725,6131,ok
32,192,1,grid,bf16,107.0000,16.6517,90.3483,827,ok
1,129,257,grid,bf16,107.7200,17.0955,90.6246,2297,ok
2,73,144,random,bf16,110.7100,15.4225,95.2875,767,ok
512,32,1,grid,bf16,110.3900,14.5157,95.8743,893,ok
127,1536,127,grid,bf16,109.3600,16.1137,93.2463,6107,ok
192,4,192,grid,bf16,108.8100,15.3902,93.4198,1147,ok
2,3448,4790,random,bf16,119.3300,24.6929,94.6371,393983,ok
8,1057,8,fat,bf16,108.8700,15.0780,93.7921,3509,ok
768,4096,96,grid,bf16,119.0100,23.1441,95.8658,36799,ok
32,768,1,grid,bf16,109.4700,15.4999,93.9701,2483,ok
64,8,512,grid,bf16,110.6300,14.4448,96.1852,1783,ok
11,68,1129,random,bf16,108.3600,18.2657,90.0943,3536,ok
513,16,16,tall,bf16,109.2800,14.9751,94.3049,894,ok
384,768,127,grid,bf16,108.9300,15.8864,93.0435,4595,ok
4,32,192,grid,bf16,108.3400,16.6821,91.6579,771,ok
8,8200,8,fat,bf16,108.1000,14.9856,93.1143,25349,ok
2,1609,3007,random,bf16,110.6500,18.0031,92.6469,119807,ok
384,2048,16,grid,bf16,111.7700,17.5344,94.2356,12255,ok
256,264,64,wide_output,bf16,108.6400,16.5981,92.0419,1913,ok
768,129,128,grid,bf16,108.1910,16.1646,92.0264,2299,ok
1,1,1024,grid,bf16,108.3700,17.6000,90.7700,3063,ok
1536,384,257,grid,bf16,112.5600,18.5456,94.0144,17261,ok
1024,1024,1536,grid,bf16,123.1300,32.9358,90.1942,134975,ok
1,32,512,grid,bf16,110.6500,17.8286,92.8214,1531,ok
16,16,608,deepK,bf16,106.5200,15.6057,90.9143,1989,ok
1,1,2048,grid,bf16,110.3000,15.0784,95.2215,6127,ok
8192,8192,64,thinK,bf16,238.8800,141.8300,97.0500,548735,ok
128,129,768,grid,bf16,109.8600,16.3800,93.4800,6119,ok
768,256,1536,grid,bf16,112.0600,18.5847,93.4753,27599,ok
128,2,192,grid,bf16,108.4700,15.4603,93.0097,1019,ok
1,34,1371,random,bf16,109.3700,16.0085,93.3615,4212,ok
4,384,257,grid,bf16,108.0600,15.9731,92.0869,3473,ok
1088,1024,64,thinK,bf16,113.6900,18.2676,95.4224,11759,ok
2,127,128,grid,bf16,107.1710,14.3946,92.7765,383,ok
512,128,128,grid,bf16,106.6600,15.5385,91.1215,893,ok
257,2,64,grid,bf16,108.5400,16.4082,92.1318,638,ok
8,4096,2048,grid,bf16,111.9800,18.4132,93.5668,199679,ok
128,128,4192,deepK,bf16,111.6300,17.5572,94.0727,16829,ok
3427,16,28,random,bf16,109.2000,15.2101,93.9899,3808,ok
4096,32,129,grid,bf16,110.7900,16.3733,94.4166,8955,ok
2811,2,1,random,bf16,110.4300,16.0692,94.3608,3192,ok
1,2048,127,grid,bf16,109.3100,14.8094,94.5006,6127,ok
143,126,603,random,bf16,109.1100,15.3296,93.7804,2624,ok
64,96,64,grid,bf16,109.1000,16.6302,92.4697,445,ok
64,768,1536,grid,bf16,109.3600,17.9989,91.3611,32111,ok
192,768,4096,grid,bf16,115.5800,21.0045,94.5755,110207,ok
1,608,256,gemv_wideN,bf16,108.9800,19.2417,89.7383,3829,ok
1,1,4,grid,bf16,108.5600,14.4304,94.1297,382,ok
1536,512,16,grid,bf16,112.0900,17.7305,94.3595,7671,ok
384,257,768,grid,bf16,107.8700,16.1929,91.6772,13787,ok
257,129,2048,grid,bf16,110.3900,17.7514,92.6386,20447,ok
192,192,2048,grid,bf16,111.1600,18.2505,92.9095,18367,ok
256,257,129,grid,bf16,110.1200,18.4478,91.6723,3827,ok
129,16,257,grid,bf16,108.5600,15.1993,93.3607,1532,ok
8,8,512,grid,bf16,109.2000,16.6251,92.5749,1559,ok
1024,16,192,grid,bf16,109.3900,18.0538,91.3362,2811,ok
29,136,1242,random,bf16,108.7000,18.9311,89.7689,8219,ok
1,8192,256,gemv_wideN,bf16,113.7300,22.3219,91.4081,49023,ok
129,16,1,grid,bf16,109.4600,16.1173,93.3428,510,ok
8,96,129,grid,bf16,109.1400,15.1387,94.0013,779,ok
1,1151,128,gemv_wideN,bf16,104.1600,14.7437,89.4163,3446,ok
1024,129,2048,grid,bf16,108.8000,16.5914,92.2085,44991,ok
746,353,3,random,bf16,105.1000,15.8937,89.2063,3383,ok
2048,8,2,grid,bf16,104.9300,14.0561,90.8739,2429,ok
128,192,64,grid,bf16,103.8500,14.1761,89.6739,1019,ok
257,512,16,grid,bf16,104.1100,14.4571,89.6528,2555,ok
1024,16,1024,grid,bf16,106.3200,13.6218,92.6982,11247,ok
128,2,768,grid,bf16,105.8600,12.7583,93.1017,3059,ok
1,365,4,random,bf16,103.4100,14.5803,88.8297,1148,ok
4096,129,64,grid,bf16,105.6600,15.8024,89.8576,8955,ok
257,512,256,grid,bf16,108.6800,15.1369,93.5431,5111,ok
768,127,2048,grid,bf16,105.7110,15.6401,90.0709,18399,ok
1024,256,32,grid,bf16,104.2900,14.6077,89.6824,2811,ok
127,16,2048,grid,bf16,108.1400,12.8163,95.3237,8143,ok
129,64,8,grid,bf16,103.4689,13.1721,90.2968,510,ok
512,256,129,grid,bf16,108.4490,15.9250,92.5240,3575,ok
16,128,8,grid,bf16,106.3600,23.2769,83.0831,397,ok
16,1151,64,wide_output,bf16,104.2200,13.2755,90.9445,3581,ok
8,8,2175,deepK,bf16,104.9200,15.6085,89.3115,6629,ok
64,8193,64,fat,bf16,108.1200,17.9599,90.1601,28989,ok
1024,4,192,grid,bf16,104.3290,13.6433,90.6857,2811,ok
9,7,15,random,bf16,104.5910,12.5880,92.0030,390,ok
384,32,1024,grid,bf16,105.0000,14.1189,90.8810,6127,ok
1,1,513,deepK,bf16,103.9300,14.9626,88.9674,1914,ok
2,64,384,grid,bf16,104.6200,13.5325,91.0875,1151,ok
520,512,64,thinK,bf16,106.2500,15.7519,90.4981,3607,ok
128,128,2175,deepK,bf16,106.6000,15.0397,91.5603,8669,ok
1536,128,384,grid,bf16,106.4400,14.4816,91.9584,5753,ok
127,256,4,grid,bf16,105.7290,14.8187,90.9103,1017,ok
64,64,4096,grid,bf16,106.6700,14.7819,91.8881,14271,ok
1024,768,2,grid,bf16,109.5700,15.5625,94.0075,8435,ok
4,512,1024,grid,bf16,104.4400,13.5998,90.8402,12351,ok
512,1,8,grid,bf16,105.3500,13.4550,91.8950,893,ok
512,128,1024,grid,bf16,104.7300,15.2406,89.4894,7151,ok
384,4,768,grid,bf16,107.7090,14.5058,93.2032,4595,ok
96,384,4,grid,bf16,107.0800,14.4193,92.6608,1433,ok
768,127,129,grid,bf16,104.4500,14.3997,90.0503,2299,ok
36,4034,60,random,bf16,105.8000,14.3206,91.4794,13375,ok
384,1024,192,grid,bf16,105.8200,15.2436,90.5764,12255,ok
96,96,768,grid,bf16,104.4100,13.5751,90.8349,2867,ok
192,96,16,grid,bf16,104.4400,12.2663,92.1737,573,ok
1536,4096,512,grid,bf16,135.1900,42.4711,92.7189,245503,ok
16,1536,256,grid,bf16,105.5000,14.3288,91.1712,9551,ok
4,894,874,random,bf16,107.2000,15.1140,92.0860,18913,ok
32,768,129,grid,bf16,103.8800,13.0354,90.8446,4967,ok
256,4097,256,fat,bf16,108.7500,15.6632,93.0868,42107,ok
1,1120,8,gemv_wideN,bf16,103.8910,12.3986,91.4924,3446,ok
1536,4,128,grid,bf16,103.6300,11.7970,91.8330,1917,ok
67,5386,53,random,bf16,104.0090,15.1850,88.8240,19306,ok
2,35,5366,random,bf16,104.8800,12.2738,92.6062,16127,ok
1536,16,128,grid,bf16,104.4000,13.3924,91.0077,1917,ok
129,257,4096,grid,bf16,111.4000,16.6447,94.7553,49055,ok
1,16,128,grid,bf16,102.5100,13.1452,89.3648,382,ok
825,23,11,random,bf16,103.9600,13.0442,90.9158,1206,ok
257,129,96,grid,bf16,105.7300,13.9926,91.7374,1277,ok
8,2,8,grid,bf16,104.9199,13.0767,91.8433,389,ok
20,4,14,random,bf16,103.9800,12.4871,91.4929,401,ok
619,3,147,random,bf16,104.7800,13.7394,91.0406,2001,ok
127,256,1024,grid,bf16,106.4700,13.1984,93.2716,8143,ok
96,192,1536,grid,bf16,108.0900,15.6452,92.4448,11471,ok
513,1,1,tall,bf16,102.8700,13.1594,89.7106,894,ok
64,64,8225,deepK,bf16,106.3200,15.1843,91.1357,28989,ok
256,4,2048,grid,bf16,106.4100,13.3892,93.0208,10207,ok
257,768,192,grid,bf16,107.5800,14.8892,92.6909,7667,ok
128,127,384,grid,bf16,103.9200,12.9899,90.9301,1529,ok
768,512,32,grid,bf16,105.5600,14.3533,91.2067,4599,ok
182,1,3,random,bf16,107.0200,15.4275,91.5925,563,ok
1,16,1024,grid,bf16,103.2200,15.2637,87.9563,3063,ok
8,364,807,random,bf16,104.3690,13.2650,91.1040,8189,ok
768,2,1024,grid,bf16,104.6300,13.6213,91.0087,9199,ok
129,2,128,grid,bf16,103.0200,15.3413,87.6787,510,ok
384,96,128,grid,bf16,103.1701,12.7526,90.4174,765,ok
4,16,768,grid,bf16,103.5700,11.9143,91.6557,2315,ok
20,2,108,random,bf16,105.3290,12.3413,92.9877,401,ok
256,383,256,fat,bf16,104.6600,14.6189,90.0411,3827,ok
92,495,44,random,bf16,103.4299,16.6549,86.7751,1895,ok
8,16,2,grid,bf16,103.6800,14.1330,89.5470,389,ok
8,8,608,deepK,bf16,105.8600,13.5369,92.3231,1949,ok
768,129,2048,grid,bf16,108.8000,15.6899,93.1101,36799,ok
2048,512,64,grid,bf16,106.6500,16.8878,89.7622,9719,ok
1,4096,1536,grid,bf16,119.1800,28.0923,91.0877,147071,ok
2008,20,4,random,bf16,104.4200,13.1758,91.2442,2389,ok
14,19,661,random,bf16,104.2200,12.6939,91.5261,2375,ok
768,96,512,grid,bf16,106.3500,14.5508,91.7992,4599,ok
4129,128,128,tall,bf16,106.7200,15.6787,91.0413,4510,ok
8,129,129,grid,bf16,104.6710,13.4319,91.2391,1559,ok
257,1024,1,grid,bf16,107.3600,15.5503,91.8097,5111,ok
165,210,40,random,bf16,105.0800,14.2058,90.8742,1093,ok
1292,801,669,random,bf16,115.2800,24.9949,90.2851,70307,ok
96,257,256,grid,bf16,106.8490,13.8699,92.9791,2867,ok
31,1,6341,random,bf16,103.9400,15.8911,88.0489,20649,ok
11,267,9,random,bf16,104.0500,12.0785,91.9716,1178,ok
4870,4067,120,random,bf16,145.7400,55.4668,90.2732,168063,ok
4911,1958,86,random,bf16,131.7600,34.2529,97.5071,84687,ok
2,4096,768,grid,bf16,106.4000,13.8006,92.5994,73727,ok
384,96,64,grid,bf16,104.9600,15.7168,89.2432,765,ok
1,639,64,wide_output,bf16,105.9490,13.8372,92.1118,1914,ok
144,582,139,random,bf16,105.6300,13.6124,92.0176,5259,ok
228,13,102,random,bf16,104.1700,14.2156,89.9544,609,ok
4096,2048,512,grid,bf16,142.4000,52.1212,90.2788,286591,ok
8,768,384,grid,bf16,109.7800,13.6944,96.0856,7019,ok
128,4096,8,grid,bf16,107.2500,15.8340,91.4160,16319,ok
96,64,96,grid,bf16,104.6000,13.4838,91.1162,477,ok
64,4,64,grid,bf16,101.8890,16.4499,85.4391,445,ok
512,2048,192,grid,bf16,108.1700,16.5878,91.5822,28607,ok
2,3,7,random,bf16,103.6800,12.0788,91.6012,383,ok
16,96,129,grid,bf16,103.8900,14.2839,89.6061,795,ok
2,1,384,grid,bf16,105.9310,16.1096,89.8215,1151,ok
30,15,10,random,bf16,105.3500,14.9308,90.4192,411,ok
4096,768,768,grid,bf16,130.6500,34.9375,95.7125,161207,ok
2,5203,113,random,bf16,104.5690,12.8387,91.7303,15743,ok
495,254,30,random,bf16,104.0200,15.3647,88.6553,1753,ok
128,512,192,grid,bf16,104.8900,13.1287,91.7613,4079,ok
256,4097,64,wide_output,bf16,107.6800,16.6449,91.0351,21053,ok
1,192,1,grid,bf16,102.4690,12.6825,89.7865,765,ok
768,257,384,grid,bf16,107.5100,14.3865,93.1236,10349,ok
1,4160,256,gemv_wideN,bf16,108.9400,20.0527,88.8873,25277,ok
2144,8,8,tall,bf16,104.2200,14.5080,89.7120,2525,ok
1120,64,64,tall,bf16,105.4700,12.5493,92.9207,1501,ok
16,8,257,grid,bf16,103.5310,14.0513,89.4797,1193,ok
192,32,1,grid,bf16,103.0900,14.0037,89.0863,573,ok
4,128,192,grid,bf16,107.5600,12.4155,95.1445,771,ok
1024,1536,127,grid,bf16,109.2900,18.6683,90.6217,16871,ok
8,2048,257,grid,bf16,104.1490,13.9165,90.2325,18719,ok
9,5370,24,random,bf16,104.2000,15.3271,88.8729,16421,ok
1,129,127,grid,bf16,103.1200,14.6377,88.4823,765,ok
384,384,512,grid,bf16,105.9000,14.1887,91.7113,9191,ok
1,520,64,wide_output,bf16,104.2400,14.8737,89.3664,1914,ok
4,8,1024,grid,bf16,103.2600,13.8533,89.4066,3087,ok
4096,384,384,grid,bf16,113.4200,19.4297,93.9903,40301,ok
107,57,82,random,bf16,105.5800,15.3516,90.2285,488,ok
2,384,256,grid,bf16,102.8600,12.7501,90.1099,2303,ok
127,384,127,grid,bf16,105.6200,13.7824,91.8376,1526,ok
4,48,36,random,bf16,104.5500,13.8129,90.7371,385,ok
272,46,247,random,bf16,103.0600,12.8404,90.2197,1307,ok
4096,192,64,grid,bf16,105.8300,15.6601,90.1698,8955,ok
384,512,32,grid,bf16,103.6590,13.0097,90.6493,3063,ok
8,4104,8,fat,bf16,103.5500,14.6672,88.8829,12869,ok
512,129,1024,grid,bf16,105.8100,14.3522,91.4578,14303,ok
4,129,2,grid,bf16,104.3300,13.3546,90.9753,771,ok
1,257,64,wide_output,bf16,103.8500,13.3292,90.5208,1148,ok
2,5,111,random,bf16,106.4200,13.4560,92.9640,383,ok
768,384,256,grid,bf16,105.5800,14.7203,90.8596,6899,ok
384,256,16,grid,bf16,102.6100,13.7748,88.8352,1531,ok
256,768,128,grid,bf16,105.4700,12.8777,92.5923,3827,ok
512,129,4,grid,bf16,107.2100,13.2379,93.9721,1787,ok
257,4096,127,grid,bf16,106.8200,15.9261,90.8939,20447,ok
4096,2,192,grid,bf16,104.3590,15.5112,88.8478,8955,ok
1,1088,64,wide_output,bf16,105.3100,16.1192,89.1908,3446,ok
16,64,4,grid,bf16,103.5900,13.8914,89.6985,397,ok
1024,4,4,grid,bf16,102.6300,13.1501,89.4799,1405,ok
6,33,25,random,bf16,103.7800,13.1199,90.6601,387,ok
2048,129,192,grid,bf16,103.9710,13.7493,90.2217,9719,ok
8193,16,16,tall,bf16,105.7700,14.5865,91.1835,8574,ok
1,4223,16,gemv_wideN,bf16,103.1600,14.0339,89.1261,12638,ok
4096,1,256,grid,bf16,107.2500,22.3540,84.8960,8955,ok
128,512,1536,grid,bf16,106.1200,15.2650,90.8550,24479,ok
64,4096,1,grid,bf16,104.8700,14.2495,90.6205,14271,ok
8,192,64,grid,bf16,105.8000,13.2789,92.5211,779,ok
2048,2048,1536,grid,bf16,158.7100,66.6948,92.0152,466559,ok
115,1772,82,random,bf16,106.5000,13.3295,93.1705,6957,ok
16,96,32,grid,bf16,104.4700,12.8258,91.6442,397,ok
1024,96,768,grid,bf16,106.4800,15.6589,90.8211,8435,ok
4,16,257,grid,bf16,104.2800,12.4169,91.8631,1157,ok
32,96,768,grid,bf16,104.2100,17.8184,86.3916,2483,ok
1289,18,61,random,bf16,106.8400,15.0488,91.7912,1670,ok
1,64,192,grid,bf16,105.6000,14.7923,90.8077,765,ok
16,2112,16,fat,bf16,102.6910,13.1306,89.5604,6765,ok
8,8193,64,wide_output,bf16,104.7100,13.3908,91.3192,25349,ok
4160,128,128,tall,bf16,104.3400,15.7009,88.6390,4541,ok
65,312,78,random,bf16,104.6800,13.7404,90.9397,1340,ok
512,96,64,grid,bf16,104.7700,13.6112,91.1588,893,ok
384,1,128,grid,bf16,104.1300,13.1311,90.9989,765,ok
192,192,8,grid,bf16,103.4900,13.1798,90.3102,1147,ok
4,8,32,grid,bf16,104.7200,13.3058,91.4142,385,ok
5379,76,17,random,bf16,104.5600,14.1568,90.4032,5760,ok
64,545,64,fat,bf16,103.5890,12.8230,90.7660,2229,ok
2,96,768,grid,bf16,104.5690,13.7186,90.8505,2303,ok
96,256,4,grid,bf16,102.8800,14.1316,88.7484,955,ok
2048,2048,2,grid,bf16,114.8000,25.2514,89.5486,38879,ok
1024,8,512,grid,bf16,103.1600,14.3632,88.7968,5623,ok
512,512,8,grid,bf16,104.6500,14.9212,89.7288,3575,ok
681,5,4096,random,bf16,105.7110,15.4925,90.2185,34015,ok
192,512,256,grid,bf16,104.7600,13.3274,91.4326,4591,ok
129,96,1536,grid,bf16,105.1300,13.3072,91.8227,6131,ok
32,192,256,grid,bf16,103.9700,12.4720,91.4980,1655,ok
301,781,4,random,bf16,106.0400,14.6372,91.4028,4780,ok
128,256,64,wide_output,bf16,105.8400,13.7866,92.0535,1019,ok
4096,96,512,grid,bf16,106.3090,16.4243,89.8847,17911,ok
384,4,128,grid,bf16,105.1200,13.4248,91.6952,765,ok
768,257,512,grid,bf16,105.6100,14.5115,91.0985,13799,ok
16,16,2056,deepK,bf16,105.5500,14.8935,90.6565,6765,ok
16,768,384,grid,bf16,102.3500,12.9135,89.4365,7163,ok
3280,546,2166,random,bf16,138.9500,47.9509,90.9991,311269,ok
256,256,256,tall,bf16,104.5500,13.0419,91.5081,2551,ok
32,256,2,grid,bf16,103.8800,13.6443,90.2357,827,ok
256,256,2056,deepK,bf16,106.6700,15.5274,91.1426,21691,ok
1024,96,512,grid,bf16,105.4600,14.0400,91.4200,5623,ok
4096,1536,64,grid,bf16,116.8910,27.1133,89.7777,53735,ok
127,384,256,grid,bf16,105.1200,13.5822,91.5378,3053,ok
768,768,257,grid,bf16,107.4500,15.9493,91.5007,20699,ok
256,2048,256,grid,bf16,108.0100,14.6658,93.3442,20415,ok
4096,129,4096,grid,bf16,125.7100,34.7200,90.9900,286591,ok
1024,8,8,tall,bf16,104.8700,13.7507,91.1193,1405,ok
2,64,127,grid,bf16,104.0000,12.4104,91.5896,383,ok
4104,16,16,tall,bf16,107.6900,12.8865,94.8035,4485,ok
1,608,64,wide_output,bf16,104.4000,13.0999,91.3002,1914,ok
7,245,147,random,bf16,105.8700,12.4695,93.4005,1555,ok
4,384,32,grid,bf16,103.4299,12.3670,91.0630,1157,ok
1536,768,2048,grid,bf16,126.5100,34.9142,91.5959,184127,ok
768,257,4,grid,bf16,105.6490,14.3216,91.3274,3449,ok
2,257,2048,grid,bf16,105.0490,14.3362,90.7128,18431,ok
2,1,32,grid,bf16,106.3800,15.6439,90.7361,383,ok
192,8,1,grid,bf16,104.0200,13.4258,90.5942,573,ok
30,163,21,random,bf16,104.1200,13.6854,90.4346,823,ok
608,8,8,tall,bf16,105.8500,12.7862,93.0638,989,ok
384,2048,2048,grid,bf16,122.6400,26.6844,95.9556,196095,ok
1,384,192,grid,bf16,109.2700,15.2529,94.0171,2297,ok
8,2175,8,fat,bf16,108.2200,14.0594,94.1606,6629,ok
4096,16,129,grid,bf16,110.7300,13.7402,96.9898,8955,ok
8,4192,8,fat,bf16,109.8600,13.4741,96.3859,12869,ok
8,1536,1536,grid,bf16,112.1200,15.1676,96.9524,56159,ok
42,2,31,random,bf16,111.4300,13.9708,97.4592,423,ok
16,2048,4096,grid,bf16,113.4100,16.9307,96.4793,203775,ok
264,256,256,tall,bf16,109.9500,13.9315,96.0184,2583,ok
64,192,4,grid,bf16,109.3600,12.9016,96.4584,891,ok
127,128,1536,grid,bf16,109.8000,14.3757,95.4243,6107,ok
2056,2048,64,thinK,bf16,122.0300,24.9961,97.0340,39007,ok
384,96,4,grid,bf16,108.9800,13.8062,95.1738,765,ok
2,384,768,grid,bf16,110.0600,13.5655,96.4946,6911,ok
129,8,384,grid,bf16,108.7690,12.7976,95.9714,1532,ok
36,2,22,random,bf16,109.1300,12.4799,96.6501,417,ok
384,1,1536,grid,bf16,111.6700,17.1864,94.4836,9191,ok
256,8319,64,wide_output,bf16,116.8290,19.4205,97.4085,41469,ok
384,257,2,grid,bf16,111.2000,13.5710,97.6291,2297,ok
8225,128,128,tall,bf16,112.7910,16.5157,96.2753,8606,ok
14,6,5,random,bf16,108.9100,16.4209,92.4892,395,ok
256,2048,129,grid,bf16,112.2200,15.7758,96.4442,20415,ok
3920,51,49,random,bf16,111.1800,16.1128,95.0672,4301,ok
64,4096,2,grid,bf16,109.7000,13.6647,96.0352,14271,ok
257,1,1,grid,bf16,106.6100,11.8766,94.7334,638,ok
4,129,127,grid,bf16,108.9500,14.7318,94.2182,771,ok
1024,128,1,grid,bf16,110.0700,13.8325,96.2375,1405,ok
42,68,34,random,bf16,110.3300,13.3600,96.9700,423,ok
257,8,384,grid,bf16,112.2800,12.7896,99.4903,1916,ok
64,4,384,grid,bf16,110.4800,14.3967,96.0833,1337,ok
3,4036,9,random,bf16,108.7200,12.6050,96.1150,12319,ok
192,257,127,grid,bf16,114.4400,12.7500,101.6900,1721,ok
256,4,257,grid,bf16,109.7500,12.6688,97.0812,1913,ok
64,256,2048,grid,bf16,111.6710,14.1097,97.5613,14271,ok
2,64,129,grid,bf16,110.4900,13.2796,97.2103,767,ok
2,384,127,grid,bf16,111.3200,13.3552,97.9648,1151,ok
129,64,1,grid,bf16,109.3801,15.6675,93.7126,510,ok
256,4096,32,grid,bf16,113.7500,15.9461,97.8039,20415,ok
2246,1514,3,random,bf16,118.0600,21.8862,96.1738,31535,ok
5,31,420,random,bf16,110.2500,12.2387,98.0113,1547,ok
2296,901,1509,random,bf16,140.5600,41.3135,99.2466,257087,ok
16,1057,16,fat,bf16,111.1000,15.4358,95.6641,3581,ok
16,96,2048,grid,bf16,112.5800,15.4210,97.1590,6367,ok
257,512,32,grid,bf16,108.8800,14.0451,94.8349,2555,ok
8,8256,64,wide_output,bf16,110.5800,14.2401,96.3399,25349,ok
1,5126,7,random,bf16,108.6490,14.1381,94.5109,15702,ok
1024,64,128,grid,bf16,110.3600,13.8622,96.4978,1405,ok
64,768,64,grid,bf16,111.3900,13.7581,97.6319,2675,ok
1243,762,126,random,bf16,112.3800,15.7674,96.6126,9749,ok
16,3343,143,random,bf16,109.4500,13.3480,96.1020,21491,ok
64,4096,384,grid,bf16,109.9700,15.4186,94.5514,42815,ok
4096,128,384,grid,bf16,110.7700,16.5798,94.1902,13433,ok
192,768,96,grid,bf16,107.9100,14.0499,93.8601,3443,ok
384,1536,1536,grid,bf16,119.3900,22.3558,97.0342,110303,ok
1,1,352,deepK,bf16,108.5900,15.5027,93.0873,1148,ok
512,8,16,grid,bf16,108.4800,14.7395,93.7405,893,ok
768,16,2,grid,bf16,120.4400,11.4531,108.9869,1149,ok
2048,256,4,grid,bf16,110.4090,17.4219,92.9871,4859,ok
4096,96,127,grid,bf16,109.7400,14.6223,95.1177,4477,ok
1024,256,2,grid,bf16,111.1300,14.5483,96.5817,2811,ok
127,4096,64,grid,bf16,108.8700,15.4247,93.4452,16287,ok
4096,4096,1,grid,bf16,147.0700,47.9038,99.1662,143295,ok
1024,4096,1,grid,bf16,118.0200,23.9388,94.0812,44991,ok
2,620,1,random,bf16,108.1100,12.2401,95.8698,1919,ok
1,32,64,grid,bf16,106.3100,11.0323,95.2777,382,ok
257,2,96,grid,bf16,106.3090,10.8888,95.4202,638,ok
2433,288,101,random,bf16,113.1000,19.7594,93.3406,8444,ok
1,4223,64,wide_output,bf16,109.8800,13.6947,96.1853,12638,ok
31,334,955,random,bf16,109.7300,12.0963,97.6337,9911,ok
256,256,8,grid,bf16,109.1400,10.9502,98.1898,1275,ok
129,2,257,grid,bf16,109.5490,14.3941,95.1550,1532,ok
192,8,129,grid,bf16,107.6000,11.9782,95.6218,1147,ok
257,16,257,grid,bf16,108.7800,12.5554,96.2247,1916,ok
14,501,49,random,bf16,108.0900,14.5278,93.5622,1583,ok
512,384,192,grid,bf16,114.2800,14.6901,99.5899,5363,ok
384,1536,2,grid,bf16,111.9290,14.3733,97.5557,9191,ok
64,129,64,grid,bf16,112.9700,16.9229,96.0471,891,ok
128,2048,1536,grid,bf16,113.1200,19.5218,93.5982,97919,ok
96,127,1536,grid,bf16,110.9100,15.3412,95.5688,5735,ok
2,4096,384,grid,bf16,110.2500,15.3875,94.8625,36863,ok
257,128,192,grid,bf16,109.0100,12.3821,96.6279,1277,ok
188,705,106,random,bf16,108.0310,13.2157,94.8153,3419,ok
64,1536,1024,grid,bf16,109.2200,14.8142,94.4058,42815,ok
768,768,2048,grid,bf16,120.9600,22.8905,98.0695,110399,ok
4989,37,56,random,bf16,109.2600,11.3273,97.9328,5370,ok
2,4,5105,random,bf16,109.5300,13.3757,96.1543,15359,ok
1198,460,6290,random,bf16,141.1600,46.5255,94.6345,315999,ok
2,2048,257,grid,bf16,107.0400,13.8722,93.1678,18431,ok
64,64,2175,deepK,bf16,108.8400,12.5802,96.2598,7581,ok
6,234,121,random,bf16,108.1600,11.7568,96.4032,775,ok
384,192,4096,grid,bf16,114.2290,16.7857,97.4432,49023,ok
3036,8,140,random,bf16,109.5900,15.5400,94.0500,6835,ok
1024,96,96,grid,bf16,109.2000,11.7233,97.4767,1405,ok
256,520,64,wide_output,bf16,108.3700,14.2309,94.1390,3189,ok
19,6170,4150,random,bf16,126.5500,33.9430,92.6070,648416,ok
2103,760,282,random,bf16,115.1310,20.7032,94.4278,44729,ok
443,2035,22,random,bf16,112.7900,14.2773,98.5127,13199,ok
2,986,1143,random,bf16,109.6800,13.9129,95.7671,27647,ok
1536,512,129,grid,bf16,111.2500,19.2898,91.9603,15343,ok
4,4096,127,grid,bf16,113.4100,14.1602,99.2498,12351,ok
32,1024,64,grid,bf16,109.7400,13.4393,96.3007,3311,ok
4,3845,125,random,bf16,110.1100,11.4227,98.6873,11965,ok
246,3741,6063,random,bf16,158.2800,59.6498,98.6302,904319,ok
16,32,256,grid,bf16,111.2500,14.0442,97.2058,795,ok
352,8,8,tall,bf16,107.3800,11.6866,95.6935,733,ok
96,257,16,grid,bf16,109.3490,14.1551,95.1939,1433,ok
192,8,16,grid,bf16,109.2300,13.2112,96.0188,573,ok
64,16,8,grid,bf16,110.2900,12.7481,97.5419,445,ok
4096,192,16,grid,bf16,111.7800,16.8741,94.9060,8955,ok
2048,129,1536,grid,bf16,114.6890,28.2198,86.4692,58319,ok
128,8,4096,grid,bf16,108.8310,19.3830,89.4481,16319,ok
192,129,1536,grid,bf16,110.2500,16.9675,93.2825,13775,ok
256,32,16,grid,bf16,108.5100,12.5113,95.9987,637,ok
28,7383,10,random,bf16,110.6510,12.7033,97.9477,23779,ok
1,768,256,grid,bf16,109.8500,14.7697,95.0802,4595,ok
128,257,1,grid,bf16,107.6300,11.0169,96.6131,1529,ok
1536,1024,64,grid,bf16,112.0800,15.1926,96.8874,15343,ok
127,129,4,grid,bf16,109.5700,16.4694,93.1006,1017,ok
4157,2,3,random,bf16,109.8300,14.2413,95.5887,4538,ok
